[2026-01-20 21:19:40,350] INFO: Found 15686 areas to scan
[2026-01-20 21:19:40,366] INFO: Worker 0 scanning area Россия (113)
[2026-01-20 21:19:40,366] INFO: Worker 1 scanning area Республика Марий Эл (1620)
[2026-01-20 21:19:40,367] INFO: Worker 2 scanning area Виловатово (4228)
[2026-01-20 21:19:40,367] INFO: Worker 3 scanning area Волжск (1621)
[2026-01-20 21:19:40,367] INFO: Worker 4 scanning area Звенигово (1622)
[2026-01-20 21:19:40,369] INFO: Worker 5 scanning area Знаменский (4229)
[2026-01-20 21:19:40,369] INFO: Worker 6 scanning area Йошкар-Ола (61)
[2026-01-20 21:19:40,370] INFO: Worker 7 scanning area Кельмаксола (4230)
[2026-01-20 21:19:41,225] INFO: Splitting range 2000-01-01-2026-01-20 into 2000-01-01-2013-01-10 and 2013-01-11-2026-01-20 (found=722503)
[2026-01-20 21:19:42,186] INFO: Worker 2 finished area Виловатово; total collected 2
[2026-01-20 21:19:42,186] INFO: Worker 2 scanning area Килемары (4231)
[2026-01-20 21:19:42,246] INFO: Worker 7 finished area Кельмаксола; total collected 3
[2026-01-20 21:19:42,246] INFO: Worker 7 scanning area Козьмодемьянск (1623)
[2026-01-20 21:19:42,427] INFO: Worker 5 finished area Знаменский; total collected 7
[2026-01-20 21:19:42,427] INFO: Worker 5 scanning area Красногорский (Республика Марий Эл) (4232)
[2026-01-20 21:19:42,807] INFO: Splitting range 2013-01-11-2026-01-20 into 2013-01-11-2019-07-17 and 2019-07-18-2026-01-20 (found=722503)
[2026-01-20 21:19:43,925] ERROR: Unexpected status 403 for https://api.hh.ru/vacancies/129474359: {"errors":[{"value":"captcha_required","captcha_url":"https://hh.ru/account/captcha?state=pxvcxBozfu7ry7R4QCetFmUA3SFZr_Pa4yXPQEusAiQIVW2lajVtNll6OObEQw_9kbOPkbKbHHm7t-XIJMQfyD3sExK5N0vUgqYcc1lL9wjEhY
[2026-01-20 21:19:43,934] ERROR: Unexpected status 403 for https://api.hh.ru/vacancies/129582184: {"errors":[{"value":"captcha_required","captcha_url":"https://hh.ru/account/captcha?state=pxvcxBozfu7ry7R4QCetFmUA3SFZr_Pa4yXPQEusAiQIVW2lajVtNll6OObEQw_9kbOPkbKbHHm7t-XIJMQfyBsuwtbznQ6OJtrb7sPqon32op
[2026-01-20 21:19:43,948] ERROR: Unexpected status 403 for https://api.hh.ru/vacancies/129572826: {"errors":[{"value":"captcha_required","captcha_url":"https://hh.ru/account/captcha?state=pxvcxBozfu7ry7R4QCetFmUA3SFZr_Pa4yXPQEusAiQIVW2lajVtNll6OObEQw_9kbOPkbKbHHm7t-XIJMQfyIZsEZcQqauDz27GNrH0ds8WPk
[2026-01-20 21:19:43,955] ERROR: Unexpected status 403 for https://api.hh.ru/vacancies/128605156: {"errors":[{"value":"captcha_required","captcha_url":"https://hh.ru/account/captcha?state=pxvcxBozfu7ry7R4QCetFmUA3SFZr_Pa4yXPQEusAiQIVW2lajVtNll6OObEQw_9kbOPkbKbHHm7t-XIJMQfyCOonS4acKme9yEwIDNBBPmOo6
[2026-01-20 21:19:44,007] ERROR: Unexpected status 403 for https://api.hh.ru/vacancies/128972777: {"errors":[{"value":"captcha_required","captcha_url":"https://hh.ru/account/captcha?state=pxvcxBozfu7ry7R4QCetFmUA3SFZr_Pa4yXPQEusAiQIVW2lajVtNll6OObEQw_9kbOPkbKbHHm7t-XIJMQfyNuF8yRPP_huBg76eMrrwJnhcm
[2026-01-20 21:19:44,011] ERROR: Unexpected status 403 for https://api.hh.ru/vacancies/129514057: {"errors":[{"value":"captcha_required","captcha_url":"https://hh.ru/account/captcha?state=pxvcxBozfu7ry7R4QCetFmUA3SFZr_Pa4yXPQEusAiQIVW2lajVtNll6OObEQw_9kbOPkbKbHHm7t-XIJMQfyMocqKvTHq1TNg2vTZWwCN1S-6
[2026-01-20 21:19:44,026] ERROR: Unexpected status 403 for https://api.hh.ru/vacancies/129270749: {"errors":[{"value":"captcha_required","captcha_url":"https://hh.ru/account/captcha?state=pxvcxBozfu7ry7R4QCetFmUA3SFZr_Pa4yXPQEusAiQIVW2lajVtNll6OObEQw_9kbOPkbKbHHm7t-XIJMQfyJgbBu31slcAoH7VCOjyQ5O0Tf
[2026-01-20 21:19:44,029] ERROR: Unexpected status 403 for https://api.hh.ru/vacancies/128324395: {"errors":[{"value":"captcha_required","captcha_url":"https://hh.ru/account/captcha?state=pxvcxBozfu7ry7R4QCetFmUA3SFZr_Pa4yXPQEusAiQIVW2lajVtNll6OObEQw_9kbOPkbKbHHm7t-XIJMQfyEYYi6qcnkM-djAU98MGwi5tmA
[2026-01-20 21:19:44,042] ERROR: Unexpected status 403 for https://api.hh.ru/vacancies/129632788: {"errors":[{"value":"captcha_required","captcha_url":"https://hh.ru/account/captcha?state=pxvcxBozfu7ry7R4QCetFmUA3SFZr_Pa4yXPQEusAiQIVW2lajVtNll6OObEQw_9kbOPkbKbHHm7t-XIJMQfyGOEnX3nYo1apCemnRrltIjBfZ
[2026-01-20 21:19:44,046] ERROR: Unexpected status 403 for https://api.hh.ru/vacancies/129510194: {"errors":[{"value":"captcha_required","captcha_url":"https://hh.ru/account/captcha?state=pxvcxBozfu7ry7R4QCetFmUA3SFZr_Pa4yXPQEusAiQIVW2lajVtNll6OObEQw_9kbOPkbKbHHm7t-XIJMQfyCaimLy0kkzj3gRRe4MHcylQAP
[2026-01-20 21:19:44,054] ERROR: Unexpected status 403 for https://api.hh.ru/vacancies/129470274: {"errors":[{"value":"captcha_required","captcha_url":"https://hh.ru/account/captcha?state=pxvcxBozfu7ry7R4QCetFmUA3SFZr_Pa4yXPQEusAiQIVW2lajVtNll6OObEQw_9kbOPkbKbHHm7t-XIJMQfyJBLhRbs-7bzbIK4D-Ti8tFf_y
[2026-01-20 21:19:44,062] ERROR: Unexpected status 403 for https://api.hh.ru/vacancies/129352490: {"errors":[{"value":"captcha_required","captcha_url":"https://hh.ru/account/captcha?state=pxvcxBozfu7ry7R4QCetFmUA3SFZr_Pa4yXPQEusAiQIVW2lajVtNll6OObEQw_9kbOPkbKbHHm7t-XIJMQfyJawwlfssw5K7vhboC86BQZ7UQ
[2026-01-20 21:19:44,065] ERROR: Unexpected status 403 for https://api.hh.ru/vacancies/129602001: {"errors":[{"value":"captcha_required","captcha_url":"https://hh.ru/account/captcha?state=pxvcxBozfu7ry7R4QCetFmUA3SFZr_Pa4yXPQEusAiQIVW2lajVtNll6OObEQw_9kbOPkbKbHHm7t-XIJMQfyD4oQfQGBvfJQUXFFSqwUaynSp
[2026-01-20 21:19:44,076] ERROR: Unexpected status 403 for https://api.hh.ru/vacancies/128098028: {"errors":[{"value":"captcha_required","captcha_url":"https://hh.ru/account/captcha?state=pxvcxBozfu7ry7R4QCetFmUA3SFZr_Pa4yXPQEusAiQIVW2lajVtNll6OObEQw_9kbOPkbKbHHm7t-XIJMQfyOZx7afJ2OTpgZhFVQ-sHpMM0D
[2026-01-20 21:19:44,085] ERROR: Unexpected status 403 for https://api.hh.ru/vacancies/129489175: {"errors":[{"value":"captcha_required","captcha_url":"https://hh.ru/account/captcha?state=pxvcxBozfu7ry7R4QCetFmUA3SFZr_Pa4yXPQEusAiQIVW2lajVtNll6OObEQw_9kbOPkbKbHHm7t-XIJMQfyNnngVm1tTUxDrm5P7UinKdj6d
[2026-01-20 21:19:44,089] ERROR: Unexpected status 403 for https://api.hh.ru/vacancies/129633976: {"errors":[{"value":"captcha_required","captcha_url":"https://hh.ru/account/captcha?state=pxvcxBozfu7ry7R4QCetFmUA3SFZr_Pa4yXPQEusAiQIVW2lajVtNll6OObEQw_9kbOPkbKbHHm7t-XIJMQfyIZ6aj8PNyoe8edCRqC9XUaDRB
[2026-01-20 21:19:44,091] ERROR: Unexpected status 403 for https://api.hh.ru/vacancies/128612305: {"errors":[{"value":"captcha_required","captcha_url":"https://hh.ru/account/captcha?state=pxvcxBozfu7ry7R4QCetFmUA3SFZr_Pa4yXPQEusAiQIVW2lajVtNll6OObEQw_9kbOPkbKbHHm7t-XIJMQfyOaiN2xLEasgTbJRSrXvmoxbTK
[2026-01-20 21:19:44,098] ERROR: Unexpected status 403 for https://api.hh.ru/vacancies/128854845: {"errors":[{"value":"captcha_required","captcha_url":"https://hh.ru/account/captcha?state=pxvcxBozfu7ry7R4QCetFmUA3SFZr_Pa4yXPQEusAiQIVW2lajVtNll6OObEQw_9kbOPkbKbHHm7t-XIJMQfyKjFNE-Pq-MscAghgXZoqNdk1E
[2026-01-20 21:19:44,098] ERROR: Unexpected status 403 for https://api.hh.ru/vacancies/129598384: {"errors":[{"value":"captcha_required","captcha_url":"https://hh.ru/account/captcha?state=pxvcxBozfu7ry7R4QCetFmUA3SFZr_Pa4yXPQEusAiQIVW2lajVtNll6OObEQw_9kbOPkbKbHHm7t-XIJMQfyNpCfUNiHEdH8E40fIbUHNs88m
[2026-01-20 21:19:44,102] ERROR: Unexpected status 403 for https://api.hh.ru/vacancies/129259671: {"errors":[{"value":"captcha_required","captcha_url":"https://hh.ru/account/captcha?state=pxvcxBozfu7ry7R4QCetFmUA3SFZr_Pa4yXPQEusAiQIVW2lajVtNll6OObEQw_9kbOPkbKbHHm7t-XIJMQfyOdzOR1ec55bYZW4hCJ6ZKqkyl
[2026-01-20 21:19:44,104] INFO: Worker 4 finished area Звенигово; total collected 117
[2026-01-20 21:19:44,104] INFO: Worker 4 scanning area Краснооктябрьский (4233)
[2026-01-20 21:19:44,124] ERROR: Unexpected status 403 for https://api.hh.ru/vacancies/129449829: {"errors":[{"value":"captcha_required","captcha_url":"https://hh.ru/account/captcha?state=pxvcxBozfu7ry7R4QCetFmUA3SFZr_Pa4yXPQEusAiQIVW2lajVtNll6OObEQw_9kbOPkbKbHHm7t-XIJMQfyBqb5jPOU_efY6j1S2Xe0KS_rQ
[2026-01-20 21:19:44,139] ERROR: Unexpected status 403 for https://api.hh.ru/vacancies/127103470: {"errors":[{"value":"captcha_required","captcha_url":"https://hh.ru/account/captcha?state=pxvcxBozfu7ry7R4QCetFmUA3SFZr_Pa4yXPQEusAiQIVW2lajVtNll6OObEQw_9kbOPkbKbHHm7t-XIJMQfyHqZ8ULumkyx5Z14ealpG-Jufx
[2026-01-20 21:19:44,145] ERROR: Unexpected status 403 for https://api.hh.ru/vacancies/129363922: {"errors":[{"value":"captcha_required","captcha_url":"https://hh.ru/account/captcha?state=pxvcxBozfu7ry7R4QCetFmUA3SFZr_Pa4yXPQEusAiQIVW2lajVtNll6OObEQw_9kbOPkbKbHHm7t-XIJMQfyEpA2UE7foWb-uEREpbr_Xam5D
[2026-01-20 21:19:44,146] ERROR: Unexpected status 403 for https://api.hh.ru/vacancies/129309456: {"errors":[{"value":"captcha_required","captcha_url":"https://hh.ru/account/captcha?state=pxvcxBozfu7ry7R4QCetFmUA3SFZr_Pa4yXPQEusAiQIVW2lajVtNll6OObEQw_9kbOPkbKbHHm7t-XIJMQfyII4Qo_UdFPL1F77Kw_DmrRT7a
[2026-01-20 21:19:44,147] ERROR: Unexpected status 403 for https://api.hh.ru/vacancies/129415035: {"errors":[{"value":"captcha_required","captcha_url":"https://hh.ru/account/captcha?state=pxvcxBozfu7ry7R4QCetFmUA3SFZr_Pa4yXPQEusAiQIVW2lajVtNll6OObEQw_9kbOPkbKbHHm7t-XIJMQfyAL9doP7wjryW_Y5NcYo08dhAp
[2026-01-20 21:19:44,150] ERROR: Unexpected status 403 for https://api.hh.ru/vacancies/128080441: {"errors":[{"value":"captcha_required","captcha_url":"https://hh.ru/account/captcha?state=pxvcxBozfu7ry7R4QCetFmUA3SFZr_Pa4yXPQEusAiQIVW2lajVtNll6OObEQw_9kbOPkbKbHHm7t-XIJMQfyMby1537ZDsqUM_Y_ECToD9RL7
[2026-01-20 21:19:44,156] ERROR: Unexpected status 403 for https://api.hh.ru/vacancies/129475124: {"errors":[{"value":"captcha_required","captcha_url":"https://hh.ru/account/captcha?state=pxvcxBozfu7ry7R4QCetFmUA3SFZr_Pa4yXPQEusAiQIVW2lajVtNll6OObEQw_9kbOPkbKbHHm7t-XIJMQfyKdDNXs0HvBB_YTsTm0DSyqhw-
[2026-01-20 21:19:44,169] ERROR: Unexpected status 403 for https://api.hh.ru/vacancies/129162810: {"errors":[{"value":"captcha_required","captcha_url":"https://hh.ru/account/captcha?state=pxvcxBozfu7ry7R4QCetFmUA3SFZr_Pa4yXPQEusAiQIVW2lajVtNll6OObEQw_9kbOPkbKbHHm7t-XIJMQfyGmkct0OkWXZy2-DA0Di2Ti3Zr
[2026-01-20 21:19:44,173] ERROR: Unexpected status 403 for https://api.hh.ru/vacancies/129598336: {"errors":[{"value":"captcha_required","captcha_url":"https://hh.ru/account/captcha?state=pxvcxBozfu7ry7R4QCetFmUA3SFZr_Pa4yXPQEusAiQIVW2lajVtNll6OObEQw_9kbOPkbKbHHm7t-XIJMQfyKRg2B_Xuluu4u8rPUxRRQlJsn
[2026-01-20 21:19:44,202] ERROR: Unexpected status 403 for https://api.hh.ru/vacancies/128939980: {"errors":[{"value":"captcha_required","captcha_url":"https://hh.ru/account/captcha?state=pxvcxBozfu7ry7R4QCetFmUA3SFZr_Pa4yXPQEusAiQIVW2lajVtNll6OObEQw_9kbOPkbKbHHm7t-XIJMQfyIPYn6kQ6GBZitQsQ1mjD7zali
[2026-01-20 21:19:44,207] ERROR: Unexpected status 403 for https://api.hh.ru/vacancies/128936265: {"errors":[{"value":"captcha_required","captcha_url":"https://hh.ru/account/captcha?state=pxvcxBozfu7ry7R4QCetFmUA3SFZr_Pa4yXPQEusAiQIVW2lajVtNll6OObEQw_9kbOPkbKbHHm7t-XIJMQfyKBhQ5EV2v8R6vkQg2-Bg5EWY6
[2026-01-20 21:19:44,207] ERROR: Unexpected status 403 for https://api.hh.ru/vacancies/127698295: {"errors":[{"value":"captcha_required","captcha_url":"https://hh.ru/account/captcha?state=pxvcxBozfu7ry7R4QCetFmUA3SFZr_Pa4yXPQEusAiQIVW2lajVtNll6OObEQw_9kbOPkbKbHHm7t-XIJMQfyM9BojreAXxFGLAcJxxgpgXSdU
[2026-01-20 21:19:44,212] ERROR: Unexpected status 403 for https://api.hh.ru/vacancies/129452178: {"errors":[{"value":"captcha_required","captcha_url":"https://hh.ru/account/captcha?state=pxvcxBozfu7ry7R4QCetFmUA3SFZr_Pa4yXPQEusAiQIVW2lajVtNll6OObEQw_9kbOPkbKbHHm7t-XIJMQfyDifParXDw2lMOqUqYaiFk829g
[2026-01-20 21:19:44,213] ERROR: Unexpected status 403 for https://api.hh.ru/vacancies/129282795: {"errors":[{"value":"captcha_required","captcha_url":"https://hh.ru/account/captcha?state=pxvcxBozfu7ry7R4QCetFmUA3SFZr_Pa4yXPQEusAiQIVW2lajVtNll6OObEQw_9kbOPkbKbHHm7t-XIJMQfyPGAZV4tOehaz534_WzuLsMWju
[2026-01-20 21:19:44,223] ERROR: Unexpected status 403 for https://api.hh.ru/vacancies/129393230: {"errors":[{"value":"captcha_required","captcha_url":"https://hh.ru/account/captcha?state=pxvcxBozfu7ry7R4QCetFmUA3SFZr_Pa4yXPQEusAiQIVW2lajVtNll6OObEQw_9kbOPkbKbHHm7t-XIJMQfyCaRv0uPoXTUm2m1r0tIa9QcIj
[2026-01-20 21:19:44,225] ERROR: Unexpected status 403 for https://api.hh.ru/vacancies/129266796: {"errors":[{"value":"captcha_required","captcha_url":"https://hh.ru/account/captcha?state=pxvcxBozfu7ry7R4QCetFmUA3SFZr_Pa4yXPQEusAiQIVW2lajVtNll6OObEQw_9kbOPkbKbHHm7t-XIJMQfyCZbA0tojz2_GiJ-2anXAT_zcC
[2026-01-20 21:19:44,231] ERROR: Unexpected status 403 for https://api.hh.ru/vacancies/129641784: {"errors":[{"value":"captcha_required","captcha_url":"https://hh.ru/account/captcha?state=pxvcxBozfu7ry7R4QCetFmUA3SFZr_Pa4yXPQEusAiQIVW2lajVtNll6OObEQw_9kbOPkbKbHHm7t-XIJMQfyDFlkS-H6HEdICBteSBJO7-3Xr
[2026-01-20 21:19:44,249] ERROR: Unexpected status 403 for https://api.hh.ru/vacancies/125279160: {"errors":[{"value":"captcha_required","captcha_url":"https://hh.ru/account/captcha?state=pxvcxBozfu7ry7R4QCetFmUA3SFZr_Pa4yXPQEusAiQIVW2lajVtNll6OObEQw_9kbOPkbKbHHm7t-XIJMQfyMy0zApZBA-nVtF-7u4VLznE4I
[2026-01-20 21:19:44,256] ERROR: Unexpected status 403 for https://api.hh.ru/vacancies/129502413: {"errors":[{"value":"captcha_required","captcha_url":"https://hh.ru/account/captcha?state=pxvcxBozfu7ry7R4QCetFmUA3SFZr_Pa4yXPQEusAiQIVW2lajVtNll6OObEQw_9kbOPkbKbHHm7t-XIJMQfyCYTHl_UoXErpmctuj9me57W1L
[2026-01-20 21:19:44,265] ERROR: Unexpected status 403 for https://api.hh.ru/vacancies/129521831: {"errors":[{"value":"captcha_required","captcha_url":"https://hh.ru/account/captcha?state=pxvcxBozfu7ry7R4QCetFmUA3SFZr_Pa4yXPQEusAiQIVW2lajVtNll6OObEQw_9kbOPkbKbHHm7t-XIJMQfyAP5a2kbM6b4iibwhHA-Srplsf
[2026-01-20 21:19:44,289] ERROR: Unexpected status 403 for https://api.hh.ru/vacancies/129551270: {"errors":[{"value":"captcha_required","captcha_url":"https://hh.ru/account/captcha?state=pxvcxBozfu7ry7R4QCetFmUA3SFZr_Pa4yXPQEusAiQIVW2lajVtNll6OObEQw_9kbOPkbKbHHm7t-XIJMQfyKqPbJKS54UTAlBsTHDMMQt62I
[2026-01-20 21:19:44,300] ERROR: Unexpected status 403 for https://api.hh.ru/vacancies/127168439: {"errors":[{"value":"captcha_required","captcha_url":"https://hh.ru/account/captcha?state=pxvcxBozfu7ry7R4QCetFmUA3SFZr_Pa4yXPQEusAiQIVW2lajVtNll6OObEQw_9kbOPkbKbHHm7t-XIJMQfyAxnGnq4Ve416VXlns05A25TV_
[2026-01-20 21:19:44,304] ERROR: Unexpected status 403 for https://api.hh.ru/vacancies/129038542: {"errors":[{"value":"captcha_required","captcha_url":"https://hh.ru/account/captcha?state=pxvcxBozfu7ry7R4QCetFmUA3SFZr_Pa4yXPQEusAiQIVW2lajVtNll6OObEQw_9kbOPkbKbHHm7t-XIJMQfyDKPyLZZ8-XbuqObAaFl9Hmcoc
[2026-01-20 21:19:44,317] ERROR: Unexpected status 403 for https://api.hh.ru/vacancies/128970218: {"errors":[{"value":"captcha_required","captcha_url":"https://hh.ru/account/captcha?state=pxvcxBozfu7ry7R4QCetFmUA3SFZr_Pa4yXPQEusAiQIVW2lajVtNll6OObEQw_9kbOPkbKbHHm7t-XIJMQfyJS_0XUzjrGJ0o2ogACCaaSyjP
[2026-01-20 21:19:44,341] ERROR: Unexpected status 403 for https://api.hh.ru/vacancies/129150961: {"errors":[{"value":"captcha_required","captcha_url":"https://hh.ru/account/captcha?state=pxvcxBozfu7ry7R4QCetFmUA3SFZr_Pa4yXPQEusAiQIVW2lajVtNll6OObEQw_9kbOPkbKbHHm7t-XIJMQfyIbKB6F95dVJfRBgLGxhbgxNsV
[2026-01-20 21:19:44,367] ERROR: Unexpected status 403 for https://api.hh.ru/vacancies/129296592: {"errors":[{"value":"captcha_required","captcha_url":"https://hh.ru/account/captcha?state=pxvcxBozfu7ry7R4QCetFmUA3SFZr_Pa4yXPQEusAiQIVW2lajVtNll6OObEQw_9kbOPkbKbHHm7t-XIJMQfyOYvUbuXDWdpqbxXOFYaih7mF6
[2026-01-20 21:19:44,372] ERROR: Unexpected status 403 for https://api.hh.ru/vacancies/128851676: {"errors":[{"value":"captcha_required","captcha_url":"https://hh.ru/account/captcha?state=pxvcxBozfu7ry7R4QCetFmUA3SFZr_Pa4yXPQEusAiQIVW2lajVtNll6OObEQw_9kbOPkbKbHHm7t-XIJMQfyKz4yAfmEQO5Ta5WoOJ8yNoSYP
[2026-01-20 21:19:44,373] ERROR: Unexpected status 403 for https://api.hh.ru/vacancies/128936567: {"errors":[{"value":"captcha_required","captcha_url":"https://hh.ru/account/captcha?state=pxvcxBozfu7ry7R4QCetFmUA3SFZr_Pa4yXPQEusAiQIVW2lajVtNll6OObEQw_9kbOPkbKbHHm7t-XIJMQfyKGdhIk04OWYbvm5KIXVMq65Mw
[2026-01-20 21:19:44,375] ERROR: Unexpected status 403 for https://api.hh.ru/vacancies/129371817: {"errors":[{"value":"captcha_required","captcha_url":"https://hh.ru/account/captcha?state=pxvcxBozfu7ry7R4QCetFmUA3SFZr_Pa4yXPQEusAiQIVW2lajVtNll6OObEQw_9kbOPkbKbHHm7t-XIJMQfyBJMaE24eEOeOzI-lnOGF3EgDq
[2026-01-20 21:19:44,380] ERROR: Unexpected status 403 for https://api.hh.ru/vacancies/127983839: {"errors":[{"value":"captcha_required","captcha_url":"https://hh.ru/account/captcha?state=pxvcxBozfu7ry7R4QCetFmUA3SFZr_Pa4yXPQEusAiQIVW2lajVtNll6OObEQw_9kbOPkbKbHHm7t-XIJMQfyNNLTHGoSqsbyscPzcsu2Nzz_J
[2026-01-20 21:19:44,419] ERROR: Unexpected status 403 for https://api.hh.ru/vacancies/129345209: {"errors":[{"value":"captcha_required","captcha_url":"https://hh.ru/account/captcha?state=pxvcxBozfu7ry7R4QCetFmUA3SFZr_Pa4yXPQEusAiQIVW2lajVtNll6OObEQw_9kbOPkbKbHHm7t-XIJMQfyJeKmqw1dfr8-tv9DcrSBCKR3h
[2026-01-20 21:19:44,420] ERROR: Unexpected status 403 for https://api.hh.ru/vacancies/128163061: {"errors":[{"value":"captcha_required","captcha_url":"https://hh.ru/account/captcha?state=pxvcxBozfu7ry7R4QCetFmUA3SFZr_Pa4yXPQEusAiQIVW2lajVtNll6OObEQw_9kbOPkbKbHHm7t-XIJMQfyOUcATfsPkDmnswWSKpy6GqZqY
[2026-01-20 21:19:44,424] ERROR: Unexpected status 403 for https://api.hh.ru/vacancies/128970060: {"errors":[{"value":"captcha_required","captcha_url":"https://hh.ru/account/captcha?state=pxvcxBozfu7ry7R4QCetFmUA3SFZr_Pa4yXPQEusAiQIVW2lajVtNll6OObEQw_9kbOPkbKbHHm7t-XIJMQfyC6Zfz60B--eTcS7OmRAIEpo6f
[2026-01-20 21:19:44,428] ERROR: Unexpected status 403 for https://api.hh.ru/vacancies/129602849: {"errors":[{"value":"captcha_required","captcha_url":"https://hh.ru/account/captcha?state=pxvcxBozfu7ry7R4QCetFmUA3SFZr_Pa4yXPQEusAiQIVW2lajVtNll6OObEQw_9kbOPkbKbHHm7t-XIJMQfyIrRZWRRbwOGXXlh3LQDYBvPQz
[2026-01-20 21:19:44,429] ERROR: Unexpected status 403 for https://api.hh.ru/vacancies/127864629: {"errors":[{"value":"captcha_required","captcha_url":"https://hh.ru/account/captcha?state=pxvcxBozfu7ry7R4QCetFmUA3SFZr_Pa4yXPQEusAiQIVW2lajVtNll6OObEQw_9kbOPkbKbHHm7t-XIJMQfyALEQgt6CoR-4HM2-VyW9CBh3h
[2026-01-20 21:19:44,447] ERROR: Unexpected status 403 for https://api.hh.ru/vacancies/123756385: {"errors":[{"value":"captcha_required","captcha_url":"https://hh.ru/account/captcha?state=pxvcxBozfu7ry7R4QCetFmUA3SFZr_Pa4yXPQEusAiQIVW2lajVtNll6OObEQw_9kbOPkbKbHHm7t-XIJMQfyGDcMUh1hiXx3Zj2bevcel9hoW
[2026-01-20 21:19:44,455] ERROR: Unexpected status 403 for https://api.hh.ru/vacancies/127704700: {"errors":[{"value":"captcha_required","captcha_url":"https://hh.ru/account/captcha?state=pxvcxBozfu7ry7R4QCetFmUA3SFZr_Pa4yXPQEusAiQIVW2lajVtNll6OObEQw_9kbOPkbKbHHm7t-XIJMQfyM0NJToEWTAdWw6j8uBq0nS1Lf
[2026-01-20 21:19:44,460] ERROR: Unexpected status 403 for https://api.hh.ru/vacancies/129011655: {"errors":[{"value":"captcha_required","captcha_url":"https://hh.ru/account/captcha?state=pxvcxBozfu7ry7R4QCetFmUA3SFZr_Pa4yXPQEusAiQIVW2lajVtNll6OObEQw_9kbOPkbKbHHm7t-XIJMQfyCstmd_bXXW7YpKOmN7g8qhSoJ
[2026-01-20 21:19:44,496] ERROR: Unexpected status 403 for https://api.hh.ru/vacancies/129230520: {"errors":[{"value":"captcha_required","captcha_url":"https://hh.ru/account/captcha?state=pxvcxBozfu7ry7R4QCetFmUA3SFZr_Pa4yXPQEusAiQIVW2lajVtNll6OObEQw_9kbOPkbKbHHm7t-XIJMQfyDHMEeRB1RvoFFUQZ14jFihgMb
[2026-01-20 21:19:44,497] ERROR: Unexpected status 403 for https://api.hh.ru/vacancies/129502858: {"errors":[{"value":"captcha_required","captcha_url":"https://hh.ru/account/captcha?state=pxvcxBozfu7ry7R4QCetFmUA3SFZr_Pa4yXPQEusAiQIVW2lajVtNll6OObEQw_9kbOPkbKbHHm7t-XIJMQfyO6YPRAtCaQJXzBu8iMxm0ECqH
[2026-01-20 21:19:44,503] ERROR: Unexpected status 403 for https://api.hh.ru/vacancies/129277051: {"errors":[{"value":"captcha_required","captcha_url":"https://hh.ru/account/captcha?state=pxvcxBozfu7ry7R4QCetFmUA3SFZr_Pa4yXPQEusAiQIVW2lajVtNll6OObEQw_9kbOPkbKbHHm7t-XIJMQfyIjbXbZEjggeW5vRDZN_ldkGQm
[2026-01-20 21:19:44,507] ERROR: Unexpected status 403 for https://api.hh.ru/vacancies/129401321: {"errors":[{"value":"captcha_required","captcha_url":"https://hh.ru/account/captcha?state=pxvcxBozfu7ry7R4QCetFmUA3SFZr_Pa4yXPQEusAiQIVW2lajVtNll6OObEQw_9kbOPkbKbHHm7t-XIJMQfyPCYpB9MweUKjsw47VMid28vGS
[2026-01-20 21:19:44,509] ERROR: Unexpected status 403 for https://api.hh.ru/vacancies/127448964: {"errors":[{"value":"captcha_required","captcha_url":"https://hh.ru/account/captcha?state=pxvcxBozfu7ry7R4QCetFmUA3SFZr_Pa4yXPQEusAiQIVW2lajVtNll6OObEQw_9kbOPkbKbHHm7t-XIJMQfyGqpzb_WyAn3oMIRZRGZR-nltW
[2026-01-20 21:19:44,510] ERROR: Unexpected status 403 for https://api.hh.ru/vacancies/128117149: {"errors":[{"value":"captcha_required","captcha_url":"https://hh.ru/account/captcha?state=pxvcxBozfu7ry7R4QCetFmUA3SFZr_Pa4yXPQEusAiQIVW2lajVtNll6OObEQw_9kbOPkbKbHHm7t-XIJMQfyKxGTcJ3r4gg6Mgu6mHk7Fw3Or
[2026-01-20 21:19:44,513] ERROR: Unexpected status 403 for https://api.hh.ru/vacancies/129450375: {"errors":[{"value":"captcha_required","captcha_url":"https://hh.ru/account/captcha?state=pxvcxBozfu7ry7R4QCetFmUA3SFZr_Pa4yXPQEusAiQIVW2lajVtNll6OObEQw_9kbOPkbKbHHm7t-XIJMQfyKPRX7-YZr200IStZOM1ukedrv
[2026-01-20 21:19:44,520] ERROR: Unexpected status 403 for https://api.hh.ru/vacancies/129596193: {"errors":[{"value":"captcha_required","captcha_url":"https://hh.ru/account/captcha?state=pxvcxBozfu7ry7R4QCetFmUA3SFZr_Pa4yXPQEusAiQIVW2lajVtNll6OObEQw_9kbOPkbKbHHm7t-XIJMQfyKrtdY1nNheHxmzoXwoG71PRmf
[2026-01-20 21:19:44,547] ERROR: Unexpected status 403 for https://api.hh.ru/vacancies/129462474: {"errors":[{"value":"captcha_required","captcha_url":"https://hh.ru/account/captcha?state=pxvcxBozfu7ry7R4QCetFmUA3SFZr_Pa4yXPQEusAiQIVW2lajVtNll6OObEQw_9kbOPkbKbHHm7t-XIJMQfyAhdwrsry_9oV88Xgk0GJHSrhn
[2026-01-20 21:19:44,548] ERROR: Unexpected status 403 for https://api.hh.ru/vacancies/124095596: {"errors":[{"value":"captcha_required","captcha_url":"https://hh.ru/account/captcha?state=pxvcxBozfu7ry7R4QCetFmUA3SFZr_Pa4yXPQEusAiQIVW2lajVtNll6OObEQw_9kbOPkbKbHHm7t-XIJMQfyDJStdIfAbTuZLKSmuUQxo8oak
[2026-01-20 21:19:44,564] ERROR: Unexpected status 403 for https://api.hh.ru/vacancies/128980945: {"errors":[{"value":"captcha_required","captcha_url":"https://hh.ru/account/captcha?state=pxvcxBozfu7ry7R4QCetFmUA3SFZr_Pa4yXPQEusAiQIVW2lajVtNll6OObEQw_9kbOPkbKbHHm7t-XIJMQfyCACVAplDt6mByMgf5PVsNco6H
[2026-01-20 21:19:44,570] ERROR: Unexpected status 403 for https://api.hh.ru/vacancies/127171806: {"errors":[{"value":"captcha_required","captcha_url":"https://hh.ru/account/captcha?state=pxvcxBozfu7ry7R4QCetFmUA3SFZr_Pa4yXPQEusAiQIVW2lajVtNll6OObEQw_9kbOPkbKbHHm7t-XIJMQfyH-W5wuZHv1s5kHV-i-0MCQx9S
[2026-01-20 21:19:44,573] ERROR: Unexpected status 403 for https://api.hh.ru/vacancies/129510198: {"errors":[{"value":"captcha_required","captcha_url":"https://hh.ru/account/captcha?state=pxvcxBozfu7ry7R4QCetFmUA3SFZr_Pa4yXPQEusAiQIVW2lajVtNll6OObEQw_9kbOPkbKbHHm7t-XIJMQfyLHf7GXAkeFqNn5NxVCFDlkAVW
[2026-01-20 21:19:44,579] ERROR: Unexpected status 403 for https://api.hh.ru/vacancies/129309377: {"errors":[{"value":"captcha_required","captcha_url":"https://hh.ru/account/captcha?state=pxvcxBozfu7ry7R4QCetFmUA3SFZr_Pa4yXPQEusAiQIVW2lajVtNll6OObEQw_9kbOPkbKbHHm7t-XIJMQfyK_v-a9rtbGavM_W79FpDSjZgV
[2026-01-20 21:19:44,590] ERROR: Unexpected status 403 for https://api.hh.ru/vacancies/129487017: {"errors":[{"value":"captcha_required","captcha_url":"https://hh.ru/account/captcha?state=pxvcxBozfu7ry7R4QCetFmUA3SFZr_Pa4yXPQEusAiQIVW2lajVtNll6OObEQw_9kbOPkbKbHHm7t-XIJMQfyApcixTfY7s9oEXSygPrVR8egm
[2026-01-20 21:19:44,591] ERROR: Unexpected status 403 for https://api.hh.ru/vacancies/129591236: {"errors":[{"value":"captcha_required","captcha_url":"https://hh.ru/account/captcha?state=pxvcxBozfu7ry7R4QCetFmUA3SFZr_Pa4yXPQEusAiQIVW2lajVtNll6OObEQw_9kbOPkbKbHHm7t-XIJMQfyIO53hPfq-gkIhnVn6heCptXfc
[2026-01-20 21:19:44,595] ERROR: Unexpected status 403 for https://api.hh.ru/vacancies/128684666: {"errors":[{"value":"captcha_required","captcha_url":"https://hh.ru/account/captcha?state=pxvcxBozfu7ry7R4QCetFmUA3SFZr_Pa4yXPQEusAiQIVW2lajVtNll6OObEQw_9kbOPkbKbHHm7t-XIJMQfyLy4z2ypsCadxW75UN-gVG2u9Q
[2026-01-20 21:19:44,596] ERROR: Unexpected status 403 for https://api.hh.ru/vacancies/129542913: {"errors":[{"value":"captcha_required","captcha_url":"https://hh.ru/account/captcha?state=pxvcxBozfu7ry7R4QCetFmUA3SFZr_Pa4yXPQEusAiQIVW2lajVtNll6OObEQw_9kbOPkbKbHHm7t-XIJMQfyCr0-XFTUbJeg87bxbap405TES
[2026-01-20 21:19:44,610] ERROR: Unexpected status 403 for https://api.hh.ru/vacancies/129553153: {"errors":[{"value":"captcha_required","captcha_url":"https://hh.ru/account/captcha?state=pxvcxBozfu7ry7R4QCetFmUA3SFZr_Pa4yXPQEusAiQIVW2lajVtNll6OObEQw_9kbOPkbKbHHm7t-XIJMQfyGhxCerDeB29PTxbA9Jjf1xMew
[2026-01-20 21:19:44,614] ERROR: Unexpected status 403 for https://api.hh.ru/vacancies/128953681: {"errors":[{"value":"captcha_required","captcha_url":"https://hh.ru/account/captcha?state=pxvcxBozfu7ry7R4QCetFmUA3SFZr_Pa4yXPQEusAiQIVW2lajVtNll6OObEQw_9kbOPkbKbHHm7t-XIJMQfyOCJ6uJyMp906N_b0Gfka_1tmb
[2026-01-20 21:19:44,619] ERROR: Unexpected status 403 for https://api.hh.ru/vacancies/129542902: {"errors":[{"value":"captcha_required","captcha_url":"https://hh.ru/account/captcha?state=pxvcxBozfu7ry7R4QCetFmUA3SFZr_Pa4yXPQEusAiQIVW2lajVtNll6OObEQw_9kbOPkbKbHHm7t-XIJMQfyNcDw4z8tPIAya8OnQCOe4WvBj
[2026-01-20 21:19:44,625] ERROR: Unexpected status 403 for https://api.hh.ru/vacancies/127103260: {"errors":[{"value":"captcha_required","captcha_url":"https://hh.ru/account/captcha?state=pxvcxBozfu7ry7R4QCetFmUA3SFZr_Pa4yXPQEusAiQIVW2lajVtNll6OObEQw_9kbOPkbKbHHm7t-XIJMQfyHQSqYCAtoctw06Clv6NN4oqLZ
[2026-01-20 21:19:44,659] ERROR: Unexpected status 403 for https://api.hh.ru/vacancies/129136254: {"errors":[{"value":"captcha_required","captcha_url":"https://hh.ru/account/captcha?state=pxvcxBozfu7ry7R4QCetFmUA3SFZr_Pa4yXPQEusAiQIVW2lajVtNll6OObEQw_9kbOPkbKbHHm7t-XIJMQfyO0htHJCSU2f_Ut_J3FVopJteV
[2026-01-20 21:19:44,660] ERROR: Unexpected status 403 for https://api.hh.ru/vacancies/124525137: {"errors":[{"value":"captcha_required","captcha_url":"https://hh.ru/account/captcha?state=pxvcxBozfu7ry7R4QCetFmUA3SFZr_Pa4yXPQEusAiQIVW2lajVtNll6OObEQw_9kbOPkbKbHHm7t-XIJMQfyEN8GDzTrRT3Wo4pKUasS0DMck
[2026-01-20 21:19:44,669] ERROR: Unexpected status 403 for https://api.hh.ru/vacancies/129588104: {"errors":[{"value":"captcha_required","captcha_url":"https://hh.ru/account/captcha?state=pxvcxBozfu7ry7R4QCetFmUA3SFZr_Pa4yXPQEusAiQIVW2lajVtNll6OObEQw_9kbOPkbKbHHm7t-XIJMQfyOwKeUYx64hLFfmlbe8rFRFJzQ
[2026-01-20 21:19:44,671] ERROR: Unexpected status 403 for https://api.hh.ru/vacancies/125169332: {"errors":[{"value":"captcha_required","captcha_url":"https://hh.ru/account/captcha?state=pxvcxBozfu7ry7R4QCetFmUA3SFZr_Pa4yXPQEusAiQIVW2lajVtNll6OObEQw_9kbOPkbKbHHm7t-XIJMQfyL-e9sijMrSLGZiL2GBdxClGB5
[2026-01-20 21:19:44,674] ERROR: Unexpected status 403 for https://api.hh.ru/vacancies/129371817: {"errors":[{"value":"captcha_required","captcha_url":"https://hh.ru/account/captcha?state=pxvcxBozfu7ry7R4QCetFmUA3SFZr_Pa4yXPQEusAiQIVW2lajVtNll6OObEQw_9kbOPkbKbHHm7t-XIJMQfyBJMaE24eEOeOzI-lnOGF3ESzb
[2026-01-20 21:19:44,675] ERROR: Unexpected status 403 for https://api.hh.ru/vacancies/129629569: {"errors":[{"value":"captcha_required","captcha_url":"https://hh.ru/account/captcha?state=pxvcxBozfu7ry7R4QCetFmUA3SFZr_Pa4yXPQEusAiQIVW2lajVtNll6OObEQw_9kbOPkbKbHHm7t-XIJMQfyLBZU4RkLWq_1NAYxBEeEc9UuY
[2026-01-20 21:19:44,708] ERROR: Unexpected status 403 for https://api.hh.ru/vacancies/129584071: {"errors":[{"value":"captcha_required","captcha_url":"https://hh.ru/account/captcha?state=pxvcxBozfu7ry7R4QCetFmUA3SFZr_Pa4yXPQEusAiQIVW2lajVtNll6OObEQw_9kbOPkbKbHHm7t-XIJMQfyFmZZfQWUi9uyVF9uo33WP5s5s
[2026-01-20 21:19:44,721] ERROR: Unexpected status 403 for https://api.hh.ru/vacancies/129510194: {"errors":[{"value":"captcha_required","captcha_url":"https://hh.ru/account/captcha?state=pxvcxBozfu7ry7R4QCetFmUA3SFZr_Pa4yXPQEusAiQIVW2lajVtNll6OObEQw_9kbOPkbKbHHm7t-XIJMQfyCaimLy0kkzj3gRRe4MHcyngJU
[2026-01-20 21:19:44,722] ERROR: Unexpected status 403 for https://api.hh.ru/vacancies/127704816: {"errors":[{"value":"captcha_required","captcha_url":"https://hh.ru/account/captcha?state=pxvcxBozfu7ry7R4QCetFmUA3SFZr_Pa4yXPQEusAiQIVW2lajVtNll6OObEQw_9kbOPkbKbHHm7t-XIJMQfyMmJnFlYVXs63RM1Fwk4y4Cc_C
[2026-01-20 21:19:44,728] ERROR: Unexpected status 403 for https://api.hh.ru/vacancies/129579744: {"errors":[{"value":"captcha_required","captcha_url":"https://hh.ru/account/captcha?state=pxvcxBozfu7ry7R4QCetFmUA3SFZr_Pa4yXPQEusAiQIVW2lajVtNll6OObEQw_9kbOPkbKbHHm7t-XIJMQfyI5Bw0pZboeEBK9ie3oLjxcpL3
[2026-01-20 21:19:44,730] ERROR: Unexpected status 403 for https://api.hh.ru/vacancies/129518195: {"errors":[{"value":"captcha_required","captcha_url":"https://hh.ru/account/captcha?state=pxvcxBozfu7ry7R4QCetFmUA3SFZr_Pa4yXPQEusAiQIVW2lajVtNll6OObEQw_9kbOPkbKbHHm7t-XIJMQfyDLZY2hXPkjm-7oOrHiu3nColD
[2026-01-20 21:19:44,731] ERROR: Unexpected status 403 for https://api.hh.ru/vacancies/129570707: {"errors":[{"value":"captcha_required","captcha_url":"https://hh.ru/account/captcha?state=pxvcxBozfu7ry7R4QCetFmUA3SFZr_Pa4yXPQEusAiQIVW2lajVtNll6OObEQw_9kbOPkbKbHHm7t-XIJMQfyO_DHVzPJI9vqI8DoXDHlZgDq7
[2026-01-20 21:19:44,734] ERROR: Unexpected status 403 for https://api.hh.ru/vacancies/129373618: {"errors":[{"value":"captcha_required","captcha_url":"https://hh.ru/account/captcha?state=pxvcxBozfu7ry7R4QCetFmUA3SFZr_Pa4yXPQEusAiQIVW2lajVtNll6OObEQw_9kbOPkbKbHHm7t-XIJMQfyEYccWoqCgjFVqE9puHTKTIBwK
[2026-01-20 21:19:44,738] ERROR: Unexpected status 403 for https://api.hh.ru/vacancies/129510201: {"errors":[{"value":"captcha_required","captcha_url":"https://hh.ru/account/captcha?state=pxvcxBozfu7ry7R4QCetFmUA3SFZr_Pa4yXPQEusAiQIVW2lajVtNll6OObEQw_9kbOPkbKbHHm7t-XIJMQfyEDmp9VLdi8OmAkURuelOCi4FY
[2026-01-20 21:19:44,743] ERROR: Unexpected status 403 for https://api.hh.ru/vacancies/129535138: {"errors":[{"value":"captcha_required","captcha_url":"https://hh.ru/account/captcha?state=pxvcxBozfu7ry7R4QCetFmUA3SFZr_Pa4yXPQEusAiQIVW2lajVtNll6OObEQw_9kbOPkbKbHHm7t-XIJMQfyCT0ojPMh2Xm-FPTC3o1VI_Bhd
[2026-01-20 21:19:44,768] ERROR: Unexpected status 403 for https://api.hh.ru/vacancies/129560427: {"errors":[{"value":"captcha_required","captcha_url":"https://hh.ru/account/captcha?state=pxvcxBozfu7ry7R4QCetFmUA3SFZr_Pa4yXPQEusAiQIVW2lajVtNll6OObEQw_9kbOPkbKbHHm7t-XIJMQfyPwbYXLGqAxpDRutsJc9sM8_0R
[2026-01-20 21:19:44,780] ERROR: Unexpected status 403 for https://api.hh.ru/vacancies/129489175: {"errors":[{"value":"captcha_required","captcha_url":"https://hh.ru/account/captcha?state=pxvcxBozfu7ry7R4QCetFmUA3SFZr_Pa4yXPQEusAiQIVW2lajVtNll6OObEQw_9kbOPkbKbHHm7t-XIJMQfyNnngVm1tTUxDrm5P7UinKdFaw
[2026-01-20 21:19:44,801] ERROR: Unexpected status 403 for https://api.hh.ru/vacancies/129596323: {"errors":[{"value":"captcha_required","captcha_url":"https://hh.ru/account/captcha?state=pxvcxBozfu7ry7R4QCetFmUA3SFZr_Pa4yXPQEusAiQIVW2lajVtNll6OObEQw_9kbOPkbKbHHm7t-XIJMQfyEvgETohsSqU5e7WLpP9LUJpHv
[2026-01-20 21:19:44,816] ERROR: Unexpected status 403 for https://api.hh.ru/vacancies/129184298: {"errors":[{"value":"captcha_required","captcha_url":"https://hh.ru/account/captcha?state=pxvcxBozfu7ry7R4QCetFmUA3SFZr_Pa4yXPQEusAiQIVW2lajVtNll6OObEQw_9kbOPkbKbHHm7t-XIJMQfyHZPpYTirBcb68AjHMCIhsug8z
[2026-01-20 21:19:44,825] ERROR: Unexpected status 403 for https://api.hh.ru/vacancies/129572826: {"errors":[{"value":"captcha_required","captcha_url":"https://hh.ru/account/captcha?state=pxvcxBozfu7ry7R4QCetFmUA3SFZr_Pa4yXPQEusAiQIVW2lajVtNll6OObEQw_9kbOPkbKbHHm7t-XIJMQfyIZsEZcQqauDz27GNrH0ds_Wtj
[2026-01-20 21:19:44,838] ERROR: Unexpected status 403 for https://api.hh.ru/vacancies/129416432: {"errors":[{"value":"captcha_required","captcha_url":"https://hh.ru/account/captcha?state=pxvcxBozfu7ry7R4QCetFmUA3SFZr_Pa4yXPQEusAiQIVW2lajVtNll6OObEQw_9kbOPkbKbHHm7t-XIJMQfyOpFTxPd4s30wRefKrSGmNPqi8
[2026-01-20 21:19:44,852] ERROR: Unexpected status 403 for https://api.hh.ru/vacancies/129641125: {"errors":[{"value":"captcha_required","captcha_url":"https://hh.ru/account/captcha?state=pxvcxBozfu7ry7R4QCetFmUA3SFZr_Pa4yXPQEusAiQIVW2lajVtNll6OObEQw_9kbOPkbKbHHm7t-XIJMQfyJ-uyG7Eh-gQFF_a9nVRZbini1
[2026-01-20 21:19:44,858] ERROR: Unexpected status 403 for https://api.hh.ru/vacancies/129525608: {"errors":[{"value":"captcha_required","captcha_url":"https://hh.ru/account/captcha?state=pxvcxBozfu7ry7R4QCetFmUA3SFZr_Pa4yXPQEusAiQIVW2lajVtNll6OObEQw_9kbOPkbKbHHm7t-XIJMQfyMlqYfWf0N5tyL2KhbwagrOS6N
[2026-01-20 21:19:44,867] ERROR: Unexpected status 403 for https://api.hh.ru/vacancies/129309755: {"errors":[{"value":"captcha_required","captcha_url":"https://hh.ru/account/captcha?state=pxvcxBozfu7ry7R4QCetFmUA3SFZr_Pa4yXPQEusAiQIVW2lajVtNll6OObEQw_9kbOPkbKbHHm7t-XIJMQfyJ1tePHRublTCKOJYeygj15KM9
[2026-01-20 21:19:44,868] ERROR: Unexpected status 403 for https://api.hh.ru/vacancies/129176925: {"errors":[{"value":"captcha_required","captcha_url":"https://hh.ru/account/captcha?state=pxvcxBozfu7ry7R4QCetFmUA3SFZr_Pa4yXPQEusAiQIVW2lajVtNll6OObEQw_9kbOPkbKbHHm7t-XIJMQfyJJcH4hJWCjZUpLYQe3k0hiRl-
[2026-01-20 21:19:44,868] ERROR: Unexpected status 403 for https://api.hh.ru/vacancies/129579466: {"errors":[{"value":"captcha_required","captcha_url":"https://hh.ru/account/captcha?state=pxvcxBozfu7ry7R4QCetFmUA3SFZr_Pa4yXPQEusAiQIVW2lajVtNll6OObEQw_9kbOPkbKbHHm7t-XIJMQfyP2kFN0AY3DyT4f3xCWebnUoGW
[2026-01-20 21:19:44,872] ERROR: Unexpected status 403 for https://api.hh.ru/vacancies/129315247: {"errors":[{"value":"captcha_required","captcha_url":"https://hh.ru/account/captcha?state=pxvcxBozfu7ry7R4QCetFmUA3SFZr_Pa4yXPQEusAiQIVW2lajVtNll6OObEQw_9kbOPkbKbHHm7t-XIJMQfyOTPj4GdbTHtOqccIRxGeq4Art
[2026-01-20 21:19:44,883] ERROR: Unexpected status 403 for https://api.hh.ru/vacancies/129634649: {"errors":[{"value":"captcha_required","captcha_url":"https://hh.ru/account/captcha?state=pxvcxBozfu7ry7R4QCetFmUA3SFZr_Pa4yXPQEusAiQIVW2lajVtNll6OObEQw_9kbOPkbKbHHm7t-XIJMQfyOAph8J-N5AEecPtLgvUfrqM54
[2026-01-20 21:19:44,914] ERROR: Unexpected status 403 for https://api.hh.ru/vacancies/129470274: {"errors":[{"value":"captcha_required","captcha_url":"https://hh.ru/account/captcha?state=pxvcxBozfu7ry7R4QCetFmUA3SFZr_Pa4yXPQEusAiQIVW2lajVtNll6OObEQw_9kbOPkbKbHHm7t-XIJMQfyJBLhRbs-7bzbIK4D-Ti8tGk0o
[2026-01-20 21:19:44,915] ERROR: Unexpected status 403 for https://api.hh.ru/vacancies/127364974: {"errors":[{"value":"captcha_required","captcha_url":"https://hh.ru/account/captcha?state=pxvcxBozfu7ry7R4QCetFmUA3SFZr_Pa4yXPQEusAiQIVW2lajVtNll6OObEQw_9kbOPkbKbHHm7t-XIJMQfyDEAIzHrehVrZ7pNudWw4MkNzx
[2026-01-20 21:19:44,918] ERROR: Unexpected status 403 for https://api.hh.ru/vacancies/127103186: {"errors":[{"value":"captcha_required","captcha_url":"https://hh.ru/account/captcha?state=pxvcxBozfu7ry7R4QCetFmUA3SFZr_Pa4yXPQEusAiQIVW2lajVtNll6OObEQw_9kbOPkbKbHHm7t-XIJMQfyEMp_6dNobQfcjUV_bEbqIyFDB
[2026-01-20 21:19:44,938] ERROR: Unexpected status 403 for https://api.hh.ru/vacancies/129488289: {"errors":[{"value":"captcha_required","captcha_url":"https://hh.ru/account/captcha?state=pxvcxBozfu7ry7R4QCetFmUA3SFZr_Pa4yXPQEusAiQIVW2lajVtNll6OObEQw_9kbOPkbKbHHm7t-XIJMQfyJBtI7v4AgmcmOmwWb0_X3ww3z
[2026-01-20 21:19:44,963] ERROR: Unexpected status 403 for https://api.hh.ru/vacancies/128080441: {"errors":[{"value":"captcha_required","captcha_url":"https://hh.ru/account/captcha?state=pxvcxBozfu7ry7R4QCetFmUA3SFZr_Pa4yXPQEusAiQIVW2lajVtNll6OObEQw_9kbOPkbKbHHm7t-XIJMQfyMby1537ZDsqUM_Y_ECToD9JxQ
[2026-01-20 21:19:44,967] ERROR: Unexpected status 403 for https://api.hh.ru/vacancies/129522759: {"errors":[{"value":"captcha_required","captcha_url":"https://hh.ru/account/captcha?state=pxvcxBozfu7ry7R4QCetFmUA3SFZr_Pa4yXPQEusAiQIVW2lajVtNll6OObEQw_9kbOPkbKbHHm7t-XIJMQfyIeEAypns7Kba32IVj9ZJZ1-Z-
[2026-01-20 21:19:44,976] ERROR: Unexpected status 403 for https://api.hh.ru/vacancies/129282795: {"errors":[{"value":"captcha_required","captcha_url":"https://hh.ru/account/captcha?state=pxvcxBozfu7ry7R4QCetFmUA3SFZr_Pa4yXPQEusAiQIVW2lajVtNll6OObEQw_9kbOPkbKbHHm7t-XIJMQfyPGAZV4tOehaz534_WzuLsOLx5
[2026-01-20 21:19:44,979] ERROR: Unexpected status 403 for https://api.hh.ru/vacancies/129602001: {"errors":[{"value":"captcha_required","captcha_url":"https://hh.ru/account/captcha?state=pxvcxBozfu7ry7R4QCetFmUA3SFZr_Pa4yXPQEusAiQIVW2lajVtNll6OObEQw_9kbOPkbKbHHm7t-XIJMQfyD4oQfQGBvfJQUXFFSqwUax5gP
[2026-01-20 21:19:44,980] ERROR: Unexpected status 403 for https://api.hh.ru/vacancies/129439731: {"errors":[{"value":"captcha_required","captcha_url":"https://hh.ru/account/captcha?state=pxvcxBozfu7ry7R4QCetFmUA3SFZr_Pa4yXPQEusAiQIVW2lajVtNll6OObEQw_9kbOPkbKbHHm7t-XIJMQfyB_BR40RjGfE7zQYtIUdpfILzq
[2026-01-20 21:19:44,989] ERROR: Unexpected status 403 for https://api.hh.ru/vacancies/129565471: {"errors":[{"value":"captcha_required","captcha_url":"https://hh.ru/account/captcha?state=pxvcxBozfu7ry7R4QCetFmUA3SFZr_Pa4yXPQEusAiQIVW2lajVtNll6OObEQw_9kbOPkbKbHHm7t-XIJMQfyB55MwNvCGTD4XMmxuwIQkVLYo
[2026-01-20 21:19:44,990] ERROR: Unexpected status 403 for https://api.hh.ru/vacancies/129216352: {"errors":[{"value":"captcha_required","captcha_url":"https://hh.ru/account/captcha?state=pxvcxBozfu7ry7R4QCetFmUA3SFZr_Pa4yXPQEusAiQIVW2lajVtNll6OObEQw_9kbOPkbKbHHm7t-XIJMQfyP8cGBbnAtjBGqPA6G29LZbXn6
[2026-01-20 21:19:44,991] ERROR: Unexpected status 403 for https://api.hh.ru/vacancies/129457537: {"errors":[{"value":"captcha_required","captcha_url":"https://hh.ru/account/captcha?state=pxvcxBozfu7ry7R4QCetFmUA3SFZr_Pa4yXPQEusAiQIVW2lajVtNll6OObEQw_9kbOPkbKbHHm7t-XIJMQfyNPZVM6KZW1MiJxSdY10lpVl2W
[2026-01-20 21:19:45,002] ERROR: Unexpected status 403 for https://api.hh.ru/vacancies/128605156: {"errors":[{"value":"captcha_required","captcha_url":"https://hh.ru/account/captcha?state=pxvcxBozfu7ry7R4QCetFmUA3SFZr_Pa4yXPQEusAiQIVW2lajVtNll6OObEQw_9kbOPkbKbHHm7t-XIJMQfyCOonS4acKme9yEwIDNBBPmETe
[2026-01-20 21:19:45,015] ERROR: Unexpected status 403 for https://api.hh.ru/vacancies/129641067: {"errors":[{"value":"captcha_required","captcha_url":"https://hh.ru/account/captcha?state=pxvcxBozfu7ry7R4QCetFmUA3SFZr_Pa4yXPQEusAiQIVW2lajVtNll6OObEQw_9kbOPkbKbHHm7t-XIJMQfyLc7MOOy__8hDb0_yj8UcveIK2
[2026-01-20 21:19:45,025] ERROR: Unexpected status 403 for https://api.hh.ru/vacancies/128489834: {"errors":[{"value":"captcha_required","captcha_url":"https://hh.ru/account/captcha?state=pxvcxBozfu7ry7R4QCetFmUA3SFZr_Pa4yXPQEusAiQIVW2lajVtNll6OObEQw_9kbOPkbKbHHm7t-XIJMQfyIzLmQjprz0nhwisjXzITyUTpw
[2026-01-20 21:19:45,026] ERROR: Unexpected status 403 for https://api.hh.ru/vacancies/129652678: {"errors":[{"value":"captcha_required","captcha_url":"https://hh.ru/account/captcha?state=pxvcxBozfu7ry7R4QCetFmUA3SFZr_Pa4yXPQEusAiQIVW2lajVtNll6OObEQw_9kbOPkbKbHHm7t-XIJMQfyCxbr8nNcmXw2htERCAtQVlEA9
[2026-01-20 21:19:45,034] ERROR: Unexpected status 403 for https://api.hh.ru/vacancies/129073481: {"errors":[{"value":"captcha_required","captcha_url":"https://hh.ru/account/captcha?state=pxvcxBozfu7ry7R4QCetFmUA3SFZr_Pa4yXPQEusAiQIVW2lajVtNll6OObEQw_9kbOPkbKbHHm7t-XIJMQfyB_CbLfQb4GaVEzBFGcQbtJLLW
[2026-01-20 21:19:45,040] ERROR: Unexpected status 403 for https://api.hh.ru/vacancies/129339987: {"errors":[{"value":"captcha_required","captcha_url":"https://hh.ru/account/captcha?state=pxvcxBozfu7ry7R4QCetFmUA3SFZr_Pa4yXPQEusAiQIVW2lajVtNll6OObEQw_9kbOPkbKbHHm7t-XIJMQfyNFmWzVRuAkExxzg8itntf1CtF
[2026-01-20 21:19:45,042] ERROR: Unexpected status 403 for https://api.hh.ru/vacancies/129632788: {"errors":[{"value":"captcha_required","captcha_url":"https://hh.ru/account/captcha?state=pxvcxBozfu7ry7R4QCetFmUA3SFZr_Pa4yXPQEusAiQIVW2lajVtNll6OObEQw_9kbOPkbKbHHm7t-XIJMQfyGOEnX3nYo1apCemnRrltIi-PP
[2026-01-20 21:19:45,048] ERROR: Unexpected status 403 for https://api.hh.ru/vacancies/127103451: {"errors":[{"value":"captcha_required","captcha_url":"https://hh.ru/account/captcha?state=pxvcxBozfu7ry7R4QCetFmUA3SFZr_Pa4yXPQEusAiQIVW2lajVtNll6OObEQw_9kbOPkbKbHHm7t-XIJMQfyCpCebfaLgdQOAYvlT1X386xZR
[2026-01-20 21:19:45,073] ERROR: Unexpected status 403 for https://api.hh.ru/vacancies/129270749: {"errors":[{"value":"captcha_required","captcha_url":"https://hh.ru/account/captcha?state=pxvcxBozfu7ry7R4QCetFmUA3SFZr_Pa4yXPQEusAiQIVW2lajVtNll6OObEQw_9kbOPkbKbHHm7t-XIJMQfyJgbBu31slcAoH7VCOjyQ5PTur
[2026-01-20 21:19:45,099] ERROR: Unexpected status 403 for https://api.hh.ru/vacancies/129330692: {"errors":[{"value":"captcha_required","captcha_url":"https://hh.ru/account/captcha?state=pxvcxBozfu7ry7R4QCetFmUA3SFZr_Pa4yXPQEusAiQIVW2lajVtNll6OObEQw_9kbOPkbKbHHm7t-XIJMQfyN4AaGYTQIyvBeULsH-0Rlkxrb
[2026-01-20 21:19:45,101] ERROR: Unexpected status 403 for https://api.hh.ru/vacancies/129406276: {"errors":[{"value":"captcha_required","captcha_url":"https://hh.ru/account/captcha?state=pxvcxBozfu7ry7R4QCetFmUA3SFZr_Pa4yXPQEusAiQIVW2lajVtNll6OObEQw_9kbOPkbKbHHm7t-XIJMQfyFRrzZkwJTAKKcTvRBFHYXP1I4
[2026-01-20 21:19:45,111] ERROR: Unexpected status 403 for https://api.hh.ru/vacancies/129512012: {"errors":[{"value":"captcha_required","captcha_url":"https://hh.ru/account/captcha?state=pxvcxBozfu7ry7R4QCetFmUA3SFZr_Pa4yXPQEusAiQIVW2lajVtNll6OObEQw_9kbOPkbKbHHm7t-XIJMQfyOczRgS01I-kPT53y7A506EtTO
[2026-01-20 21:19:45,115] ERROR: Unexpected status 403 for https://api.hh.ru/vacancies/129483430: {"errors":[{"value":"captcha_required","captcha_url":"https://hh.ru/account/captcha?state=pxvcxBozfu7ry7R4QCetFmUA3SFZr_Pa4yXPQEusAiQIVW2lajVtNll6OObEQw_9kbOPkbKbHHm7t-XIJMQfyJ-WcHdIK4LIiQ_-tsOkGBSChx
[2026-01-20 21:19:45,136] ERROR: Unexpected status 403 for https://api.hh.ru/vacancies/129488289: {"errors":[{"value":"captcha_required","captcha_url":"https://hh.ru/account/captcha?state=pxvcxBozfu7ry7R4QCetFmUA3SFZr_Pa4yXPQEusAiQIVW2lajVtNll6OObEQw_9kbOPkbKbHHm7t-XIJMQfyJBtI7v4AgmcmOmwWb0_X3xnTU
[2026-01-20 21:19:45,143] ERROR: Unexpected status 403 for https://api.hh.ru/vacancies/129524266: {"errors":[{"value":"captcha_required","captcha_url":"https://hh.ru/account/captcha?state=pxvcxBozfu7ry7R4QCetFmUA3SFZr_Pa4yXPQEusAiQIVW2lajVtNll6OObEQw_9kbOPkbKbHHm7t-XIJMQfyMvCdxouB8Ms2tfIupXruTZz5C
[2026-01-20 21:19:45,143] ERROR: Unexpected status 403 for https://api.hh.ru/vacancies/129362805: {"errors":[{"value":"captcha_required","captcha_url":"https://hh.ru/account/captcha?state=pxvcxBozfu7ry7R4QCetFmUA3SFZr_Pa4yXPQEusAiQIVW2lajVtNll6OObEQw_9kbOPkbKbHHm7t-XIJMQfyNxkZh-S_r-l6XyPj1Y2e6SXp4
[2026-01-20 21:19:45,145] ERROR: Unexpected status 403 for https://api.hh.ru/vacancies/129474359: {"errors":[{"value":"captcha_required","captcha_url":"https://hh.ru/account/captcha?state=pxvcxBozfu7ry7R4QCetFmUA3SFZr_Pa4yXPQEusAiQIVW2lajVtNll6OObEQw_9kbOPkbKbHHm7t-XIJMQfyD3sExK5N0vUgqYcc1lL9wjRd_
[2026-01-20 21:19:45,157] ERROR: Unexpected status 403 for https://api.hh.ru/vacancies/129449829: {"errors":[{"value":"captcha_required","captcha_url":"https://hh.ru/account/captcha?state=pxvcxBozfu7ry7R4QCetFmUA3SFZr_Pa4yXPQEusAiQIVW2lajVtNll6OObEQw_9kbOPkbKbHHm7t-XIJMQfyBqb5jPOU_efY6j1S2Xe0KSj9T
[2026-01-20 21:19:45,159] ERROR: Unexpected status 403 for https://api.hh.ru/vacancies/128982731: {"errors":[{"value":"captcha_required","captcha_url":"https://hh.ru/account/captcha?state=pxvcxBozfu7ry7R4QCetFmUA3SFZr_Pa4yXPQEusAiQIVW2lajVtNll6OObEQw_9kbOPkbKbHHm7t-XIJMQfyMwHxGG9HywbL7yhGk6btgqCd4
[2026-01-20 21:19:45,166] ERROR: Unexpected status 403 for https://api.hh.ru/vacancies/129382607: {"errors":[{"value":"captcha_required","captcha_url":"https://hh.ru/account/captcha?state=pxvcxBozfu7ry7R4QCetFmUA3SFZr_Pa4yXPQEusAiQIVW2lajVtNll6OObEQw_9kbOPkbKbHHm7t-XIJMQfyJqFJWehVIsPYebt4qwa8kAPOv
[2026-01-20 21:19:45,190] ERROR: Unexpected status 403 for https://api.hh.ru/vacancies/129312830: {"errors":[{"value":"captcha_required","captcha_url":"https://hh.ru/account/captcha?state=pxvcxBozfu7ry7R4QCetFmUA3SFZr_Pa4yXPQEusAiQIVW2lajVtNll6OObEQw_9kbOPkbKbHHm7t-XIJMQfyE7Mv8nSrPvFRWK1bFq7m0RuM1
[2026-01-20 21:19:45,193] ERROR: Unexpected status 403 for https://api.hh.ru/vacancies/127103580: {"errors":[{"value":"captcha_required","captcha_url":"https://hh.ru/account/captcha?state=pxvcxBozfu7ry7R4QCetFmUA3SFZr_Pa4yXPQEusAiQIVW2lajVtNll6OObEQw_9kbOPkbKbHHm7t-XIJMQfyOj6G4LLvpdL9rau8aLqmYFVjQ
[2026-01-20 21:19:45,209] ERROR: Unexpected status 403 for https://api.hh.ru/vacancies/129473932: {"errors":[{"value":"captcha_required","captcha_url":"https://hh.ru/account/captcha?state=pxvcxBozfu7ry7R4QCetFmUA3SFZr_Pa4yXPQEusAiQIVW2lajVtNll6OObEQw_9kbOPkbKbHHm7t-XIJMQfyLqz_SDzCRdfrxTOau9G7zmqiX
[2026-01-20 21:19:45,210] ERROR: Unexpected status 403 for https://api.hh.ru/vacancies/129352490: {"errors":[{"value":"captcha_required","captcha_url":"https://hh.ru/account/captcha?state=pxvcxBozfu7ry7R4QCetFmUA3SFZr_Pa4yXPQEusAiQIVW2lajVtNll6OObEQw_9kbOPkbKbHHm7t-XIJMQfyJawwlfssw5K7vhboC86BQZ5f5
[2026-01-20 21:19:45,221] ERROR: Unexpected status 403 for https://api.hh.ru/vacancies/129568430: {"errors":[{"value":"captcha_required","captcha_url":"https://hh.ru/account/captcha?state=pxvcxBozfu7ry7R4QCetFmUA3SFZr_Pa4yXPQEusAiQIVW2lajVtNll6OObEQw_9kbOPkbKbHHm7t-XIJMQfyIstwKQH020NhrAhZ0eefpNR1-
[2026-01-20 21:19:45,230] ERROR: Unexpected status 403 for https://api.hh.ru/vacancies/129392287: {"errors":[{"value":"captcha_required","captcha_url":"https://hh.ru/account/captcha?state=pxvcxBozfu7ry7R4QCetFmUA3SFZr_Pa4yXPQEusAiQIVW2lajVtNll6OObEQw_9kbOPkbKbHHm7t-XIJMQfyC_gLG18pqJfVI352mWsdKN0_Z
[2026-01-20 21:19:45,234] ERROR: Unexpected status 403 for https://api.hh.ru/vacancies/121522011: {"errors":[{"value":"captcha_required","captcha_url":"https://hh.ru/account/captcha?state=pxvcxBozfu7ry7R4QCetFmUA3SFZr_Pa4yXPQEusAiQIVW2lajVtNll6OObEQw_9kbOPkbKbHHm7t-XIJMQfyDJsUvdlR95yyPbe4vCsO2Py_A
[2026-01-20 21:19:45,266] ERROR: Unexpected status 403 for https://api.hh.ru/vacancies/129633976: {"errors":[{"value":"captcha_required","captcha_url":"https://hh.ru/account/captcha?state=pxvcxBozfu7ry7R4QCetFmUA3SFZr_Pa4yXPQEusAiQIVW2lajVtNll6OObEQw_9kbOPkbKbHHm7t-XIJMQfyIZ6aj8PNyoe8edCRqC9XUb4pH
[2026-01-20 21:19:45,278] ERROR: Unexpected status 403 for https://api.hh.ru/vacancies/129518195: {"errors":[{"value":"captcha_required","captcha_url":"https://hh.ru/account/captcha?state=pxvcxBozfu7ry7R4QCetFmUA3SFZr_Pa4yXPQEusAiQIVW2lajVtNll6OObEQw_9kbOPkbKbHHm7t-XIJMQfyDLZY2hXPkjm-7oOrHiu3nCZXx
[2026-01-20 21:19:45,281] ERROR: Unexpected status 403 for https://api.hh.ru/vacancies/129352618: {"errors":[{"value":"captcha_required","captcha_url":"https://hh.ru/account/captcha?state=pxvcxBozfu7ry7R4QCetFmUA3SFZr_Pa4yXPQEusAiQIVW2lajVtNll6OObEQw_9kbOPkbKbHHm7t-XIJMQfyIyI58uJCvgGYMQyJxOTzoM9Eb
[2026-01-20 21:19:45,289] ERROR: Unexpected status 403 for https://api.hh.ru/vacancies/129317283: {"errors":[{"value":"captcha_required","captcha_url":"https://hh.ru/account/captcha?state=pxvcxBozfu7ry7R4QCetFmUA3SFZr_Pa4yXPQEusAiQIVW2lajVtNll6OObEQw_9kbOPkbKbHHm7t-XIJMQfyEGcOTxBeReZWFGVhhr6bJwt2b
[2026-01-20 21:19:45,300] ERROR: Unexpected status 403 for https://api.hh.ru/vacancies/129463765: {"errors":[{"value":"captcha_required","captcha_url":"https://hh.ru/account/captcha?state=pxvcxBozfu7ry7R4QCetFmUA3SFZr_Pa4yXPQEusAiQIVW2lajVtNll6OObEQw_9kbOPkbKbHHm7t-XIJMQfyI9aA20qSFiWxrsQ4FcXTLhwe_
[2026-01-20 21:19:45,306] ERROR: Unexpected status 403 for https://api.hh.ru/vacancies/129632615: {"errors":[{"value":"captcha_required","captcha_url":"https://hh.ru/account/captcha?state=pxvcxBozfu7ry7R4QCetFmUA3SFZr_Pa4yXPQEusAiQIVW2lajVtNll6OObEQw_9kbOPkbKbHHm7t-XIJMQfyO_887HTHlhnw9OXHb9izF5tGZ
[2026-01-20 21:19:45,312] ERROR: Unexpected status 403 for https://api.hh.ru/vacancies/129514057: {"errors":[{"value":"captcha_required","captcha_url":"https://hh.ru/account/captcha?state=pxvcxBozfu7ry7R4QCetFmUA3SFZr_Pa4yXPQEusAiQIVW2lajVtNll6OObEQw_9kbOPkbKbHHm7t-XIJMQfyMocqKvTHq1TNg2vTZWwCN04O2
[2026-01-20 21:19:45,313] ERROR: Unexpected status 403 for https://api.hh.ru/vacancies/129602849: {"errors":[{"value":"captcha_required","captcha_url":"https://hh.ru/account/captcha?state=pxvcxBozfu7ry7R4QCetFmUA3SFZr_Pa4yXPQEusAiQIVW2lajVtNll6OObEQw_9kbOPkbKbHHm7t-XIJMQfyIrRZWRRbwOGXXlh3LQDYBtdVO
[2026-01-20 21:19:45,315] ERROR: Unexpected status 403 for https://api.hh.ru/vacancies/129588104: {"errors":[{"value":"captcha_required","captcha_url":"https://hh.ru/account/captcha?state=pxvcxBozfu7ry7R4QCetFmUA3SFZr_Pa4yXPQEusAiQIVW2lajVtNll6OObEQw_9kbOPkbKbHHm7t-XIJMQfyOwKeUYx64hLFfmlbe8rFRFgcb
[2026-01-20 21:19:45,341] ERROR: Unexpected status 403 for https://api.hh.ru/vacancies/126836188: {"errors":[{"value":"captcha_required","captcha_url":"https://hh.ru/account/captcha?state=pxvcxBozfu7ry7R4QCetFmUA3SFZr_Pa4yXPQEusAiQIVW2lajVtNll6OObEQw_9kbOPkbKbHHm7t-XIJMQfyI6yvPY_mMuiS6vfhLj_fPSagY
[2026-01-20 21:19:45,342] ERROR: Unexpected status 403 for https://api.hh.ru/vacancies/128612305: {"errors":[{"value":"captcha_required","captcha_url":"https://hh.ru/account/captcha?state=pxvcxBozfu7ry7R4QCetFmUA3SFZr_Pa4yXPQEusAiQIVW2lajVtNll6OObEQw_9kbOPkbKbHHm7t-XIJMQfyOaiN2xLEasgTbJRSrXvmozvko
[2026-01-20 21:19:45,343] ERROR: Unexpected status 403 for https://api.hh.ru/vacancies/129452178: {"errors":[{"value":"captcha_required","captcha_url":"https://hh.ru/account/captcha?state=pxvcxBozfu7ry7R4QCetFmUA3SFZr_Pa4yXPQEusAiQIVW2lajVtNll6OObEQw_9kbOPkbKbHHm7t-XIJMQfyDifParXDw2lMOqUqYaiFk8nky
[2026-01-20 21:19:45,365] ERROR: Unexpected status 403 for https://api.hh.ru/vacancies/129507440: {"errors":[{"value":"captcha_required","captcha_url":"https://hh.ru/account/captcha?state=pxvcxBozfu7ry7R4QCetFmUA3SFZr_Pa4yXPQEusAiQIVW2lajVtNll6OObEQw_9kbOPkbKbHHm7t-XIJMQfyEKgdOwtOD9kldecpe72UGayzs
[2026-01-20 21:19:45,375] ERROR: Unexpected status 403 for https://api.hh.ru/vacancies/128628709: {"errors":[{"value":"captcha_required","captcha_url":"https://hh.ru/account/captcha?state=pxvcxBozfu7ry7R4QCetFmUA3SFZr_Pa4yXPQEusAiQIVW2lajVtNll6OObEQw_9kbOPkbKbHHm7t-XIJMQfyHdWrjm90l4vqiU9nJpIfGXUFH
[2026-01-20 21:19:45,378] ERROR: Unexpected status 403 for https://api.hh.ru/vacancies/129598211: {"errors":[{"value":"captcha_required","captcha_url":"https://hh.ru/account/captcha?state=pxvcxBozfu7ry7R4QCetFmUA3SFZr_Pa4yXPQEusAiQIVW2lajVtNll6OObEQw_9kbOPkbKbHHm7t-XIJMQfyCCM4ZyO97W23B-RrQOvOHGmkr
[2026-01-20 21:19:45,391] ERROR: Unexpected status 403 for https://api.hh.ru/vacancies/129501642: {"errors":[{"value":"captcha_required","captcha_url":"https://hh.ru/account/captcha?state=pxvcxBozfu7ry7R4QCetFmUA3SFZr_Pa4yXPQEusAiQIVW2lajVtNll6OObEQw_9kbOPkbKbHHm7t-XIJMQfyCjz37fgduH47Qbz-V3AYgvGWm
[2026-01-20 21:19:45,395] ERROR: Unexpected status 403 for https://api.hh.ru/vacancies/129398383: {"errors":[{"value":"captcha_required","captcha_url":"https://hh.ru/account/captcha?state=pxvcxBozfu7ry7R4QCetFmUA3SFZr_Pa4yXPQEusAiQIVW2lajVtNll6OObEQw_9kbOPkbKbHHm7t-XIJMQfyO3fHjSFwXuZoM9cMikejsPv2a
[2026-01-20 21:19:45,395] ERROR: Unexpected status 403 for https://api.hh.ru/vacancies/129476036: {"errors":[{"value":"captcha_required","captcha_url":"https://hh.ru/account/captcha?state=pxvcxBozfu7ry7R4QCetFmUA3SFZr_Pa4yXPQEusAiQIVW2lajVtNll6OObEQw_9kbOPkbKbHHm7t-XIJMQfyLXoh5e4NEqEVfB04kgKIS14oN
[2026-01-20 21:19:45,399] ERROR: Unexpected status 403 for https://api.hh.ru/vacancies/128939980: {"errors":[{"value":"captcha_required","captcha_url":"https://hh.ru/account/captcha?state=pxvcxBozfu7ry7R4QCetFmUA3SFZr_Pa4yXPQEusAiQIVW2lajVtNll6OObEQw_9kbOPkbKbHHm7t-XIJMQfyIPYn6kQ6GBZitQsQ1mjD7zfRY
[2026-01-20 21:19:45,414] ERROR: Unexpected status 403 for https://api.hh.ru/vacancies/127103418: {"errors":[{"value":"captcha_required","captcha_url":"https://hh.ru/account/captcha?state=pxvcxBozfu7ry7R4QCetFmUA3SFZr_Pa4yXPQEusAiQIVW2lajVtNll6OObEQw_9kbOPkbKbHHm7t-XIJMQfyOUg0X6jq4BXc7mSATg_ha0ngB
[2026-01-20 21:19:45,420] INFO: Splitting range 2019-07-18-2026-01-20 into 2019-07-18-2022-10-19 and 2022-10-20-2026-01-20 (found=722517)
[2026-01-20 21:19:45,421] ERROR: Unexpected status 403 for https://api.hh.ru/vacancies/128913700: {"errors":[{"value":"captcha_required","captcha_url":"https://hh.ru/account/captcha?state=pxvcxBozfu7ry7R4QCetFmUA3SFZr_Pa4yXPQEusAiQIVW2lajVtNll6OObEQw_9kbOPkbKbHHm7t-XIJMQfyPlUSP6AhthCKI4219Al6_sO-N
[2026-01-20 21:19:45,430] ERROR: Unexpected status 403 for https://api.hh.ru/vacancies/129459617: {"errors":[{"value":"captcha_required","captcha_url":"https://hh.ru/account/captcha?state=pxvcxBozfu7ry7R4QCetFmUA3SFZr_Pa4yXPQEusAiQIVW2lajVtNll6OObEQw_9kbOPkbKbHHm7t-XIJMQfyMxcCiHEGpmF0axbWfpyERQQ_G
[2026-01-20 21:19:45,431] ERROR: Unexpected status 403 for https://api.hh.ru/vacancies/129542485: {"errors":[{"value":"captcha_required","captcha_url":"https://hh.ru/account/captcha?state=pxvcxBozfu7ry7R4QCetFmUA3SFZr_Pa4yXPQEusAiQIVW2lajVtNll6OObEQw_9kbOPkbKbHHm7t-XIJMQfyDaIRTzbFlBPS_vH4_7kDWEb2P
[2026-01-20 21:19:45,442] ERROR: Unexpected status 403 for https://api.hh.ru/vacancies/129450271: {"errors":[{"value":"captcha_required","captcha_url":"https://hh.ru/account/captcha?state=pxvcxBozfu7ry7R4QCetFmUA3SFZr_Pa4yXPQEusAiQIVW2lajVtNll6OObEQw_9kbOPkbKbHHm7t-XIJMQfyMuidRFHCyxiYg2RLC82v1T_PX
[2026-01-20 21:19:45,469] ERROR: Unexpected status 403 for https://api.hh.ru/vacancies/129078184: {"errors":[{"value":"captcha_required","captcha_url":"https://hh.ru/account/captcha?state=pxvcxBozfu7ry7R4QCetFmUA3SFZr_Pa4yXPQEusAiQIVW2lajVtNll6OObEQw_9kbOPkbKbHHm7t-XIJMQfyK4j7kdP2mbsrsulPh2worgYsu
[2026-01-20 21:19:45,486] ERROR: Unexpected status 403 for https://api.hh.ru/vacancies/129073943: {"errors":[{"value":"captcha_required","captcha_url":"https://hh.ru/account/captcha?state=pxvcxBozfu7ry7R4QCetFmUA3SFZr_Pa4yXPQEusAiQIVW2lajVtNll6OObEQw_9kbOPkbKbHHm7t-XIJMQfyFumo7f_bFQAcGPQlbDAAMm9tb
[2026-01-20 21:19:45,496] ERROR: Unexpected status 403 for https://api.hh.ru/vacancies/129403022: {"errors":[{"value":"captcha_required","captcha_url":"https://hh.ru/account/captcha?state=pxvcxBozfu7ry7R4QCetFmUA3SFZr_Pa4yXPQEusAiQIVW2lajVtNll6OObEQw_9kbOPkbKbHHm7t-XIJMQfyJBxarRZc-XVDKrAN-W70VQMKs
[2026-01-20 21:19:45,499] ERROR: Unexpected status 403 for https://api.hh.ru/vacancies/124868364: {"errors":[{"value":"captcha_required","captcha_url":"https://hh.ru/account/captcha?state=pxvcxBozfu7ry7R4QCetFmUA3SFZr_Pa4yXPQEusAiQIVW2lajVtNll6OObEQw_9kbOPkbKbHHm7t-XIJMQfyCUXc7t1m8Wt5K6EV8xwJopY5q
[2026-01-20 21:19:45,508] ERROR: Unexpected status 403 for https://api.hh.ru/vacancies/129564706: {"errors":[{"value":"captcha_required","captcha_url":"https://hh.ru/account/captcha?state=pxvcxBozfu7ry7R4QCetFmUA3SFZr_Pa4yXPQEusAiQIVW2lajVtNll6OObEQw_9kbOPkbKbHHm7t-XIJMQfyAabZRXMe4E7Q3GNxUJb1d8hww
[2026-01-20 21:19:45,521] ERROR: Unexpected status 403 for https://api.hh.ru/vacancies/129302477: {"errors":[{"value":"captcha_required","captcha_url":"https://hh.ru/account/captcha?state=pxvcxBozfu7ry7R4QCetFmUA3SFZr_Pa4yXPQEusAiQIVW2lajVtNll6OObEQw_9kbOPkbKbHHm7t-XIJMQfyPS6UvEqDEfnLIXH4cgaxTFlSU
[2026-01-20 21:19:45,524] ERROR: Unexpected status 403 for https://api.hh.ru/vacancies/129005446: {"errors":[{"value":"captcha_required","captcha_url":"https://hh.ru/account/captcha?state=pxvcxBozfu7ry7R4QCetFmUA3SFZr_Pa4yXPQEusAiQIVW2lajVtNll6OObEQw_9kbOPkbKbHHm7t-XIJMQfyK-_Q-XCey76nEOIbnatqaxB1B
[2026-01-20 21:19:45,544] ERROR: Unexpected status 403 for https://api.hh.ru/vacancies/129437431: {"errors":[{"value":"captcha_required","captcha_url":"https://hh.ru/account/captcha?state=pxvcxBozfu7ry7R4QCetFmUA3SFZr_Pa4yXPQEusAiQIVW2lajVtNll6OObEQw_9kbOPkbKbHHm7t-XIJMQfyB-uh2z9KJMM5fvwwiZ67kitmj
[2026-01-20 21:19:45,582] ERROR: Unexpected status 403 for https://api.hh.ru/vacancies/129519372: {"errors":[{"value":"captcha_required","captcha_url":"https://hh.ru/account/captcha?state=pxvcxBozfu7ry7R4QCetFmUA3SFZr_Pa4yXPQEusAiQIVW2lajVtNll6OObEQw_9kbOPkbKbHHm7t-XIJMQfyHPZ8Y3uHi1ltzmrK38v_uuLZr
[2026-01-20 21:19:45,583] ERROR: Unexpected status 403 for https://api.hh.ru/vacancies/116702680: {"errors":[{"value":"captcha_required","captcha_url":"https://hh.ru/account/captcha?state=pxvcxBozfu7ry7R4QCetFmUA3SFZr_Pa4yXPQEusAiQIVW2lajVtNll6OObEQw_9kbOPkbKbHHm7t-XIJMQfyLnJ5oG6q0viAnH9ocxL49toZn
[2026-01-20 21:19:45,590] ERROR: Unexpected status 403 for https://api.hh.ru/vacancies/129184307: {"errors":[{"value":"captcha_required","captcha_url":"https://hh.ru/account/captcha?state=pxvcxBozfu7ry7R4QCetFmUA3SFZr_Pa4yXPQEusAiQIVW2lajVtNll6OObEQw_9kbOPkbKbHHm7t-XIJMQfyPYNodVQ9QRqlRM132dg1o1xBo
[2026-01-20 21:19:45,592] ERROR: Unexpected status 403 for https://api.hh.ru/vacancies/129374191: {"errors":[{"value":"captcha_required","captcha_url":"https://hh.ru/account/captcha?state=pxvcxBozfu7ry7R4QCetFmUA3SFZr_Pa4yXPQEusAiQIVW2lajVtNll6OObEQw_9kbOPkbKbHHm7t-XIJMQfyFoNLuqtTCeO5j8ulNFKWmgmnO
[2026-01-20 21:19:45,596] ERROR: Unexpected status 403 for https://api.hh.ru/vacancies/129309076: {"errors":[{"value":"captcha_required","captcha_url":"https://hh.ru/account/captcha?state=pxvcxBozfu7ry7R4QCetFmUA3SFZr_Pa4yXPQEusAiQIVW2lajVtNll6OObEQw_9kbOPkbKbHHm7t-XIJMQfyJ_gK1soqZ5gfmR6wtlU26jink
[2026-01-20 21:19:45,604] ERROR: Unexpected status 403 for https://api.hh.ru/vacancies/129319344: {"errors":[{"value":"captcha_required","captcha_url":"https://hh.ru/account/captcha?state=pxvcxBozfu7ry7R4QCetFmUA3SFZr_Pa4yXPQEusAiQIVW2lajVtNll6OObEQw_9kbOPkbKbHHm7t-XIJMQfyGk_3d_2PIs8Nw2My3uA3IvJ8X
[2026-01-20 21:19:45,618] ERROR: Unexpected status 403 for https://api.hh.ru/vacancies/125843368: {"errors":[{"value":"captcha_required","captcha_url":"https://hh.ru/account/captcha?state=pxvcxBozfu7ry7R4QCetFmUA3SFZr_Pa4yXPQEusAiQIVW2lajVtNll6OObEQw_9kbOPkbKbHHm7t-XIJMQfyPKs1cCOc6mjwjfqmH1uAuF6GQ
[2026-01-20 21:19:45,618] ERROR: Unexpected status 403 for https://api.hh.ru/vacancies/129187238: {"errors":[{"value":"captcha_required","captcha_url":"https://hh.ru/account/captcha?state=pxvcxBozfu7ry7R4QCetFmUA3SFZr_Pa4yXPQEusAiQIVW2lajVtNll6OObEQw_9kbOPkbKbHHm7t-XIJMQfyEOaf3UF01UA5g5tWQP5tfLfTI
[2026-01-20 21:19:45,623] WARNING: https://api.hh.ru/vacancies/129393229 -> 429; retrying in 1 seconds
[2026-01-20 21:19:45,628] ERROR: Unexpected status 403 for https://api.hh.ru/vacancies/128327806: {"errors":[{"value":"captcha_required","captcha_url":"https://hh.ru/account/captcha?state=pxvcxBozfu7ry7R4QCetFmUA3SFZr_Pa4yXPQEusAiQIVW2lajVtNll6OObEQw_9kbOPkbKbHHm7t-XIJMQfyAC8OADToZ-222Kp3-sFCaqGUv
[2026-01-20 21:19:45,634] ERROR: Unexpected status 403 for https://api.hh.ru/vacancies/129654161: {"errors":[{"value":"captcha_required","captcha_url":"https://hh.ru/account/captcha?state=pxvcxBozfu7ry7R4QCetFmUA3SFZr_Pa4yXPQEusAiQIVW2lajVtNll6OObEQw_9kbOPkbKbHHm7t-XIJMQfyA438mJXkQfn2Fwj0iOBSMPiS8
[2026-01-20 21:19:45,635] ERROR: Unexpected status 403 for https://api.hh.ru/vacancies/129401320: {"errors":[{"value":"captcha_required","captcha_url":"https://hh.ru/account/captcha?state=pxvcxBozfu7ry7R4QCetFmUA3SFZr_Pa4yXPQEusAiQIVW2lajVtNll6OObEQw_9kbOPkbKbHHm7t-XIJMQfyMpUlQSfMVilD22-d7MtSNJIiO
[2026-01-20 21:19:45,642] WARNING: https://api.hh.ru/vacancies/129011418 -> 429; retrying in 1 seconds
[2026-01-20 21:19:45,674] ERROR: Unexpected status 403 for https://api.hh.ru/vacancies/129073931: {"errors":[{"value":"captcha_required","captcha_url":"https://hh.ru/account/captcha?state=pxvcxBozfu7ry7R4QCetFmUA3SFZr_Pa4yXPQEusAiQIVW2lajVtNll6OObEQw_9kbOPkbKbHHm7t-XIJMQfyFhYtMLiKwLvdAZgHdmIDJ18c6
[2026-01-20 21:19:45,676] ERROR: Unexpected status 403 for https://api.hh.ru/vacancies/129307666: {"errors":[{"value":"captcha_required","captcha_url":"https://hh.ru/account/captcha?state=pxvcxBozfu7ry7R4QCetFmUA3SFZr_Pa4yXPQEusAiQIVW2lajVtNll6OObEQw_9kbOPkbKbHHm7t-XIJMQfyNyHy7eEdtXDKKlRAlj2KLAYaF
[2026-01-20 21:19:45,678] ERROR: Unexpected status 403 for https://api.hh.ru/vacancies/129483915: {"errors":[{"value":"captcha_required","captcha_url":"https://hh.ru/account/captcha?state=pxvcxBozfu7ry7R4QCetFmUA3SFZr_Pa4yXPQEusAiQIVW2lajVtNll6OObEQw_9kbOPkbKbHHm7t-XIJMQfyIi25i--PBK80hssCiMdHpkO27
[2026-01-20 21:19:45,689] ERROR: Unexpected status 403 for https://api.hh.ru/vacancies/127966770: {"errors":[{"value":"captcha_required","captcha_url":"https://hh.ru/account/captcha?state=pxvcxBozfu7ry7R4QCetFmUA3SFZr_Pa4yXPQEusAiQIVW2lajVtNll6OObEQw_9kbOPkbKbHHm7t-XIJMQfyKstw1gm0hhYzFqhIGgQHMcSEe
[2026-01-20 21:19:45,694] ERROR: Unexpected status 403 for https://api.hh.ru/vacancies/128973743: {"errors":[{"value":"captcha_required","captcha_url":"https://hh.ru/account/captcha?state=pxvcxBozfu7ry7R4QCetFmUA3SFZr_Pa4yXPQEusAiQIVW2lajVtNll6OObEQw_9kbOPkbKbHHm7t-XIJMQfyA2_pvV6Qww-WDFes55_vXrGBu
[2026-01-20 21:19:45,710] ERROR: Unexpected status 403 for https://api.hh.ru/vacancies/129389381: {"errors":[{"value":"captcha_required","captcha_url":"https://hh.ru/account/captcha?state=pxvcxBozfu7ry7R4QCetFmUA3SFZr_Pa4yXPQEusAiQIVW2lajVtNll6OObEQw_9kbOPkbKbHHm7t-XIJMQfyDBi-VoOMH-FHUsrrh4-b8755g
[2026-01-20 21:19:45,715] ERROR: Unexpected status 403 for https://api.hh.ru/vacancies/129523878: {"errors":[{"value":"captcha_required","captcha_url":"https://hh.ru/account/captcha?state=pxvcxBozfu7ry7R4QCetFmUA3SFZr_Pa4yXPQEusAiQIVW2lajVtNll6OObEQw_9kbOPkbKbHHm7t-XIJMQfyHMSSZydKgRqtVEniPFIVDZrf4
[2026-01-20 21:19:45,741] ERROR: Unexpected status 403 for https://api.hh.ru/vacancies/129334469: {"errors":[{"value":"captcha_required","captcha_url":"https://hh.ru/account/captcha?state=pxvcxBozfu7ry7R4QCetFmUA3SFZr_Pa4yXPQEusAiQIVW2lajVtNll6OObEQw_9kbOPkbKbHHm7t-XIJMQfyIMtlVhowbJE9WmnGW0291h95a
[2026-01-20 21:19:45,744] ERROR: Unexpected status 403 for https://api.hh.ru/vacancies/129540494: {"errors":[{"value":"captcha_required","captcha_url":"https://hh.ru/account/captcha?state=pxvcxBozfu7ry7R4QCetFmUA3SFZr_Pa4yXPQEusAiQIVW2lajVtNll6OObEQw_9kbOPkbKbHHm7t-XIJMQfyJsCPbygc4Wspk2kjLYRLESocZ
[2026-01-20 21:19:45,747] ERROR: Unexpected status 403 for https://api.hh.ru/vacancies/129533772: {"errors":[{"value":"captcha_required","captcha_url":"https://hh.ru/account/captcha?state=pxvcxBozfu7ry7R4QCetFmUA3SFZr_Pa4yXPQEusAiQIVW2lajVtNll6OObEQw_9kbOPkbKbHHm7t-XIJMQfyNeB_F_re1Gp17nAA_9yevNw36
[2026-01-20 21:19:45,753] ERROR: Unexpected status 403 for https://api.hh.ru/vacancies/129347479: {"errors":[{"value":"captcha_required","captcha_url":"https://hh.ru/account/captcha?state=pxvcxBozfu7ry7R4QCetFmUA3SFZr_Pa4yXPQEusAiQIVW2lajVtNll6OObEQw_9kbOPkbKbHHm7t-XIJMQfyIlDYMwyclMQn9mZ3BOzw_2VNt
[2026-01-20 21:19:45,777] ERROR: Unexpected status 403 for https://api.hh.ru/vacancies/129376026: {"errors":[{"value":"captcha_required","captcha_url":"https://hh.ru/account/captcha?state=pxvcxBozfu7ry7R4QCetFmUA3SFZr_Pa4yXPQEusAiQIVW2lajVtNll6OObEQw_9kbOPkbKbHHm7t-XIJMQfyLVVKetuShJt3hzL0rFtSm-iJj
[2026-01-20 21:19:45,778] ERROR: Unexpected status 403 for https://api.hh.ru/vacancies/129544719: {"errors":[{"value":"captcha_required","captcha_url":"https://hh.ru/account/captcha?state=pxvcxBozfu7ry7R4QCetFmUA3SFZr_Pa4yXPQEusAiQIVW2lajVtNll6OObEQw_9kbOPkbKbHHm7t-XIJMQfyB5WfEIl9dEN0J_fqBjqmLkKzH
[2026-01-20 21:19:45,810] ERROR: Unexpected status 403 for https://api.hh.ru/vacancies/129542654: {"errors":[{"value":"captcha_required","captcha_url":"https://hh.ru/account/captcha?state=pxvcxBozfu7ry7R4QCetFmUA3SFZr_Pa4yXPQEusAiQIVW2lajVtNll6OObEQw_9kbOPkbKbHHm7t-XIJMQfyHxYYyDNuqb5rlClOOp8IxhL7f
[2026-01-20 21:19:45,810] INFO: Worker 2 finished area Килемары; total collected 119
[2026-01-20 21:19:45,810] INFO: Worker 2 scanning area Красный Стекловар (7178)
[2026-01-20 21:19:45,814] ERROR: Unexpected status 403 for https://api.hh.ru/vacancies/129387476: {"errors":[{"value":"captcha_required","captcha_url":"https://hh.ru/account/captcha?state=pxvcxBozfu7ry7R4QCetFmUA3SFZr_Pa4yXPQEusAiQIVW2lajVtNll6OObEQw_9kbOPkbKbHHm7t-XIJMQfyM1y7c9WXuYbThOqNex14o1lhl
[2026-01-20 21:19:45,816] ERROR: Unexpected status 403 for https://api.hh.ru/vacancies/120833066: {"errors":[{"value":"captcha_required","captcha_url":"https://hh.ru/account/captcha?state=pxvcxBozfu7ry7R4QCetFmUA3SFZr_Pa4yXPQEusAiQIVW2lajVtNll6OObEQw_9kbOPkbKbHHm7t-XIJMQfyIlKqa7smTZJDij2o1CN9pjVAY
[2026-01-20 21:19:45,834] ERROR: Unexpected status 403 for https://api.hh.ru/vacancies/129376701: {"errors":[{"value":"captcha_required","captcha_url":"https://hh.ru/account/captcha?state=pxvcxBozfu7ry7R4QCetFmUA3SFZr_Pa4yXPQEusAiQIVW2lajVtNll6OObEQw_9kbOPkbKbHHm7t-XIJMQfyKJX1PWrimK_gXuwU3E6s2B_Pd
[2026-01-20 21:19:45,836] ERROR: Unexpected status 403 for https://api.hh.ru/vacancies/129481350: {"errors":[{"value":"captcha_required","captcha_url":"https://hh.ru/account/captcha?state=pxvcxBozfu7ry7R4QCetFmUA3SFZr_Pa4yXPQEusAiQIVW2lajVtNll6OObEQw_9kbOPkbKbHHm7t-XIJMQfyFQyqQWErCnr40ZJan2gGBTU3-
[2026-01-20 21:19:45,837] ERROR: Unexpected status 403 for https://api.hh.ru/vacancies/128980944: {"errors":[{"value":"captcha_required","captcha_url":"https://hh.ru/account/captcha?state=pxvcxBozfu7ry7R4QCetFmUA3SFZr_Pa4yXPQEusAiQIVW2lajVtNll6OObEQw_9kbOPkbKbHHm7t-XIJMQfyFo4PKHlKfv6tn4ss506PNXwqC
[2026-01-20 21:19:45,856] ERROR: Unexpected status 403 for https://api.hh.ru/vacancies/129406174: {"errors":[{"value":"captcha_required","captcha_url":"https://hh.ru/account/captcha?state=pxvcxBozfu7ry7R4QCetFmUA3SFZr_Pa4yXPQEusAiQIVW2lajVtNll6OObEQw_9kbOPkbKbHHm7t-XIJMQfyOSZOMWkjpZKZ7NCwyKwceCYSY
[2026-01-20 21:19:45,869] ERROR: Unexpected status 403 for https://api.hh.ru/vacancies/129080334: {"errors":[{"value":"captcha_required","captcha_url":"https://hh.ru/account/captcha?state=pxvcxBozfu7ry7R4QCetFmUA3SFZr_Pa4yXPQEusAiQIVW2lajVtNll6OObEQw_9kbOPkbKbHHm7t-XIJMQfyLheMyHqcOqk3TGD_vV0FrQd_d
[2026-01-20 21:19:45,870] ERROR: Unexpected status 403 for https://api.hh.ru/vacancies/129508538: {"errors":[{"value":"captcha_required","captcha_url":"https://hh.ru/account/captcha?state=pxvcxBozfu7ry7R4QCetFmUA3SFZr_Pa4yXPQEusAiQIVW2lajVtNll6OObEQw_9kbOPkbKbHHm7t-XIJMQfyBjsnUkh_lgt7p2QUbWFtem7zX
[2026-01-20 21:19:45,908] ERROR: Unexpected status 403 for https://api.hh.ru/vacancies/129013484: {"errors":[{"value":"captcha_required","captcha_url":"https://hh.ru/account/captcha?state=pxvcxBozfu7ry7R4QCetFmUA3SFZr_Pa4yXPQEusAiQIVW2lajVtNll6OObEQw_9kbOPkbKbHHm7t-XIJMQfyFvoX01phkar-QtNipq76FHwoE
[2026-01-20 21:19:45,917] ERROR: Unexpected status 403 for https://api.hh.ru/vacancies/129510201: {"errors":[{"value":"captcha_required","captcha_url":"https://hh.ru/account/captcha?state=pxvcxBozfu7ry7R4QCetFmUA3SFZr_Pa4yXPQEusAiQIVW2lajVtNll6OObEQw_9kbOPkbKbHHm7t-XIJMQfyEDmp9VLdi8OmAkURuelOCgOiy
[2026-01-20 21:19:45,943] ERROR: Unexpected status 403 for https://api.hh.ru/vacancies/129376443: {"errors":[{"value":"captcha_required","captcha_url":"https://hh.ru/account/captcha?state=pxvcxBozfu7ry7R4QCetFmUA3SFZr_Pa4yXPQEusAiQIVW2lajVtNll6OObEQw_9kbOPkbKbHHm7t-XIJMQfyM1b5ktgfEJWIYhHi1KGkyChVQ
[2026-01-20 21:19:45,944] ERROR: Unexpected status 403 for https://api.hh.ru/vacancies/129502858: {"errors":[{"value":"captcha_required","captcha_url":"https://hh.ru/account/captcha?state=pxvcxBozfu7ry7R4QCetFmUA3SFZr_Pa4yXPQEusAiQIVW2lajVtNll6OObEQw_9kbOPkbKbHHm7t-XIJMQfyO6YPRAtCaQJXzBu8iMxm0HiTx
[2026-01-20 21:19:45,952] ERROR: Unexpected status 403 for https://api.hh.ru/vacancies/129078196: {"errors":[{"value":"captcha_required","captcha_url":"https://hh.ru/account/captcha?state=pxvcxBozfu7ry7R4QCetFmUA3SFZr_Pa4yXPQEusAiQIVW2lajVtNll6OObEQw_9kbOPkbKbHHm7t-XIJMQfyJ0lj6N0_XaNNtgF8QLjPRf5b_
[2026-01-20 21:19:45,994] ERROR: Unexpected status 403 for https://api.hh.ru/vacancies/129011032: {"errors":[{"value":"captcha_required","captcha_url":"https://hh.ru/account/captcha?state=pxvcxBozfu7ry7R4QCetFmUA3SFZr_Pa4yXPQEusAiQIVW2lajVtNll6OObEQw_9kbOPkbKbHHm7t-XIJMQfyDiA-0SaB-VsKYIySjFWqV-LXz
[2026-01-20 21:19:45,997] ERROR: Unexpected status 403 for https://api.hh.ru/vacancies/128970216: {"errors":[{"value":"captcha_required","captcha_url":"https://hh.ru/account/captcha?state=pxvcxBozfu7ry7R4QCetFmUA3SFZr_Pa4yXPQEusAiQIVW2lajVtNll6OObEQw_9kbOPkbKbHHm7t-XIJMQfyGHtwla7yua77T8m4O_8vLEpoC
[2026-01-20 21:19:46,008] ERROR: Unexpected status 403 for https://api.hh.ru/vacancies/129363842: {"errors":[{"value":"captcha_required","captcha_url":"https://hh.ru/account/captcha?state=pxvcxBozfu7ry7R4QCetFmUA3SFZr_Pa4yXPQEusAiQIVW2lajVtNll6OObEQw_9kbOPkbKbHHm7t-XIJMQfyANO_0uI54kBilCUTli-RaTEpQ
[2026-01-20 21:19:46,020] ERROR: Unexpected status 403 for https://api.hh.ru/vacancies/124688984: {"errors":[{"value":"captcha_required","captcha_url":"https://hh.ru/account/captcha?state=pxvcxBozfu7ry7R4QCetFmUA3SFZr_Pa4yXPQEusAiQIVW2lajVtNll6OObEQw_9kbOPkbKbHHm7t-XIJMQfyDv9QETXcY8xvD3KaJf0_8JERW
[2026-01-20 21:19:46,040] ERROR: Unexpected status 403 for https://api.hh.ru/vacancies/129571146: {"errors":[{"value":"captcha_required","captcha_url":"https://hh.ru/account/captcha?state=pxvcxBozfu7ry7R4QCetFmUA3SFZr_Pa4yXPQEusAiQIVW2lajVtNll6OObEQw_9kbOPkbKbHHm7t-XIJMQfyAJzizvs-dmUunxEEZnemWDP-T
[2026-01-20 21:19:46,051] ERROR: Unexpected status 403 for https://api.hh.ru/vacancies/129510198: {"errors":[{"value":"captcha_required","captcha_url":"https://hh.ru/account/captcha?state=pxvcxBozfu7ry7R4QCetFmUA3SFZr_Pa4yXPQEusAiQIVW2lajVtNll6OObEQw_9kbOPkbKbHHm7t-XIJMQfyLHf7GXAkeFqNn5NxVCFDllshu
[2026-01-20 21:19:46,064] ERROR: Unexpected status 403 for https://api.hh.ru/vacancies/129599122: {"errors":[{"value":"captcha_required","captcha_url":"https://hh.ru/account/captcha?state=pxvcxBozfu7ry7R4QCetFmUA3SFZr_Pa4yXPQEusAiQIVW2lajVtNll6OObEQw_9kbOPkbKbHHm7t-XIJMQfyAorXF3A6rf8W28dZY-atnhp2B
[2026-01-20 21:19:46,081] ERROR: Unexpected status 403 for https://api.hh.ru/vacancies/129144408: {"errors":[{"value":"captcha_required","captcha_url":"https://hh.ru/account/captcha?state=pxvcxBozfu7ry7R4QCetFmUA3SFZr_Pa4yXPQEusAiQIVW2lajVtNll6OObEQw_9kbOPkbKbHHm7t-XIJMQfyOodMFTv9Abq5i3-XBVQWtm3U7
[2026-01-20 21:19:46,082] ERROR: Unexpected status 403 for https://api.hh.ru/vacancies/129597819: {"errors":[{"value":"captcha_required","captcha_url":"https://hh.ru/account/captcha?state=pxvcxBozfu7ry7R4QCetFmUA3SFZr_Pa4yXPQEusAiQIVW2lajVtNll6OObEQw_9kbOPkbKbHHm7t-XIJMQfyJgY6TTAdODz8wsroahRfL80fM
[2026-01-20 21:19:46,083] ERROR: Unexpected status 403 for https://api.hh.ru/vacancies/129609687: {"errors":[{"value":"captcha_required","captcha_url":"https://hh.ru/account/captcha?state=pxvcxBozfu7ry7R4QCetFmUA3SFZr_Pa4yXPQEusAiQIVW2lajVtNll6OObEQw_9kbOPkbKbHHm7t-XIJMQfyKFnVnoujkpo1TJcszFi1cS_27
[2026-01-20 21:19:46,113] ERROR: Unexpected status 403 for https://api.hh.ru/vacancies/128237139: {"errors":[{"value":"captcha_required","captcha_url":"https://hh.ru/account/captcha?state=pxvcxBozfu7ry7R4QCetFmUA3SFZr_Pa4yXPQEusAiQIVW2lajVtNll6OObEQw_9kbOPkbKbHHm7t-XIJMQfyK-1FNXlMzLr8k3iKcZFmkg-YC
[2026-01-20 21:19:46,125] ERROR: Unexpected status 403 for https://api.hh.ru/vacancies/129533679: {"errors":[{"value":"captcha_required","captcha_url":"https://hh.ru/account/captcha?state=pxvcxBozfu7ry7R4QCetFmUA3SFZr_Pa4yXPQEusAiQIVW2lajVtNll6OObEQw_9kbOPkbKbHHm7t-XIJMQfyJ4g3xEVVvyy8TfH4CMbQhbTYN
[2026-01-20 21:19:46,126] ERROR: Unexpected status 403 for https://api.hh.ru/vacancies/129626678: {"errors":[{"value":"captcha_required","captcha_url":"https://hh.ru/account/captcha?state=pxvcxBozfu7ry7R4QCetFmUA3SFZr_Pa4yXPQEusAiQIVW2lajVtNll6OObEQw_9kbOPkbKbHHm7t-XIJMQfyFo5dSTBgsRj2a1hRJeTEdrzWB
[2026-01-20 21:19:46,127] ERROR: Unexpected status 403 for https://api.hh.ru/vacancies/129527746: {"errors":[{"value":"captcha_required","captcha_url":"https://hh.ru/account/captcha?state=pxvcxBozfu7ry7R4QCetFmUA3SFZr_Pa4yXPQEusAiQIVW2lajVtNll6OObEQw_9kbOPkbKbHHm7t-XIJMQfyJ78waNExiWHc6YFIQmq8qG1g8
[2026-01-20 21:19:46,131] ERROR: Unexpected status 403 for https://api.hh.ru/vacancies/129461718: {"errors":[{"value":"captcha_required","captcha_url":"https://hh.ru/account/captcha?state=pxvcxBozfu7ry7R4QCetFmUA3SFZr_Pa4yXPQEusAiQIVW2lajVtNll6OObEQw_9kbOPkbKbHHm7t-XIJMQfyJmOEGIt_eg3NhBwMuBnwxImrX
[2026-01-20 21:19:46,135] ERROR: Unexpected status 403 for https://api.hh.ru/vacancies/129078206: {"errors":[{"value":"captcha_required","captcha_url":"https://hh.ru/account/captcha?state=pxvcxBozfu7ry7R4QCetFmUA3SFZr_Pa4yXPQEusAiQIVW2lajVtNll6OObEQw_9kbOPkbKbHHm7t-XIJMQfyEkZqMR5SjZYvJHspfDONK1kHQ
[2026-01-20 21:19:46,138] ERROR: Unexpected status 403 for https://api.hh.ru/vacancies/129546894: {"errors":[{"value":"captcha_required","captcha_url":"https://hh.ru/account/captcha?state=pxvcxBozfu7ry7R4QCetFmUA3SFZr_Pa4yXPQEusAiQIVW2lajVtNll6OObEQw_9kbOPkbKbHHm7t-XIJMQfyCDgLM9ODrhod4FmYmRiUUoAB9
[2026-01-20 21:19:46,145] ERROR: Unexpected status 403 for https://api.hh.ru/vacancies/126691493: {"errors":[{"value":"captcha_required","captcha_url":"https://hh.ru/account/captcha?state=pxvcxBozfu7ry7R4QCetFmUA3SFZr_Pa4yXPQEusAiQIVW2lajVtNll6OObEQw_9kbOPkbKbHHm7t-XIJMQfyJRJUsLQfBVunWiCznPL8gaoct
[2026-01-20 21:19:46,149] ERROR: Unexpected status 403 for https://api.hh.ru/vacancies/129423206: {"errors":[{"value":"captcha_required","captcha_url":"https://hh.ru/account/captcha?state=pxvcxBozfu7ry7R4QCetFmUA3SFZr_Pa4yXPQEusAiQIVW2lajVtNll6OObEQw_9kbOPkbKbHHm7t-XIJMQfyF7bakcTohuiC3bl194oVHdcpN
[2026-01-20 21:19:46,156] ERROR: Unexpected status 403 for https://api.hh.ru/vacancies/129405060: {"errors":[{"value":"captcha_required","captcha_url":"https://hh.ru/account/captcha?state=pxvcxBozfu7ry7R4QCetFmUA3SFZr_Pa4yXPQEusAiQIVW2lajVtNll6OObEQw_9kbOPkbKbHHm7t-XIJMQfyJcE_eybWJegFLAcymaQIMDkx0
[2026-01-20 21:19:46,163] ERROR: Unexpected status 403 for https://api.hh.ru/vacancies/129514584: {"errors":[{"value":"captcha_required","captcha_url":"https://hh.ru/account/captcha?state=pxvcxBozfu7ry7R4QCetFmUA3SFZr_Pa4yXPQEusAiQIVW2lajVtNll6OObEQw_9kbOPkbKbHHm7t-XIJMQfyKVciuxQLn1KQP6iocHYBlj2Ar
[2026-01-20 21:19:46,183] ERROR: Unexpected status 403 for https://api.hh.ru/vacancies/129158375: {"errors":[{"value":"captcha_required","captcha_url":"https://hh.ru/account/captcha?state=pxvcxBozfu7ry7R4QCetFmUA3SFZr_Pa4yXPQEusAiQIVW2lajVtNll6OObEQw_9kbOPkbKbHHm7t-XIJMQfyP7Wk3dAJH5kemsQW9LosUGqf7
[2026-01-20 21:19:46,197] ERROR: Unexpected status 403 for https://api.hh.ru/vacancies/129504953: {"errors":[{"value":"captcha_required","captcha_url":"https://hh.ru/account/captcha?state=pxvcxBozfu7ry7R4QCetFmUA3SFZr_Pa4yXPQEusAiQIVW2lajVtNll6OObEQw_9kbOPkbKbHHm7t-XIJMQfyJOSyMnVVvQrtqIIqjX3o1JpcY
[2026-01-20 21:19:46,205] ERROR: Unexpected status 403 for https://api.hh.ru/vacancies/129598384: {"errors":[{"value":"captcha_required","captcha_url":"https://hh.ru/account/captcha?state=pxvcxBozfu7ry7R4QCetFmUA3SFZr_Pa4yXPQEusAiQIVW2lajVtNll6OObEQw_9kbOPkbKbHHm7t-XIJMQfyNpCfUNiHEdH8E40fIbUHNuQU6
[2026-01-20 21:19:46,207] ERROR: Unexpected status 403 for https://api.hh.ru/vacancies/129358396: {"errors":[{"value":"captcha_required","captcha_url":"https://hh.ru/account/captcha?state=pxvcxBozfu7ry7R4QCetFmUA3SFZr_Pa4yXPQEusAiQIVW2lajVtNll6OObEQw_9kbOPkbKbHHm7t-XIJMQfyFjU25Rao_-FmKBC5YPQkUNW6t
[2026-01-20 21:19:46,238] ERROR: Unexpected status 403 for https://api.hh.ru/vacancies/129476034: {"errors":[{"value":"captcha_required","captcha_url":"https://hh.ru/account/captcha?state=pxvcxBozfu7ry7R4QCetFmUA3SFZr_Pa4yXPQEusAiQIVW2lajVtNll6OObEQw_9kbOPkbKbHHm7t-XIJMQfyFatN4O9UaqHlULjm7lUC1OSBC
[2026-01-20 21:19:46,248] ERROR: Unexpected status 403 for https://api.hh.ru/vacancies/129405760: {"errors":[{"value":"captcha_required","captcha_url":"https://hh.ru/account/captcha?state=pxvcxBozfu7ry7R4QCetFmUA3SFZr_Pa4yXPQEusAiQIVW2lajVtNll6OObEQw_9kbOPkbKbHHm7t-XIJMQfyF6XX4RM67JUvIzM5I_eRho3w_
[2026-01-20 21:19:46,253] ERROR: Unexpected status 403 for https://api.hh.ru/vacancies/129454543: {"errors":[{"value":"captcha_required","captcha_url":"https://hh.ru/account/captcha?state=pxvcxBozfu7ry7R4QCetFmUA3SFZr_Pa4yXPQEusAiQIVW2lajVtNll6OObEQw_9kbOPkbKbHHm7t-XIJMQfyKgU4zDQ6B6VWPkGszXB1fdxn4
[2026-01-20 21:19:46,258] ERROR: Unexpected status 403 for https://api.hh.ru/vacancies/129457742: {"errors":[{"value":"captcha_required","captcha_url":"https://hh.ru/account/captcha?state=pxvcxBozfu7ry7R4QCetFmUA3SFZr_Pa4yXPQEusAiQIVW2lajVtNll6OObEQw_9kbOPkbKbHHm7t-XIJMQfyGDu4vSxZDcEdt_z8LnshsJ6yx
[2026-01-20 21:19:46,260] ERROR: Unexpected status 403 for https://api.hh.ru/vacancies/129626782: {"errors":[{"value":"captcha_required","captcha_url":"https://hh.ru/account/captcha?state=pxvcxBozfu7ry7R4QCetFmUA3SFZr_Pa4yXPQEusAiQIVW2lajVtNll6OObEQw_9kbOPkbKbHHm7t-XIJMQfyJqikvav2XwSnh2aWsulX3VInx
[2026-01-20 21:19:46,264] ERROR: Unexpected status 403 for https://api.hh.ru/vacancies/129193138: {"errors":[{"value":"captcha_required","captcha_url":"https://hh.ru/account/captcha?state=pxvcxBozfu7ry7R4QCetFmUA3SFZr_Pa4yXPQEusAiQIVW2lajVtNll6OObEQw_9kbOPkbKbHHm7t-XIJMQfyB7IgAzGqe02p-ePt4bxEU35rx
[2026-01-20 21:19:46,271] ERROR: Unexpected status 403 for https://api.hh.ru/vacancies/129403558: {"errors":[{"value":"captcha_required","captcha_url":"https://hh.ru/account/captcha?state=pxvcxBozfu7ry7R4QCetFmUA3SFZr_Pa4yXPQEusAiQIVW2lajVtNll6OObEQw_9kbOPkbKbHHm7t-XIJMQfyLr4Hy4OQQ6tnexi61ree27zea
[2026-01-20 21:19:46,272] ERROR: Unexpected status 403 for https://api.hh.ru/vacancies/129494164: {"errors":[{"value":"captcha_required","captcha_url":"https://hh.ru/account/captcha?state=pxvcxBozfu7ry7R4QCetFmUA3SFZr_Pa4yXPQEusAiQIVW2lajVtNll6OObEQw_9kbOPkbKbHHm7t-XIJMQfyDHAeetjqb0TrQjmB7fjLUJ6dP
[2026-01-20 21:19:46,291] ERROR: Unexpected status 403 for https://api.hh.ru/vacancies/129284868: {"errors":[{"value":"captcha_required","captcha_url":"https://hh.ru/account/captcha?state=pxvcxBozfu7ry7R4QCetFmUA3SFZr_Pa4yXPQEusAiQIVW2lajVtNll6OObEQw_9kbOPkbKbHHm7t-XIJMQfyMfAhyoMeXnIn2DDNNVcaEt1UY
[2026-01-20 21:19:46,323] ERROR: Unexpected status 403 for https://api.hh.ru/vacancies/129567070: {"errors":[{"value":"captcha_required","captcha_url":"https://hh.ru/account/captcha?state=pxvcxBozfu7ry7R4QCetFmUA3SFZr_Pa4yXPQEusAiQIVW2lajVtNll6OObEQw_9kbOPkbKbHHm7t-XIJMQfyH-JdjIBUG6Cxh859mCNQ-W0t5
[2026-01-20 21:19:46,329] ERROR: Unexpected status 403 for https://api.hh.ru/vacancies/129522643: {"errors":[{"value":"captcha_required","captcha_url":"https://hh.ru/account/captcha?state=pxvcxBozfu7ry7R4QCetFmUA3SFZr_Pa4yXPQEusAiQIVW2lajVtNll6OObEQw_9kbOPkbKbHHm7t-XIJMQfyMhWMmr-N3WMbZXuN4CzrfSuQe
[2026-01-20 21:19:46,330] ERROR: Unexpected status 403 for https://api.hh.ru/vacancies/129359781: {"errors":[{"value":"captcha_required","captcha_url":"https://hh.ru/account/captcha?state=pxvcxBozfu7ry7R4QCetFmUA3SFZr_Pa4yXPQEusAiQIVW2lajVtNll6OObEQw_9kbOPkbKbHHm7t-XIJMQfyAAX9lqS1Dn8G2-qF1APXemTck
[2026-01-20 21:19:46,357] ERROR: Unexpected status 403 for https://api.hh.ru/vacancies/129581919: {"errors":[{"value":"captcha_required","captcha_url":"https://hh.ru/account/captcha?state=pxvcxBozfu7ry7R4QCetFmUA3SFZr_Pa4yXPQEusAiQIVW2lajVtNll6OObEQw_9kbOPkbKbHHm7t-XIJMQfyDNl14XUnfiZ69TZzMqHDlQKPQ
[2026-01-20 21:19:46,362] ERROR: Unexpected status 403 for https://api.hh.ru/vacancies/129480993: {"errors":[{"value":"captcha_required","captcha_url":"https://hh.ru/account/captcha?state=pxvcxBozfu7ry7R4QCetFmUA3SFZr_Pa4yXPQEusAiQIVW2lajVtNll6OObEQw_9kbOPkbKbHHm7t-XIJMQfyM0f5lcN6Ew5deq2FrU_qo5ftP
[2026-01-20 21:19:46,374] ERROR: Unexpected status 403 for https://api.hh.ru/vacancies/129635277: {"errors":[{"value":"captcha_required","captcha_url":"https://hh.ru/account/captcha?state=pxvcxBozfu7ry7R4QCetFmUA3SFZr_Pa4yXPQEusAiQIVW2lajVtNll6OObEQw_9kbOPkbKbHHm7t-XIJMQfyDgHEbtQdqu3r4w62yK3JRPzEZ
[2026-01-20 21:19:46,383] ERROR: Unexpected status 403 for https://api.hh.ru/vacancies/129322848: {"errors":[{"value":"captcha_required","captcha_url":"https://hh.ru/account/captcha?state=pxvcxBozfu7ry7R4QCetFmUA3SFZr_Pa4yXPQEusAiQIVW2lajVtNll6OObEQw_9kbOPkbKbHHm7t-XIJMQfyOUMyGov4RumKQDCFYYLfXHYH2
[2026-01-20 21:19:46,392] ERROR: Unexpected status 403 for https://api.hh.ru/vacancies/129640762: {"errors":[{"value":"captcha_required","captcha_url":"https://hh.ru/account/captcha?state=pxvcxBozfu7ry7R4QCetFmUA3SFZr_Pa4yXPQEusAiQIVW2lajVtNll6OObEQw_9kbOPkbKbHHm7t-XIJMQfyJd_2LW5GPNtVNJIde7PSP7Pen
[2026-01-20 21:19:46,394] ERROR: Unexpected status 403 for https://api.hh.ru/vacancies/129523255: {"errors":[{"value":"captcha_required","captcha_url":"https://hh.ru/account/captcha?state=pxvcxBozfu7ry7R4QCetFmUA3SFZr_Pa4yXPQEusAiQIVW2lajVtNll6OObEQw_9kbOPkbKbHHm7t-XIJMQfyLhZ9-t0sqI5q1JCdWqBMcabeq
[2026-01-20 21:19:46,396] ERROR: Unexpected status 403 for https://api.hh.ru/vacancies/129403387: {"errors":[{"value":"captcha_required","captcha_url":"https://hh.ru/account/captcha?state=pxvcxBozfu7ry7R4QCetFmUA3SFZr_Pa4yXPQEusAiQIVW2lajVtNll6OObEQw_9kbOPkbKbHHm7t-XIJMQfyKG6oVnBe1i4mDuU5D292wPoLr
[2026-01-20 21:19:46,403] ERROR: Unexpected status 403 for https://api.hh.ru/vacancies/129144407: {"errors":[{"value":"captcha_required","captcha_url":"https://hh.ru/account/captcha?state=pxvcxBozfu7ry7R4QCetFmUA3SFZr_Pa4yXPQEusAiQIVW2lajVtNll6OObEQw_9kbOPkbKbHHm7t-XIJMQfyIlUrrl3vIzm9_cwM16KLYdxAC
[2026-01-20 21:19:46,412] ERROR: Unexpected status 403 for https://api.hh.ru/vacancies/129399447: {"errors":[{"value":"captcha_required","captcha_url":"https://hh.ru/account/captcha?state=pxvcxBozfu7ry7R4QCetFmUA3SFZr_Pa4yXPQEusAiQIVW2lajVtNll6OObEQw_9kbOPkbKbHHm7t-XIJMQfyG87ee1n7n102987y7dqQAb5x4
[2026-01-20 21:19:46,418] ERROR: Unexpected status 403 for https://api.hh.ru/vacancies/129589220: {"errors":[{"value":"captcha_required","captcha_url":"https://hh.ru/account/captcha?state=pxvcxBozfu7ry7R4QCetFmUA3SFZr_Pa4yXPQEusAiQIVW2lajVtNll6OObEQw_9kbOPkbKbHHm7t-XIJMQfyDGU96YGt571bmJ6aLT6kITWeo
[2026-01-20 21:19:46,429] ERROR: Unexpected status 403 for https://api.hh.ru/vacancies/129518155: {"errors":[{"value":"captcha_required","captcha_url":"https://hh.ru/account/captcha?state=pxvcxBozfu7ry7R4QCetFmUA3SFZr_Pa4yXPQEusAiQIVW2lajVtNll6OObEQw_9kbOPkbKbHHm7t-XIJMQfyIg5NwcSR7SZwsq7hz507xmYy2
[2026-01-20 21:19:46,444] ERROR: Unexpected status 403 for https://api.hh.ru/vacancies/129510197: {"errors":[{"value":"captcha_required","captcha_url":"https://hh.ru/account/captcha?state=pxvcxBozfu7ry7R4QCetFmUA3SFZr_Pa4yXPQEusAiQIVW2lajVtNll6OObEQw_9kbOPkbKbHHm7t-XIJMQfyFyvE5OtW8X4NhTrQGbcLoJs-H
[2026-01-20 21:19:46,445] WARNING: https://api.hh.ru/vacancies/129472233 -> 429; retrying in 1 seconds
[2026-01-20 21:19:46,449] ERROR: Unexpected status 403 for https://api.hh.ru/vacancies/129479830: {"errors":[{"value":"captcha_required","captcha_url":"https://hh.ru/account/captcha?state=pxvcxBozfu7ry7R4QCetFmUA3SFZr_Pa4yXPQEusAiQIVW2lajVtNll6OObEQw_9kbOPkbKbHHm7t-XIJMQfyIZpdie1-frbkGo09KHbZmk8FS
[2026-01-20 21:19:46,451] ERROR: Unexpected status 403 for https://api.hh.ru/vacancies/127012354: {"errors":[{"value":"captcha_required","captcha_url":"https://hh.ru/account/captcha?state=pxvcxBozfu7ry7R4QCetFmUA3SFZr_Pa4yXPQEusAiQIVW2lajVtNll6OObEQw_9kbOPkbKbHHm7t-XIJMQfyEc3vdVXztq-ikZm-yc0EJBnxS
[2026-01-20 21:19:46,464] ERROR: Unexpected status 403 for https://api.hh.ru/vacancies/125500223: {"errors":[{"value":"captcha_required","captcha_url":"https://hh.ru/account/captcha?state=pxvcxBozfu7ry7R4QCetFmUA3SFZr_Pa4yXPQEusAiQIVW2lajVtNll6OObEQw_9kbOPkbKbHHm7t-XIJMQfyNsI9agHUKMwhZ5TslzEHBtwSR
[2026-01-20 21:19:46,474] ERROR: Unexpected status 403 for https://api.hh.ru/vacancies/129579214: {"errors":[{"value":"captcha_required","captcha_url":"https://hh.ru/account/captcha?state=pxvcxBozfu7ry7R4QCetFmUA3SFZr_Pa4yXPQEusAiQIVW2lajVtNll6OObEQw_9kbOPkbKbHHm7t-XIJMQfyBfM8p6wiIlITqFaF_m0kmSzAw
[2026-01-20 21:19:46,509] ERROR: Unexpected status 403 for https://api.hh.ru/vacancies/129395221: {"errors":[{"value":"captcha_required","captcha_url":"https://hh.ru/account/captcha?state=pxvcxBozfu7ry7R4QCetFmUA3SFZr_Pa4yXPQEusAiQIVW2lajVtNll6OObEQw_9kbOPkbKbHHm7t-XIJMQfyCvRtvlmRXd7OcCrBRauHOr6ty
[2026-01-20 21:19:46,514] ERROR: Unexpected status 403 for https://api.hh.ru/vacancies/129010731: {"errors":[{"value":"captcha_required","captcha_url":"https://hh.ru/account/captcha?state=pxvcxBozfu7ry7R4QCetFmUA3SFZr_Pa4yXPQEusAiQIVW2lajVtNll6OObEQw_9kbOPkbKbHHm7t-XIJMQfyJHW56ADuRmyP8pU-sS0Vkc2d9
[2026-01-20 21:19:46,515] ERROR: Unexpected status 403 for https://api.hh.ru/vacancies/128572039: {"errors":[{"value":"captcha_required","captcha_url":"https://hh.ru/account/captcha?state=pxvcxBozfu7ry7R4QCetFmUA3SFZr_Pa4yXPQEusAiQIVW2lajVtNll6OObEQw_9kbOPkbKbHHm7t-XIJMQfyOkAyxd8ul2Oqm3XIkj1JU0oGU
[2026-01-20 21:19:46,515] INFO: Worker 5 finished area Красногорский (Республика Марий Эл); total collected 119
[2026-01-20 21:19:46,515] INFO: Worker 5 scanning area Куженер (4234)
[2026-01-20 21:19:46,516] ERROR: Unexpected status 403 for https://api.hh.ru/vacancies/129645185: {"errors":[{"value":"captcha_required","captcha_url":"https://hh.ru/account/captcha?state=pxvcxBozfu7ry7R4QCetFmUA3SFZr_Pa4yXPQEusAiQIVW2lajVtNll6OObEQw_9kbOPkbKbHHm7t-XIJMQfyKg-q8_qPZmDIZd4cBBlw0ftr8
[2026-01-20 21:19:46,530] ERROR: Unexpected status 403 for https://api.hh.ru/vacancies/129352609: {"errors":[{"value":"captcha_required","captcha_url":"https://hh.ru/account/captcha?state=pxvcxBozfu7ry7R4QCetFmUA3SFZr_Pa4yXPQEusAiQIVW2lajVtNll6OObEQw_9kbOPkbKbHHm7t-XIJMQfyBcW6pm3b9VFEXXqzPnNA1KfvF
[2026-01-20 21:19:46,530] ERROR: Unexpected status 403 for https://api.hh.ru/vacancies/129378481: {"errors":[{"value":"captcha_required","captcha_url":"https://hh.ru/account/captcha?state=pxvcxBozfu7ry7R4QCetFmUA3SFZr_Pa4yXPQEusAiQIVW2lajVtNll6OObEQw_9kbOPkbKbHHm7t-XIJMQfyD6ltygChV6WpYPHT9gNV0J2eY
[2026-01-20 21:19:46,532] ERROR: Unexpected status 403 for https://api.hh.ru/vacancies/128434971: {"errors":[{"value":"captcha_required","captcha_url":"https://hh.ru/account/captcha?state=pxvcxBozfu7ry7R4QCetFmUA3SFZr_Pa4yXPQEusAiQIVW2lajVtNll6OObEQw_9kbOPkbKbHHm7t-XIJMQfyJZHTJHqfKO8r0kyDoDlmPLof8
[2026-01-20 21:19:46,548] ERROR: Unexpected status 403 for https://api.hh.ru/vacancies/129507499: {"errors":[{"value":"captcha_required","captcha_url":"https://hh.ru/account/captcha?state=pxvcxBozfu7ry7R4QCetFmUA3SFZr_Pa4yXPQEusAiQIVW2lajVtNll6OObEQw_9kbOPkbKbHHm7t-XIJMQfyKME4T17t5BV1e4bb_X85_4ukI
[2026-01-20 21:19:46,554] ERROR: Unexpected status 403 for https://api.hh.ru/vacancies/129487879: {"errors":[{"value":"captcha_required","captcha_url":"https://hh.ru/account/captcha?state=pxvcxBozfu7ry7R4QCetFmUA3SFZr_Pa4yXPQEusAiQIVW2lajVtNll6OObEQw_9kbOPkbKbHHm7t-XIJMQfyPAEGp7xGd7jwTkxbDNGLPor1w
[2026-01-20 21:19:46,590] ERROR: Unexpected status 403 for https://api.hh.ru/vacancies/129354446: {"errors":[{"value":"captcha_required","captcha_url":"https://hh.ru/account/captcha?state=pxvcxBozfu7ry7R4QCetFmUA3SFZr_Pa4yXPQEusAiQIVW2lajVtNll6OObEQw_9kbOPkbKbHHm7t-XIJMQfyFXvnyZistfdbCmNdp3Qw89fQY
[2026-01-20 21:19:46,619] ERROR: Unexpected status 403 for https://api.hh.ru/vacancies/129599125: {"errors":[{"value":"captcha_required","captcha_url":"https://hh.ru/account/captcha?state=pxvcxBozfu7ry7R4QCetFmUA3SFZr_Pa4yXPQEusAiQIVW2lajVtNll6OObEQw_9kbOPkbKbHHm7t-XIJMQfyPD_2XZQVBtDckwo7mkAUsYtkg
[2026-01-20 21:19:46,626] ERROR: Unexpected status 403 for https://api.hh.ru/vacancies/125644666: {"errors":[{"value":"captcha_required","captcha_url":"https://hh.ru/account/captcha?state=pxvcxBozfu7ry7R4QCetFmUA3SFZr_Pa4yXPQEusAiQIVW2lajVtNll6OObEQw_9kbOPkbKbHHm7t-XIJMQfyE9HSxfYZIOWXE-feRnG3JlyvQ
[2026-01-20 21:19:46,645] ERROR: Unexpected status 403 for https://api.hh.ru/vacancies/129328868: {"errors":[{"value":"captcha_required","captcha_url":"https://hh.ru/account/captcha?state=pxvcxBozfu7ry7R4QCetFmUA3SFZr_Pa4yXPQEusAiQIVW2lajVtNll6OObEQw_9kbOPkbKbHHm7t-XIJMQfyIWH2vvOAkz5cnxXngvMSsClUu
[2026-01-20 21:19:46,656] ERROR: Unexpected status 403 for https://api.hh.ru/vacancies/129158349: {"errors":[{"value":"captcha_required","captcha_url":"https://hh.ru/account/captcha?state=pxvcxBozfu7ry7R4QCetFmUA3SFZr_Pa4yXPQEusAiQIVW2lajVtNll6OObEQw_9kbOPkbKbHHm7t-XIJMQfyJt1F_9SR2szaZ7lXoPTBcnnct
[2026-01-20 21:19:46,669] ERROR: Unexpected status 403 for https://api.hh.ru/vacancies/129375625: {"errors":[{"value":"captcha_required","captcha_url":"https://hh.ru/account/captcha?state=pxvcxBozfu7ry7R4QCetFmUA3SFZr_Pa4yXPQEusAiQIVW2lajVtNll6OObEQw_9kbOPkbKbHHm7t-XIJMQfyMhVNACmG02JkPQVOeWSADSZ_7
[2026-01-20 21:19:46,678] ERROR: Unexpected status 403 for https://api.hh.ru/vacancies/129519039: {"errors":[{"value":"captcha_required","captcha_url":"https://hh.ru/account/captcha?state=pxvcxBozfu7ry7R4QCetFmUA3SFZr_Pa4yXPQEusAiQIVW2lajVtNll6OObEQw_9kbOPkbKbHHm7t-XIJMQfyOKQL5oAM-tCglxC09AAo9NAJs
[2026-01-20 21:19:46,678] ERROR: Unexpected status 403 for https://api.hh.ru/vacancies/129482183: {"errors":[{"value":"captcha_required","captcha_url":"https://hh.ru/account/captcha?state=pxvcxBozfu7ry7R4QCetFmUA3SFZr_Pa4yXPQEusAiQIVW2lajVtNll6OObEQw_9kbOPkbKbHHm7t-XIJMQfyIHHe4lI3XrKXNLGQ9Cl5iTze4
[2026-01-20 21:19:46,680] ERROR: Unexpected status 403 for https://api.hh.ru/vacancies/129380067: {"errors":[{"value":"captcha_required","captcha_url":"https://hh.ru/account/captcha?state=pxvcxBozfu7ry7R4QCetFmUA3SFZr_Pa4yXPQEusAiQIVW2lajVtNll6OObEQw_9kbOPkbKbHHm7t-XIJMQfyDkNgLddfT610rDJpgMXL3cU06
[2026-01-20 21:19:46,687] ERROR: Unexpected status 403 for https://api.hh.ru/vacancies/129613193: {"errors":[{"value":"captcha_required","captcha_url":"https://hh.ru/account/captcha?state=pxvcxBozfu7ry7R4QCetFmUA3SFZr_Pa4yXPQEusAiQIVW2lajVtNll6OObEQw_9kbOPkbKbHHm7t-XIJMQfyPN3k7NIY9emt4EDobDMy67Sjo
[2026-01-20 21:19:46,701] ERROR: Unexpected status 403 for https://api.hh.ru/vacancies/129425636: {"errors":[{"value":"captcha_required","captcha_url":"https://hh.ru/account/captcha?state=pxvcxBozfu7ry7R4QCetFmUA3SFZr_Pa4yXPQEusAiQIVW2lajVtNll6OObEQw_9kbOPkbKbHHm7t-XIJMQfyAYOl9kxA23DqLzfpNwkJpnMep
[2026-01-20 21:19:46,716] ERROR: Unexpected status 403 for https://api.hh.ru/vacancies/129589078: {"errors":[{"value":"captcha_required","captcha_url":"https://hh.ru/account/captcha?state=pxvcxBozfu7ry7R4QCetFmUA3SFZr_Pa4yXPQEusAiQIVW2lajVtNll6OObEQw_9kbOPkbKbHHm7t-XIJMQfyGs2a1DorJBQe-X2gj7rx2speK
[2026-01-20 21:19:46,719] ERROR: Unexpected status 403 for https://api.hh.ru/vacancies/129580711: {"errors":[{"value":"captcha_required","captcha_url":"https://hh.ru/account/captcha?state=pxvcxBozfu7ry7R4QCetFmUA3SFZr_Pa4yXPQEusAiQIVW2lajVtNll6OObEQw_9kbOPkbKbHHm7t-XIJMQfyPGD7RSimScoL2n-mawf9wKius
[2026-01-20 21:19:46,730] ERROR: Unexpected status 403 for https://api.hh.ru/vacancies/129567174: {"errors":[{"value":"captcha_required","captcha_url":"https://hh.ru/account/captcha?state=pxvcxBozfu7ry7R4QCetFmUA3SFZr_Pa4yXPQEusAiQIVW2lajVtNll6OObEQw_9kbOPkbKbHHm7t-XIJMQfyGaBzo3NedF5VjRlorzYgxPCfu
[2026-01-20 21:19:46,751] ERROR: Unexpected status 403 for https://api.hh.ru/vacancies/129313936: {"errors":[{"value":"captcha_required","captcha_url":"https://hh.ru/account/captcha?state=pxvcxBozfu7ry7R4QCetFmUA3SFZr_Pa4yXPQEusAiQIVW2lajVtNll6OObEQw_9kbOPkbKbHHm7t-XIJMQfyCav9aqhm5MEU0fbKPVsA9q8PO
[2026-01-20 21:19:46,757] ERROR: Unexpected status 403 for https://api.hh.ru/vacancies/129637811: {"errors":[{"value":"captcha_required","captcha_url":"https://hh.ru/account/captcha?state=pxvcxBozfu7ry7R4QCetFmUA3SFZr_Pa4yXPQEusAiQIVW2lajVtNll6OObEQw_9kbOPkbKbHHm7t-XIJMQfyENUhyEix6JO4pZDHfcknQgWaL
[2026-01-20 21:19:46,768] ERROR: Unexpected status 403 for https://api.hh.ru/vacancies/129183412: {"errors":[{"value":"captcha_required","captcha_url":"https://hh.ru/account/captcha?state=pxvcxBozfu7ry7R4QCetFmUA3SFZr_Pa4yXPQEusAiQIVW2lajVtNll6OObEQw_9kbOPkbKbHHm7t-XIJMQfyCyBxIOmwyySuRVNm7fiOUGyM_
[2026-01-20 21:19:46,778] ERROR: Unexpected status 403 for https://api.hh.ru/vacancies/129184289: {"errors":[{"value":"captcha_required","captcha_url":"https://hh.ru/account/captcha?state=pxvcxBozfu7ry7R4QCetFmUA3SFZr_Pa4yXPQEusAiQIVW2lajVtNll6OObEQw_9kbOPkbKbHHm7t-XIJMQfyMAvWbBeh_4YDJ5MBw36Lok3cT
[2026-01-20 21:19:46,790] ERROR: Unexpected status 403 for https://api.hh.ru/vacancies/129358291: {"errors":[{"value":"captcha_required","captcha_url":"https://hh.ru/account/captcha?state=pxvcxBozfu7ry7R4QCetFmUA3SFZr_Pa4yXPQEusAiQIVW2lajVtNll6OObEQw_9kbOPkbKbHHm7t-XIJMQfyGO-TPfV02T1AUPrWMuz74d3Qn
[2026-01-20 21:19:46,791] ERROR: Unexpected status 403 for https://api.hh.ru/vacancies/129158361: {"errors":[{"value":"captcha_required","captcha_url":"https://hh.ru/account/captcha?state=pxvcxBozfu7ry7R4QCetFmUA3SFZr_Pa4yXPQEusAiQIVW2lajVtNll6OObEQw_9kbOPkbKbHHm7t-XIJMQfyL7-i0K86Bl1-sJBdG5MTXbkFI
[2026-01-20 21:19:46,792] ERROR: Unexpected status 403 for https://api.hh.ru/vacancies/129485745: {"errors":[{"value":"captcha_required","captcha_url":"https://hh.ru/account/captcha?state=pxvcxBozfu7ry7R4QCetFmUA3SFZr_Pa4yXPQEusAiQIVW2lajVtNll6OObEQw_9kbOPkbKbHHm7t-XIJMQfyI-joJw3NGkm93qFtOGdtaYUnJ
[2026-01-20 21:19:46,801] ERROR: Unexpected status 403 for https://api.hh.ru/vacancies/129560554: {"errors":[{"value":"captcha_required","captcha_url":"https://hh.ru/account/captcha?state=pxvcxBozfu7ry7R4QCetFmUA3SFZr_Pa4yXPQEusAiQIVW2lajVtNll6OObEQw_9kbOPkbKbHHm7t-XIJMQfyBh-QV9FBgIg_uaZqwhgW47g4s
[2026-01-20 21:19:46,807] INFO: Worker 2 finished area Красный Стекловар; total collected 119
[2026-01-20 21:19:46,807] INFO: Worker 2 scanning area Кузнецово (7064)
[2026-01-20 21:19:46,837] ERROR: Unexpected status 403 for https://api.hh.ru/vacancies/129481769: {"errors":[{"value":"captcha_required","captcha_url":"https://hh.ru/account/captcha?state=pxvcxBozfu7ry7R4QCetFmUA3SFZr_Pa4yXPQEusAiQIVW2lajVtNll6OObEQw_9kbOPkbKbHHm7t-XIJMQfyCXGgj1ZnnRFxEGCVXzBeAvZdl
[2026-01-20 21:19:46,837] ERROR: Unexpected status 403 for https://api.hh.ru/vacancies/129080968: {"errors":[{"value":"captcha_required","captcha_url":"https://hh.ru/account/captcha?state=pxvcxBozfu7ry7R4QCetFmUA3SFZr_Pa4yXPQEusAiQIVW2lajVtNll6OObEQw_9kbOPkbKbHHm7t-XIJMQfyMJIKmR9OxQbs2HiIdT4tXOYoP
[2026-01-20 21:19:46,855] ERROR: Unexpected status 403 for https://api.hh.ru/vacancies/129455863: {"errors":[{"value":"captcha_required","captcha_url":"https://hh.ru/account/captcha?state=pxvcxBozfu7ry7R4QCetFmUA3SFZr_Pa4yXPQEusAiQIVW2lajVtNll6OObEQw_9kbOPkbKbHHm7t-XIJMQfyJAUlZkLSa_L-OHbZVKN-oVJEm
[2026-01-20 21:19:46,874] ERROR: Unexpected status 403 for https://api.hh.ru/vacancies/129640522: {"errors":[{"value":"captcha_required","captcha_url":"https://hh.ru/account/captcha?state=pxvcxBozfu7ry7R4QCetFmUA3SFZr_Pa4yXPQEusAiQIVW2lajVtNll6OObEQw_9kbOPkbKbHHm7t-XIJMQfyCVb6_nDlbdV_mnFYdoLp1URqU
[2026-01-20 21:19:46,875] ERROR: Unexpected status 403 for https://api.hh.ru/vacancies/129417108: {"errors":[{"value":"captcha_required","captcha_url":"https://hh.ru/account/captcha?state=pxvcxBozfu7ry7R4QCetFmUA3SFZr_Pa4yXPQEusAiQIVW2lajVtNll6OObEQw_9kbOPkbKbHHm7t-XIJMQfyD-XXvC7pNqmkoeRatiOCs8EDa
[2026-01-20 21:19:46,881] ERROR: Unexpected status 403 for https://api.hh.ru/vacancies/129299047: {"errors":[{"value":"captcha_required","captcha_url":"https://hh.ru/account/captcha?state=pxvcxBozfu7ry7R4QCetFmUA3SFZr_Pa4yXPQEusAiQIVW2lajVtNll6OObEQw_9kbOPkbKbHHm7t-XIJMQfyBIDRB6jCEIqNuUl_s1g6Br87g
[2026-01-20 21:19:46,888] ERROR: Unexpected status 403 for https://api.hh.ru/vacancies/129633756: {"errors":[{"value":"captcha_required","captcha_url":"https://hh.ru/account/captcha?state=pxvcxBozfu7ry7R4QCetFmUA3SFZr_Pa4yXPQEusAiQIVW2lajVtNll6OObEQw_9kbOPkbKbHHm7t-XIJMQfyJzjqR4rO3tsHARQngaB6fGVMI
[2026-01-20 21:19:46,918] ERROR: Unexpected status 403 for https://api.hh.ru/vacancies/129532053: {"errors":[{"value":"captcha_required","captcha_url":"https://hh.ru/account/captcha?state=pxvcxBozfu7ry7R4QCetFmUA3SFZr_Pa4yXPQEusAiQIVW2lajVtNll6OObEQw_9kbOPkbKbHHm7t-XIJMQfyIK5sfn4MZ8_syrI4NiWupWkDm
[2026-01-20 21:19:46,922] ERROR: Unexpected status 403 for https://api.hh.ru/vacancies/129346768: {"errors":[{"value":"captcha_required","captcha_url":"https://hh.ru/account/captcha?state=pxvcxBozfu7ry7R4QCetFmUA3SFZr_Pa4yXPQEusAiQIVW2lajVtNll6OObEQw_9kbOPkbKbHHm7t-XIJMQfyEGh8fFS4EsgP4o-nmbv6GfDKW
[2026-01-20 21:19:46,929] ERROR: Unexpected status 403 for https://api.hh.ru/vacancies/129643369: {"errors":[{"value":"captcha_required","captcha_url":"https://hh.ru/account/captcha?state=pxvcxBozfu7ry7R4QCetFmUA3SFZr_Pa4yXPQEusAiQIVW2lajVtNll6OObEQw_9kbOPkbKbHHm7t-XIJMQfyDh5b6O-QL9N63oqE0mWWtQlUb
[2026-01-20 21:19:46,933] ERROR: Unexpected status 403 for https://api.hh.ru/vacancies/129005085: {"errors":[{"value":"captcha_required","captcha_url":"https://hh.ru/account/captcha?state=pxvcxBozfu7ry7R4QCetFmUA3SFZr_Pa4yXPQEusAiQIVW2lajVtNll6OObEQw_9kbOPkbKbHHm7t-XIJMQfyGPDu1VF8CVejasiWmcuXmLxOm
[2026-01-20 21:19:46,950] ERROR: Unexpected status 403 for https://api.hh.ru/vacancies/129510592: {"errors":[{"value":"captcha_required","captcha_url":"https://hh.ru/account/captcha?state=pxvcxBozfu7ry7R4QCetFmUA3SFZr_Pa4yXPQEusAiQIVW2lajVtNll6OObEQw_9kbOPkbKbHHm7t-XIJMQfyDF2k_rEOylK2Z0dCTWJZZi9bS
[2026-01-20 21:19:46,951] ERROR: Unexpected status 403 for https://api.hh.ru/vacancies/129649323: {"errors":[{"value":"captcha_required","captcha_url":"https://hh.ru/account/captcha?state=pxvcxBozfu7ry7R4QCetFmUA3SFZr_Pa4yXPQEusAiQIVW2lajVtNll6OObEQw_9kbOPkbKbHHm7t-XIJMQfyCQFsEOY4bW5byLgQefbx0Lwh3
[2026-01-20 21:19:46,963] ERROR: Unexpected status 403 for https://api.hh.ru/vacancies/129140787: {"errors":[{"value":"captcha_required","captcha_url":"https://hh.ru/account/captcha?state=pxvcxBozfu7ry7R4QCetFmUA3SFZr_Pa4yXPQEusAiQIVW2lajVtNll6OObEQw_9kbOPkbKbHHm7t-XIJMQfyNkrE9_8XW6nNQD0mDH5zSFb8T
[2026-01-20 21:19:46,995] ERROR: Unexpected status 403 for https://api.hh.ru/vacancies/129165021: {"errors":[{"value":"captcha_required","captcha_url":"https://hh.ru/account/captcha?state=pxvcxBozfu7ry7R4QCetFmUA3SFZr_Pa4yXPQEusAiQIVW2lajVtNll6OObEQw_9kbOPkbKbHHm7t-XIJMQfyFzXtbiIWeny0AjCpcm6xOuNN8
[2026-01-20 21:19:47,009] ERROR: Unexpected status 403 for https://api.hh.ru/vacancies/129581418: {"errors":[{"value":"captcha_required","captcha_url":"https://hh.ru/account/captcha?state=pxvcxBozfu7ry7R4QCetFmUA3SFZr_Pa4yXPQEusAiQIVW2lajVtNll6OObEQw_9kbOPkbKbHHm7t-XIJMQfyGWYxqPq0jph3Lq5IojAOpeiwi
[2026-01-20 21:19:47,010] ERROR: Unexpected status 403 for https://api.hh.ru/vacancies/128658924: {"errors":[{"value":"captcha_required","captcha_url":"https://hh.ru/account/captcha?state=pxvcxBozfu7ry7R4QCetFmUA3SFZr_Pa4yXPQEusAiQIVW2lajVtNll6OObEQw_9kbOPkbKbHHm7t-XIJMQfyCJS3wAn0dSIlt6CdXyWylgsLq
[2026-01-20 21:19:47,038] ERROR: Unexpected status 403 for https://api.hh.ru/vacancies/129073869: {"errors":[{"value":"captcha_required","captcha_url":"https://hh.ru/account/captcha?state=pxvcxBozfu7ry7R4QCetFmUA3SFZr_Pa4yXPQEusAiQIVW2lajVtNll6OObEQw_9kbOPkbKbHHm7t-XIJMQfyEH-jJcp4dbiQhg1-GX9gn1Dhv
[2026-01-20 21:19:47,045] ERROR: Unexpected status 403 for https://api.hh.ru/vacancies/128616860: {"errors":[{"value":"captcha_required","captcha_url":"https://hh.ru/account/captcha?state=pxvcxBozfu7ry7R4QCetFmUA3SFZr_Pa4yXPQEusAiQIVW2lajVtNll6OObEQw_9kbOPkbKbHHm7t-XIJMQfyOOebrk1dAlp19_VMPQxAIi_YV
[2026-01-20 21:19:47,081] ERROR: Unexpected status 403 for https://api.hh.ru/vacancies/129415036: {"errors":[{"value":"captcha_required","captcha_url":"https://hh.ru/account/captcha?state=pxvcxBozfu7ry7R4QCetFmUA3SFZr_Pa4yXPQEusAiQIVW2lajVtNll6OObEQw_9kbOPkbKbHHm7t-XIJMQfyD8BJ04sgMcihTux52B54DKp8v
[2026-01-20 21:19:47,138] ERROR: Unexpected status 403 for https://api.hh.ru/vacancies/129011418: {"errors":[{"value":"captcha_required","captcha_url":"https://hh.ru/account/captcha?state=pxvcxBozfu7ry7R4QCetFmUA3SFZr_Pa4yXPQEusAiQIVW2lajVtNll6OObEQw_9kbOPkbKbHHm7t-XIJMQfyJJ01iVrStMclGXGDKoKe3xE6b
[2026-01-20 21:19:47,142] ERROR: Unexpected status 403 for https://api.hh.ru/vacancies/129587399: {"errors":[{"value":"captcha_required","captcha_url":"https://hh.ru/account/captcha?state=pxvcxBozfu7ry7R4QCetFmUA3SFZr_Pa4yXPQEusAiQIVW2lajVtNll6OObEQw_9kbOPkbKbHHm7t-XIJMQfyCnQ0Do8VX5qLo7StytTMADIXu
[2026-01-20 21:19:47,147] ERROR: Unexpected status 403 for https://api.hh.ru/vacancies/129484724: {"errors":[{"value":"captcha_required","captcha_url":"https://hh.ru/account/captcha?state=pxvcxBozfu7ry7R4QCetFmUA3SFZr_Pa4yXPQEusAiQIVW2lajVtNll6OObEQw_9kbOPkbKbHHm7t-XIJMQfyEyH8qUQGiLW15V6P0wZTwoDC9
[2026-01-20 21:19:47,149] ERROR: Unexpected status 403 for https://api.hh.ru/vacancies/129402120: {"errors":[{"value":"captcha_required","captcha_url":"https://hh.ru/account/captcha?state=pxvcxBozfu7ry7R4QCetFmUA3SFZr_Pa4yXPQEusAiQIVW2lajVtNll6OObEQw_9kbOPkbKbHHm7t-XIJMQfyI2EfSAmUfEiTU0pq7BgIHZ52c
[2026-01-20 21:19:47,169] ERROR: Unexpected status 403 for https://api.hh.ru/vacancies/129480584: {"errors":[{"value":"captcha_required","captcha_url":"https://hh.ru/account/captcha?state=pxvcxBozfu7ry7R4QCetFmUA3SFZr_Pa4yXPQEusAiQIVW2lajVtNll6OObEQw_9kbOPkbKbHHm7t-XIJMQfyA1j4TcG7dsu3NI4SfOjUG6YMZ
[2026-01-20 21:19:47,177] ERROR: Unexpected status 403 for https://api.hh.ru/vacancies/129209308: {"errors":[{"value":"captcha_required","captcha_url":"https://hh.ru/account/captcha?state=pxvcxBozfu7ry7R4QCetFmUA3SFZr_Pa4yXPQEusAiQIVW2lajVtNll6OObEQw_9kbOPkbKbHHm7t-XIJMQfyN_mrJGOQAFWZlQehNee5k7nDk
[2026-01-20 21:19:47,191] ERROR: Unexpected status 403 for https://api.hh.ru/vacancies/129597227: {"errors":[{"value":"captcha_required","captcha_url":"https://hh.ru/account/captcha?state=pxvcxBozfu7ry7R4QCetFmUA3SFZr_Pa4yXPQEusAiQIVW2lajVtNll6OObEQw_9kbOPkbKbHHm7t-XIJMQfyPzpkaqgsn5vc1n7kBHsQwfZWF
[2026-01-20 21:19:47,192] ERROR: Unexpected status 403 for https://api.hh.ru/vacancies/129376079: {"errors":[{"value":"captcha_required","captcha_url":"https://hh.ru/account/captcha?state=pxvcxBozfu7ry7R4QCetFmUA3SFZr_Pa4yXPQEusAiQIVW2lajVtNll6OObEQw_9kbOPkbKbHHm7t-XIJMQfyPQO8a6jFwAuVNbB1JVOVcsAZo
[2026-01-20 21:19:47,219] ERROR: Unexpected status 403 for https://api.hh.ru/vacancies/128905851: {"errors":[{"value":"captcha_required","captcha_url":"https://hh.ru/account/captcha?state=pxvcxBozfu7ry7R4QCetFmUA3SFZr_Pa4yXPQEusAiQIVW2lajVtNll6OObEQw_9kbOPkbKbHHm7t-XIJMQfyK8muSYy6KB1-nn9mhXb7o0RQh
[2026-01-20 21:19:47,219] ERROR: Unexpected status 403 for https://api.hh.ru/vacancies/129074043: {"errors":[{"value":"captcha_required","captcha_url":"https://hh.ru/account/captcha?state=pxvcxBozfu7ry7R4QCetFmUA3SFZr_Pa4yXPQEusAiQIVW2lajVtNll6OObEQw_9kbOPkbKbHHm7t-XIJMQfyPoMrntdJRGXPkdJWw2MXrGCSd
[2026-01-20 21:19:47,249] ERROR: Unexpected status 403 for https://api.hh.ru/vacancies/129467957: {"errors":[{"value":"captcha_required","captcha_url":"https://hh.ru/account/captcha?state=pxvcxBozfu7ry7R4QCetFmUA3SFZr_Pa4yXPQEusAiQIVW2lajVtNll6OObEQw_9kbOPkbKbHHm7t-XIJMQfyOsDybxuY9fbeogRAFAeYltBIQ
[2026-01-20 21:19:47,256] ERROR: Unexpected status 403 for https://api.hh.ru/vacancies/129260414: {"errors":[{"value":"captcha_required","captcha_url":"https://hh.ru/account/captcha?state=pxvcxBozfu7ry7R4QCetFmUA3SFZr_Pa4yXPQEusAiQIVW2lajVtNll6OObEQw_9kbOPkbKbHHm7t-XIJMQfyA4b06PC6-xBYnuT3UrjiLOovi
[2026-01-20 21:19:47,275] ERROR: Unexpected status 403 for https://api.hh.ru/vacancies/129351239: {"errors":[{"value":"captcha_required","captcha_url":"https://hh.ru/account/captcha?state=pxvcxBozfu7ry7R4QCetFmUA3SFZr_Pa4yXPQEusAiQIVW2lajVtNll6OObEQw_9kbOPkbKbHHm7t-XIJMQfyKX2QL76IuA6x_agYhCo4SO7jH
[2026-01-20 21:19:47,277] ERROR: Unexpected status 403 for https://api.hh.ru/vacancies/129347145: {"errors":[{"value":"captcha_required","captcha_url":"https://hh.ru/account/captcha?state=pxvcxBozfu7ry7R4QCetFmUA3SFZr_Pa4yXPQEusAiQIVW2lajVtNll6OObEQw_9kbOPkbKbHHm7t-XIJMQfyO_gR1FNPdmxXs8l9lKvw7Zl64
[2026-01-20 21:19:47,310] ERROR: Unexpected status 403 for https://api.hh.ru/vacancies/129597698: {"errors":[{"value":"captcha_required","captcha_url":"https://hh.ru/account/captcha?state=pxvcxBozfu7ry7R4QCetFmUA3SFZr_Pa4yXPQEusAiQIVW2lajVtNll6OObEQw_9kbOPkbKbHHm7t-XIJMQfyCx9YWa9bRJ3px-gT1lyW9LBn9
[2026-01-20 21:19:47,346] ERROR: Unexpected status 403 for https://api.hh.ru/vacancies/129633558: {"errors":[{"value":"captcha_required","captcha_url":"https://hh.ru/account/captcha?state=pxvcxBozfu7ry7R4QCetFmUA3SFZr_Pa4yXPQEusAiQIVW2lajVtNll6OObEQw_9kbOPkbKbHHm7t-XIJMQfyCDgiEooXl5BaeswZnFndHlAVA
[2026-01-20 21:19:47,354] ERROR: Unexpected status 403 for https://api.hh.ru/vacancies/129306876: {"errors":[{"value":"captcha_required","captcha_url":"https://hh.ru/account/captcha?state=pxvcxBozfu7ry7R4QCetFmUA3SFZr_Pa4yXPQEusAiQIVW2lajVtNll6OObEQw_9kbOPkbKbHHm7t-XIJMQfyDkm5MJUKtY4gJ6HftYJosmPQu
[2026-01-20 21:19:47,354] ERROR: Unexpected status 403 for https://api.hh.ru/vacancies/129388089: {"errors":[{"value":"captcha_required","captcha_url":"https://hh.ru/account/captcha?state=pxvcxBozfu7ry7R4QCetFmUA3SFZr_Pa4yXPQEusAiQIVW2lajVtNll6OObEQw_9kbOPkbKbHHm7t-XIJMQfyFQHglDpO_-BBs9_mU_uePwWZf
[2026-01-20 21:19:47,389] ERROR: Unexpected status 403 for https://api.hh.ru/vacancies/129078228: {"errors":[{"value":"captcha_required","captcha_url":"https://hh.ru/account/captcha?state=pxvcxBozfu7ry7R4QCetFmUA3SFZr_Pa4yXPQEusAiQIVW2lajVtNll6OObEQw_9kbOPkbKbHHm7t-XIJMQfyGVRSe4NzT7OULbXO77cKS1t3q
[2026-01-20 21:19:47,474] INFO: Worker 2 finished area Кузнецово; total collected 119
[2026-01-20 21:19:47,475] INFO: Worker 2 scanning area Мариец (7080)
[2026-01-20 21:19:47,479] ERROR: Unexpected status 403 for https://api.hh.ru/vacancies/129372448: {"errors":[{"value":"captcha_required","captcha_url":"https://hh.ru/account/captcha?state=pxvcxBozfu7ry7R4QCetFmUA3SFZr_Pa4yXPQEusAiQIVW2lajVtNll6OObEQw_9kbOPkbKbHHm7t-XIJMQfyAe-YyJyFZPpoDTvoay-0uQB0A
[2026-01-20 21:19:47,489] ERROR: Unexpected status 403 for https://api.hh.ru/vacancies/129214449: {"errors":[{"value":"captcha_required","captcha_url":"https://hh.ru/account/captcha?state=pxvcxBozfu7ry7R4QCetFmUA3SFZr_Pa4yXPQEusAiQIVW2lajVtNll6OObEQw_9kbOPkbKbHHm7t-XIJMQfyO4eJogYFbfj5J1BXwDUbgpDwk
[2026-01-20 21:19:47,489] INFO: Worker 4 finished area Краснооктябрьский; total collected 119
[2026-01-20 21:19:47,489] INFO: Worker 4 scanning area Мари-Турек (4235)
[2026-01-20 21:19:47,495] ERROR: Unexpected status 403 for https://api.hh.ru/vacancies/129210116: {"errors":[{"value":"captcha_required","captcha_url":"https://hh.ru/account/captcha?state=pxvcxBozfu7ry7R4QCetFmUA3SFZr_Pa4yXPQEusAiQIVW2lajVtNll6OObEQw_9kbOPkbKbHHm7t-XIJMQfyG6Y2i1JS6GfvDXaM6x_tNhV3T
[2026-01-20 21:19:47,573] ERROR: Unexpected status 403 for https://api.hh.ru/vacancies/129618500: {"errors":[{"value":"captcha_required","captcha_url":"https://hh.ru/account/captcha?state=pxvcxBozfu7ry7R4QCetFmUA3SFZr_Pa4yXPQEusAiQIVW2lajVtNll6OObEQw_9kbOPkbKbHHm7t-XIJMQfyFJv_NpqcfuS285tRN77yHZZDk
[2026-01-20 21:19:47,649] ERROR: Unexpected status 403 for https://api.hh.ru/vacancies/125625356: {"errors":[{"value":"captcha_required","captcha_url":"https://hh.ru/account/captcha?state=pxvcxBozfu7ry7R4QCetFmUA3SFZr_Pa4yXPQEusAiQIVW2lajVtNll6OObEQw_9kbOPkbKbHHm7t-XIJMQfyA1_2dlXie1OAAtUAhleWaIaJa
[2026-01-20 21:19:47,656] ERROR: Unexpected status 403 for https://api.hh.ru/vacancies/129213246: {"errors":[{"value":"captcha_required","captcha_url":"https://hh.ru/account/captcha?state=pxvcxBozfu7ry7R4QCetFmUA3SFZr_Pa4yXPQEusAiQIVW2lajVtNll6OObEQw_9kbOPkbKbHHm7t-XIJMQfyIwrxyjznMjp5AziBZ7AbAenyl
[2026-01-20 21:19:47,668] ERROR: Unexpected status 403 for https://api.hh.ru/vacancies/129286274: {"errors":[{"value":"captcha_required","captcha_url":"https://hh.ru/account/captcha?state=pxvcxBozfu7ry7R4QCetFmUA3SFZr_Pa4yXPQEusAiQIVW2lajVtNll6OObEQw_9kbOPkbKbHHm7t-XIJMQfyC9DHi1p38OzzxWfOjkxX4RtkN
[2026-01-20 21:19:47,746] ERROR: Unexpected status 403 for https://api.hh.ru/vacancies/129220670: {"errors":[{"value":"captcha_required","captcha_url":"https://hh.ru/account/captcha?state=pxvcxBozfu7ry7R4QCetFmUA3SFZr_Pa4yXPQEusAiQIVW2lajVtNll6OObEQw_9kbOPkbKbHHm7t-XIJMQfyKva244nAJIhtV-x8c4DoB3165
[2026-01-20 21:19:47,760] ERROR: Unexpected status 403 for https://api.hh.ru/vacancies/129472233: {"errors":[{"value":"captcha_required","captcha_url":"https://hh.ru/account/captcha?state=pxvcxBozfu7ry7R4QCetFmUA3SFZr_Pa4yXPQEusAiQIVW2lajVtNll6OObEQw_9kbOPkbKbHHm7t-XIJMQfyGSVT8fWN87KnE6nXAQuCV_cyH
[2026-01-20 21:19:47,811] ERROR: Unexpected status 403 for https://api.hh.ru/vacancies/128433541: {"errors":[{"value":"captcha_required","captcha_url":"https://hh.ru/account/captcha?state=pxvcxBozfu7ry7R4QCetFmUA3SFZr_Pa4yXPQEusAiQIVW2lajVtNll6OObEQw_9kbOPkbKbHHm7t-XIJMQfyA2vXJPvwxMvYT8izmHC4pVzSU
[2026-01-20 21:19:47,890] ERROR: Unexpected status 403 for https://api.hh.ru/vacancies/129350652: {"errors":[{"value":"captcha_required","captcha_url":"https://hh.ru/account/captcha?state=pxvcxBozfu7ry7R4QCetFmUA3SFZr_Pa4yXPQEusAiQIVW2lajVtNll6OObEQw_9kbOPkbKbHHm7t-XIJMQfyMS5Q7eRVn0hw7ITdxC39hQa4t
[2026-01-20 21:19:47,919] ERROR: Unexpected status 403 for https://api.hh.ru/vacancies/129437388: {"errors":[{"value":"captcha_required","captcha_url":"https://hh.ru/account/captcha?state=pxvcxBozfu7ry7R4QCetFmUA3SFZr_Pa4yXPQEusAiQIVW2lajVtNll6OObEQw_9kbOPkbKbHHm7t-XIJMQfyNZ5cuul_DHQYlLyTGzG9jzZU0
[2026-01-20 21:19:47,959] ERROR: Unexpected status 403 for https://api.hh.ru/vacancies/129405060: {"errors":[{"value":"captcha_required","captcha_url":"https://hh.ru/account/captcha?state=pxvcxBozfu7ry7R4QCetFmUA3SFZr_Pa4yXPQEusAiQIVW2lajVtNll6OObEQw_9kbOPkbKbHHm7t-XIJMQfyJcE_eybWJegFLAcymaQIMAmK6
[2026-01-20 21:19:47,961] ERROR: Unexpected status 403 for https://api.hh.ru/vacancies/127012354: {"errors":[{"value":"captcha_required","captcha_url":"https://hh.ru/account/captcha?state=pxvcxBozfu7ry7R4QCetFmUA3SFZr_Pa4yXPQEusAiQIVW2lajVtNll6OObEQw_9kbOPkbKbHHm7t-XIJMQfyEc3vdVXztq-ikZm-yc0EJBdN4
[2026-01-20 21:19:47,975] ERROR: Unexpected status 403 for https://api.hh.ru/vacancies/129347145: {"errors":[{"value":"captcha_required","captcha_url":"https://hh.ru/account/captcha?state=pxvcxBozfu7ry7R4QCetFmUA3SFZr_Pa4yXPQEusAiQIVW2lajVtNll6OObEQw_9kbOPkbKbHHm7t-XIJMQfyO_gR1FNPdmxXs8l9lKvw7ZZ7G
[2026-01-20 21:19:47,995] ERROR: Unexpected status 403 for https://api.hh.ru/vacancies/129579214: {"errors":[{"value":"captcha_required","captcha_url":"https://hh.ru/account/captcha?state=pxvcxBozfu7ry7R4QCetFmUA3SFZr_Pa4yXPQEusAiQIVW2lajVtNll6OObEQw_9kbOPkbKbHHm7t-XIJMQfyBfM8p6wiIlITqFaF_m0kmSOIq
[2026-01-20 21:19:48,030] ERROR: Unexpected status 403 for https://api.hh.ru/vacancies/129504953: {"errors":[{"value":"captcha_required","captcha_url":"https://hh.ru/account/captcha?state=pxvcxBozfu7ry7R4QCetFmUA3SFZr_Pa4yXPQEusAiQIVW2lajVtNll6OObEQw_9kbOPkbKbHHm7t-XIJMQfyJOSyMnVVvQrtqIIqjX3o1IB5J
[2026-01-20 21:19:48,030] ERROR: Unexpected status 403 for https://api.hh.ru/vacancies/129546894: {"errors":[{"value":"captcha_required","captcha_url":"https://hh.ru/account/captcha?state=pxvcxBozfu7ry7R4QCetFmUA3SFZr_Pa4yXPQEusAiQIVW2lajVtNll6OObEQw_9kbOPkbKbHHm7t-XIJMQfyCDgLM9ODrhod4FmYmRiUUppfP
[2026-01-20 21:19:48,038] ERROR: Unexpected status 403 for https://api.hh.ru/vacancies/128913869: {"errors":[{"value":"captcha_required","captcha_url":"https://hh.ru/account/captcha?state=pxvcxBozfu7ry7R4QCetFmUA3SFZr_Pa4yXPQEusAiQIVW2lajVtNll6OObEQw_9kbOPkbKbHHm7t-XIJMQfyG-AJ0pbzZFJJkMdBkD9ac409z
[2026-01-20 21:19:48,044] ERROR: Unexpected status 403 for https://api.hh.ru/vacancies/129454543: {"errors":[{"value":"captcha_required","captcha_url":"https://hh.ru/account/captcha?state=pxvcxBozfu7ry7R4QCetFmUA3SFZr_Pa4yXPQEusAiQIVW2lajVtNll6OObEQw_9kbOPkbKbHHm7t-XIJMQfyKgU4zDQ6B6VWPkGszXB1fduu5
[2026-01-20 21:19:48,063] ERROR: Unexpected status 403 for https://api.hh.ru/vacancies/129626782: {"errors":[{"value":"captcha_required","captcha_url":"https://hh.ru/account/captcha?state=pxvcxBozfu7ry7R4QCetFmUA3SFZr_Pa4yXPQEusAiQIVW2lajVtNll6OObEQw_9kbOPkbKbHHm7t-XIJMQfyJqikvav2XwSnh2aWsulX3XHcu
[2026-01-20 21:19:48,067] ERROR: Unexpected status 403 for https://api.hh.ru/vacancies/129322848: {"errors":[{"value":"captcha_required","captcha_url":"https://hh.ru/account/captcha?state=pxvcxBozfu7ry7R4QCetFmUA3SFZr_Pa4yXPQEusAiQIVW2lajVtNll6OObEQw_9kbOPkbKbHHm7t-XIJMQfyOUMyGov4RumKQDCFYYLfXH2RV
[2026-01-20 21:19:48,080] ERROR: Unexpected status 403 for https://api.hh.ru/vacancies/129376079: {"errors":[{"value":"captcha_required","captcha_url":"https://hh.ru/account/captcha?state=pxvcxBozfu7ry7R4QCetFmUA3SFZr_Pa4yXPQEusAiQIVW2lajVtNll6OObEQw_9kbOPkbKbHHm7t-XIJMQfyPQO8a6jFwAuVNbB1JVOVcvPw-
[2026-01-20 21:19:48,089] ERROR: Unexpected status 403 for https://api.hh.ru/vacancies/129527746: {"errors":[{"value":"captcha_required","captcha_url":"https://hh.ru/account/captcha?state=pxvcxBozfu7ry7R4QCetFmUA3SFZr_Pa4yXPQEusAiQIVW2lajVtNll6OObEQw_9kbOPkbKbHHm7t-XIJMQfyJ78waNExiWHc6YFIQmq8qGR9r
[2026-01-20 21:19:48,093] ERROR: Unexpected status 403 for https://api.hh.ru/vacancies/129306876: {"errors":[{"value":"captcha_required","captcha_url":"https://hh.ru/account/captcha?state=pxvcxBozfu7ry7R4QCetFmUA3SFZr_Pa4yXPQEusAiQIVW2lajVtNll6OObEQw_9kbOPkbKbHHm7t-XIJMQfyDkm5MJUKtY4gJ6HftYJoslHiE
[2026-01-20 21:19:48,108] ERROR: Unexpected status 403 for https://api.hh.ru/vacancies/129589078: {"errors":[{"value":"captcha_required","captcha_url":"https://hh.ru/account/captcha?state=pxvcxBozfu7ry7R4QCetFmUA3SFZr_Pa4yXPQEusAiQIVW2lajVtNll6OObEQw_9kbOPkbKbHHm7t-XIJMQfyGs2a1DorJBQe-X2gj7rx2sJwG
[2026-01-20 21:19:48,111] ERROR: Unexpected status 403 for https://api.hh.ru/vacancies/129640762: {"errors":[{"value":"captcha_required","captcha_url":"https://hh.ru/account/captcha?state=pxvcxBozfu7ry7R4QCetFmUA3SFZr_Pa4yXPQEusAiQIVW2lajVtNll6OObEQw_9kbOPkbKbHHm7t-XIJMQfyJd_2LW5GPNtVNJIde7PSP55Hn
[2026-01-20 21:19:48,112] ERROR: Unexpected status 403 for https://api.hh.ru/vacancies/129393229: {"errors":[{"value":"captcha_required","captcha_url":"https://hh.ru/account/captcha?state=pxvcxBozfu7ry7R4QCetFmUA3SFZr_Pa4yXPQEusAiQIVW2lajVtNll6OObEQw_9kbOPkbKbHHm7t-XIJMQfyETzEfJ8bnLeVUkuJNaQD748I2
[2026-01-20 21:19:48,113] INFO: Worker 7 finished area Козьмодемьянск; total collected 119
[2026-01-20 21:19:48,113] INFO: Worker 7 scanning area Медведево (4236)
[2026-01-20 21:19:48,113] ERROR: Unexpected status 403 for https://api.hh.ru/vacancies/129395221: {"errors":[{"value":"captcha_required","captcha_url":"https://hh.ru/account/captcha?state=pxvcxBozfu7ry7R4QCetFmUA3SFZr_Pa4yXPQEusAiQIVW2lajVtNll6OObEQw_9kbOPkbKbHHm7t-XIJMQfyCvRtvlmRXd7OcCrBRauHOrUte
[2026-01-20 21:19:48,127] ERROR: Unexpected status 403 for https://api.hh.ru/vacancies/129599122: {"errors":[{"value":"captcha_required","captcha_url":"https://hh.ru/account/captcha?state=pxvcxBozfu7ry7R4QCetFmUA3SFZr_Pa4yXPQEusAiQIVW2lajVtNll6OObEQw_9kbOPkbKbHHm7t-XIJMQfyAorXF3A6rf8W28dZY-atnjIpP
[2026-01-20 21:19:48,129] ERROR: Unexpected status 403 for https://api.hh.ru/vacancies/129567070: {"errors":[{"value":"captcha_required","captcha_url":"https://hh.ru/account/captcha?state=pxvcxBozfu7ry7R4QCetFmUA3SFZr_Pa4yXPQEusAiQIVW2lajVtNll6OObEQw_9kbOPkbKbHHm7t-XIJMQfyH-JdjIBUG6Cxh859mCNQ-UoDP
[2026-01-20 21:19:48,131] ERROR: Unexpected status 403 for https://api.hh.ru/vacancies/129420587: {"errors":[{"value":"captcha_required","captcha_url":"https://hh.ru/account/captcha?state=pxvcxBozfu7ry7R4QCetFmUA3SFZr_Pa4yXPQEusAiQIVW2lajVtNll6OObEQw_9kbOPkbKbHHm7t-XIJMQfyHUXOtiUVN0_cIj7eQfGEAuwU_
[2026-01-20 21:19:48,136] ERROR: Unexpected status 403 for https://api.hh.ru/vacancies/129645185: {"errors":[{"value":"captcha_required","captcha_url":"https://hh.ru/account/captcha?state=pxvcxBozfu7ry7R4QCetFmUA3SFZr_Pa4yXPQEusAiQIVW2lajVtNll6OObEQw_9kbOPkbKbHHm7t-XIJMQfyKg-q8_qPZmDIZd4cBBlw0caMa
[2026-01-20 21:19:48,186] ERROR: Unexpected status 403 for https://api.hh.ru/vacancies/129313936: {"errors":[{"value":"captcha_required","captcha_url":"https://hh.ru/account/captcha?state=pxvcxBozfu7ry7R4QCetFmUA3SFZr_Pa4yXPQEusAiQIVW2lajVtNll6OObEQw_9kbOPkbKbHHm7t-XIJMQfyCav9aqhm5MEU0fbKPVsA9pQGu
[2026-01-20 21:19:48,201] INFO: Splitting range 2022-10-20-2026-01-20 into 2022-10-20-2024-06-05 and 2024-06-06-2026-01-20 (found=722473)
[2026-01-20 21:19:48,202] ERROR: Unexpected status 403 for https://api.hh.ru/vacancies/129358396: {"errors":[{"value":"captcha_required","captcha_url":"https://hh.ru/account/captcha?state=pxvcxBozfu7ry7R4QCetFmUA3SFZr_Pa4yXPQEusAiQIVW2lajVtNll6OObEQw_9kbOPkbKbHHm7t-XIJMQfyFjU25Rao_-FmKBC5YPQkUO7xo
[2026-01-20 21:19:48,205] ERROR: Unexpected status 403 for https://api.hh.ru/vacancies/129494164: {"errors":[{"value":"captcha_required","captcha_url":"https://hh.ru/account/captcha?state=pxvcxBozfu7ry7R4QCetFmUA3SFZr_Pa4yXPQEusAiQIVW2lajVtNll6OObEQw_9kbOPkbKbHHm7t-XIJMQfyDHAeetjqb0TrQjmB7fjLUInUd
[2026-01-20 21:19:48,216] ERROR: Unexpected status 403 for https://api.hh.ru/vacancies/129220670: {"errors":[{"value":"captcha_required","captcha_url":"https://hh.ru/account/captcha?state=pxvcxBozfu7ry7R4QCetFmUA3SFZr_Pa4yXPQEusAiQIVW2lajVtNll6OObEQw_9kbOPkbKbHHm7t-XIJMQfyKva244nAJIhtV-x8c4DoB00n5
[2026-01-20 21:19:48,217] ERROR: Unexpected status 403 for https://api.hh.ru/vacancies/129284868: {"errors":[{"value":"captcha_required","captcha_url":"https://hh.ru/account/captcha?state=pxvcxBozfu7ry7R4QCetFmUA3SFZr_Pa4yXPQEusAiQIVW2lajVtNll6OObEQw_9kbOPkbKbHHm7t-XIJMQfyMfAhyoMeXnIn2DDNNVcaEs_Q5
[2026-01-20 21:19:48,220] ERROR: Unexpected status 403 for https://api.hh.ru/vacancies/128572039: {"errors":[{"value":"captcha_required","captcha_url":"https://hh.ru/account/captcha?state=pxvcxBozfu7ry7R4QCetFmUA3SFZr_Pa4yXPQEusAiQIVW2lajVtNll6OObEQw_9kbOPkbKbHHm7t-XIJMQfyOkAyxd8ul2Oqm3XIkj1JU1J7b
[2026-01-20 21:19:48,231] ERROR: Unexpected status 403 for https://api.hh.ru/vacancies/129372448: {"errors":[{"value":"captcha_required","captcha_url":"https://hh.ru/account/captcha?state=pxvcxBozfu7ry7R4QCetFmUA3SFZr_Pa4yXPQEusAiQIVW2lajVtNll6OObEQw_9kbOPkbKbHHm7t-XIJMQfyAe-YyJyFZPpoDTvoay-0uRVMO
[2026-01-20 21:19:48,232] ERROR: Unexpected status 403 for https://api.hh.ru/vacancies/129322589: {"errors":[{"value":"captcha_required","captcha_url":"https://hh.ru/account/captcha?state=pxvcxBozfu7ry7R4QCetFmUA3SFZr_Pa4yXPQEusAiQIVW2lajVtNll6OObEQw_9kbOPkbKbHHm7t-XIJMQfyF6bhppgOLWm45XIKbIxikLH5i
[2026-01-20 21:19:48,236] ERROR: Unexpected status 403 for https://api.hh.ru/vacancies/129286274: {"errors":[{"value":"captcha_required","captcha_url":"https://hh.ru/account/captcha?state=pxvcxBozfu7ry7R4QCetFmUA3SFZr_Pa4yXPQEusAiQIVW2lajVtNll6OObEQw_9kbOPkbKbHHm7t-XIJMQfyC9DHi1p38OzzxWfOjkxX4TKjL
[2026-01-20 21:19:48,237] ERROR: Unexpected status 403 for https://api.hh.ru/vacancies/129581919: {"errors":[{"value":"captcha_required","captcha_url":"https://hh.ru/account/captcha?state=pxvcxBozfu7ry7R4QCetFmUA3SFZr_Pa4yXPQEusAiQIVW2lajVtNll6OObEQw_9kbOPkbKbHHm7t-XIJMQfyDNl14XUnfiZ69TZzMqHDlQdl4
[2026-01-20 21:19:48,246] ERROR: Unexpected status 403 for https://api.hh.ru/vacancies/129380067: {"errors":[{"value":"captcha_required","captcha_url":"https://hh.ru/account/captcha?state=pxvcxBozfu7ry7R4QCetFmUA3SFZr_Pa4yXPQEusAiQIVW2lajVtNll6OObEQw_9kbOPkbKbHHm7t-XIJMQfyDkNgLddfT610rDJpgMXL3f43-
[2026-01-20 21:19:48,258] ERROR: Unexpected status 403 for https://api.hh.ru/vacancies/129354446: {"errors":[{"value":"captcha_required","captcha_url":"https://hh.ru/account/captcha?state=pxvcxBozfu7ry7R4QCetFmUA3SFZr_Pa4yXPQEusAiQIVW2lajVtNll6OObEQw_9kbOPkbKbHHm7t-XIJMQfyFXvnyZistfdbCmNdp3Qw8-JD6
[2026-01-20 21:19:48,264] ERROR: Unexpected status 403 for https://api.hh.ru/vacancies/129510592: {"errors":[{"value":"captcha_required","captcha_url":"https://hh.ru/account/captcha?state=pxvcxBozfu7ry7R4QCetFmUA3SFZr_Pa4yXPQEusAiQIVW2lajVtNll6OObEQw_9kbOPkbKbHHm7t-XIJMQfyDF2k_rEOylK2Z0dCTWJZZgVAi
[2026-01-20 21:19:48,279] ERROR: Unexpected status 403 for https://api.hh.ru/vacancies/129467957: {"errors":[{"value":"captcha_required","captcha_url":"https://hh.ru/account/captcha?state=pxvcxBozfu7ry7R4QCetFmUA3SFZr_Pa4yXPQEusAiQIVW2lajVtNll6OObEQw_9kbOPkbKbHHm7t-XIJMQfyOsDybxuY9fbeogRAFAeYluXUY
[2026-01-20 21:19:48,293] ERROR: Unexpected status 403 for https://api.hh.ru/vacancies/129523255: {"errors":[{"value":"captcha_required","captcha_url":"https://hh.ru/account/captcha?state=pxvcxBozfu7ry7R4QCetFmUA3SFZr_Pa4yXPQEusAiQIVW2lajVtNll6OObEQw_9kbOPkbKbHHm7t-XIJMQfyLhZ9-t0sqI5q1JCdWqBMcY0L-
[2026-01-20 21:19:48,328] ERROR: Unexpected status 403 for https://api.hh.ru/vacancies/129510197: {"errors":[{"value":"captcha_required","captcha_url":"https://hh.ru/account/captcha?state=pxvcxBozfu7ry7R4QCetFmUA3SFZr_Pa4yXPQEusAiQIVW2lajVtNll6OObEQw_9kbOPkbKbHHm7t-XIJMQfyFyvE5OtW8X4NhTrQGbcLoIdmS
[2026-01-20 21:19:48,339] ERROR: Unexpected status 403 for https://api.hh.ru/vacancies/129519039: {"errors":[{"value":"captcha_required","captcha_url":"https://hh.ru/account/captcha?state=pxvcxBozfu7ry7R4QCetFmUA3SFZr_Pa4yXPQEusAiQIVW2lajVtNll6OObEQw_9kbOPkbKbHHm7t-XIJMQfyOKQL5oAM-tCglxC09AAo9M-bb
[2026-01-20 21:19:48,371] ERROR: Unexpected status 403 for https://api.hh.ru/vacancies/129507499: {"errors":[{"value":"captcha_required","captcha_url":"https://hh.ru/account/captcha?state=pxvcxBozfu7ry7R4QCetFmUA3SFZr_Pa4yXPQEusAiQIVW2lajVtNll6OObEQw_9kbOPkbKbHHm7t-XIJMQfyKME4T17t5BV1e4bb_X85_4-kr
[2026-01-20 21:19:48,401] ERROR: Unexpected status 403 for https://api.hh.ru/vacancies/129580711: {"errors":[{"value":"captcha_required","captcha_url":"https://hh.ru/account/captcha?state=pxvcxBozfu7ry7R4QCetFmUA3SFZr_Pa4yXPQEusAiQIVW2lajVtNll6OObEQw_9kbOPkbKbHHm7t-XIJMQfyPGD7RSimScoL2n-mawf9wKSCI
[2026-01-20 21:19:48,402] ERROR: Unexpected status 403 for https://api.hh.ru/vacancies/129637811: {"errors":[{"value":"captcha_required","captcha_url":"https://hh.ru/account/captcha?state=pxvcxBozfu7ry7R4QCetFmUA3SFZr_Pa4yXPQEusAiQIVW2lajVtNll6OObEQw_9kbOPkbKbHHm7t-XIJMQfyENUhyEix6JO4pZDHfcknQhUN2
[2026-01-20 21:19:48,403] ERROR: Unexpected status 403 for https://api.hh.ru/vacancies/129595003: {"errors":[{"value":"captcha_required","captcha_url":"https://hh.ru/account/captcha?state=pxvcxBozfu7ry7R4QCetFmUA3SFZr_Pa4yXPQEusAiQIVW2lajVtNll6OObEQw_9kbOPkbKbHHm7t-XIJMQfyDqRdWx5R2lnTnQZcgVJuhYL-m
[2026-01-20 21:19:48,407] ERROR: Unexpected status 403 for https://api.hh.ru/vacancies/129487879: {"errors":[{"value":"captcha_required","captcha_url":"https://hh.ru/account/captcha?state=pxvcxBozfu7ry7R4QCetFmUA3SFZr_Pa4yXPQEusAiQIVW2lajVtNll6OObEQw_9kbOPkbKbHHm7t-XIJMQfyPAEGp7xGd7jwTkxbDNGLPrDfC
[2026-01-20 21:19:48,411] INFO: Worker 2 finished area Мариец; total collected 119
[2026-01-20 21:19:48,411] INFO: Worker 2 scanning area Михайловка (Республика Марий Эл) (7199)
[2026-01-20 21:19:48,425] ERROR: Unexpected status 403 for https://api.hh.ru/vacancies/129481769: {"errors":[{"value":"captcha_required","captcha_url":"https://hh.ru/account/captcha?state=pxvcxBozfu7ry7R4QCetFmUA3SFZr_Pa4yXPQEusAiQIVW2lajVtNll6OObEQw_9kbOPkbKbHHm7t-XIJMQfyCXGgj1ZnnRFxEGCVXzBeAv9N2
[2026-01-20 21:19:48,447] ERROR: Unexpected status 403 for https://api.hh.ru/vacancies/129472233: {"errors":[{"value":"captcha_required","captcha_url":"https://hh.ru/account/captcha?state=pxvcxBozfu7ry7R4QCetFmUA3SFZr_Pa4yXPQEusAiQIVW2lajVtNll6OObEQw_9kbOPkbKbHHm7t-XIJMQfyGSVT8fWN87KnE6nXAQuCV_Q4m
[2026-01-20 21:19:48,451] ERROR: Unexpected status 403 for https://api.hh.ru/vacancies/129479830: {"errors":[{"value":"captcha_required","captcha_url":"https://hh.ru/account/captcha?state=pxvcxBozfu7ry7R4QCetFmUA3SFZr_Pa4yXPQEusAiQIVW2lajVtNll6OObEQw_9kbOPkbKbHHm7t-XIJMQfyIZpdie1-frbkGo09KHbZmklov
[2026-01-20 21:19:48,456] ERROR: Unexpected status 403 for https://api.hh.ru/vacancies/129423206: {"errors":[{"value":"captcha_required","captcha_url":"https://hh.ru/account/captcha?state=pxvcxBozfu7ry7R4QCetFmUA3SFZr_Pa4yXPQEusAiQIVW2lajVtNll6OObEQw_9kbOPkbKbHHm7t-XIJMQfyF7bakcTohuiC3bl194oVHcDSG
[2026-01-20 21:19:48,462] ERROR: Unexpected status 403 for https://api.hh.ru/vacancies/129455863: {"errors":[{"value":"captcha_required","captcha_url":"https://hh.ru/account/captcha?state=pxvcxBozfu7ry7R4QCetFmUA3SFZr_Pa4yXPQEusAiQIVW2lajVtNll6OObEQw_9kbOPkbKbHHm7t-XIJMQfyJAUlZkLSa_L-OHbZVKN-oXy_N
[2026-01-20 21:19:48,465] ERROR: Unexpected status 403 for https://api.hh.ru/vacancies/128616860: {"errors":[{"value":"captcha_required","captcha_url":"https://hh.ru/account/captcha?state=pxvcxBozfu7ry7R4QCetFmUA3SFZr_Pa4yXPQEusAiQIVW2lajVtNll6OObEQw_9kbOPkbKbHHm7t-XIJMQfyOOebrk1dAlp19_VMPQxAIh-_D
[2026-01-20 21:19:48,465] ERROR: Unexpected status 403 for https://api.hh.ru/vacancies/129597227: {"errors":[{"value":"captcha_required","captcha_url":"https://hh.ru/account/captcha?state=pxvcxBozfu7ry7R4QCetFmUA3SFZr_Pa4yXPQEusAiQIVW2lajVtNll6OObEQw_9kbOPkbKbHHm7t-XIJMQfyPzpkaqgsn5vc1n7kBHsQwfsf-
[2026-01-20 21:19:48,468] ERROR: Unexpected status 403 for https://api.hh.ru/vacancies/129425636: {"errors":[{"value":"captcha_required","captcha_url":"https://hh.ru/account/captcha?state=pxvcxBozfu7ry7R4QCetFmUA3SFZr_Pa4yXPQEusAiQIVW2lajVtNll6OObEQw_9kbOPkbKbHHm7t-XIJMQfyAYOl9kxA23DqLzfpNwkJpnlvs
[2026-01-20 21:19:48,483] ERROR: Unexpected status 403 for https://api.hh.ru/vacancies/128434971: {"errors":[{"value":"captcha_required","captcha_url":"https://hh.ru/account/captcha?state=pxvcxBozfu7ry7R4QCetFmUA3SFZr_Pa4yXPQEusAiQIVW2lajVtNll6OObEQw_9kbOPkbKbHHm7t-XIJMQfyJZHTJHqfKO8r0kyDoDlmPK9q-
[2026-01-20 21:19:48,506] ERROR: Unexpected status 403 for https://api.hh.ru/vacancies/128658924: {"errors":[{"value":"captcha_required","captcha_url":"https://hh.ru/account/captcha?state=pxvcxBozfu7ry7R4QCetFmUA3SFZr_Pa4yXPQEusAiQIVW2lajVtNll6OObEQw_9kbOPkbKbHHm7t-XIJMQfyCJS3wAn0dSIlt6CdXyWylgf3D
[2026-01-20 21:19:48,516] ERROR: Unexpected status 403 for https://api.hh.ru/vacancies/129480993: {"errors":[{"value":"captcha_required","captcha_url":"https://hh.ru/account/captcha?state=pxvcxBozfu7ry7R4QCetFmUA3SFZr_Pa4yXPQEusAiQIVW2lajVtNll6OObEQw_9kbOPkbKbHHm7t-XIJMQfyM0f5lcN6Ew5deq2FrU_qo7TfW
[2026-01-20 21:19:48,518] ERROR: Unexpected status 403 for https://api.hh.ru/vacancies/129599125: {"errors":[{"value":"captcha_required","captcha_url":"https://hh.ru/account/captcha?state=pxvcxBozfu7ry7R4QCetFmUA3SFZr_Pa4yXPQEusAiQIVW2lajVtNll6OObEQw_9kbOPkbKbHHm7t-XIJMQfyPD_2XZQVBtDckwo7mkAUsaUmH
[2026-01-20 21:19:48,519] ERROR: Unexpected status 403 for https://api.hh.ru/vacancies/129375625: {"errors":[{"value":"captcha_required","captcha_url":"https://hh.ru/account/captcha?state=pxvcxBozfu7ry7R4QCetFmUA3SFZr_Pa4yXPQEusAiQIVW2lajVtNll6OObEQw_9kbOPkbKbHHm7t-XIJMQfyMhVNACmG02JkPQVOeWSADQ6H2
[2026-01-20 21:19:48,520] ERROR: Unexpected status 403 for https://api.hh.ru/vacancies/129346768: {"errors":[{"value":"captcha_required","captcha_url":"https://hh.ru/account/captcha?state=pxvcxBozfu7ry7R4QCetFmUA3SFZr_Pa4yXPQEusAiQIVW2lajVtNll6OObEQw_9kbOPkbKbHHm7t-XIJMQfyEGh8fFS4EsgP4o-nmbv6Gf1hp
[2026-01-20 21:19:48,527] ERROR: Unexpected status 403 for https://api.hh.ru/vacancies/129522643: {"errors":[{"value":"captcha_required","captcha_url":"https://hh.ru/account/captcha?state=pxvcxBozfu7ry7R4QCetFmUA3SFZr_Pa4yXPQEusAiQIVW2lajVtNll6OObEQw_9kbOPkbKbHHm7t-XIJMQfyMhWMmr-N3WMbZXuN4CzrfQGpB
[2026-01-20 21:19:48,536] ERROR: Unexpected status 403 for https://api.hh.ru/vacancies/129402120: {"errors":[{"value":"captcha_required","captcha_url":"https://hh.ru/account/captcha?state=pxvcxBozfu7ry7R4QCetFmUA3SFZr_Pa4yXPQEusAiQIVW2lajVtNll6OObEQw_9kbOPkbKbHHm7t-XIJMQfyI2EfSAmUfEiTU0pq7BgIHauVy
[2026-01-20 21:19:48,536] ERROR: Unexpected status 403 for https://api.hh.ru/vacancies/129017754: {"errors":[{"value":"captcha_required","captcha_url":"https://hh.ru/account/captcha?state=pxvcxBozfu7ry7R4QCetFmUA3SFZr_Pa4yXPQEusAiQIVW2lajVtNll6OObEQw_9kbOPkbKbHHm7t-XIJMQfyMPS7kRDKjpLx4-8uaHueSJrZG
[2026-01-20 21:19:48,538] ERROR: Unexpected status 403 for https://api.hh.ru/vacancies/129184289: {"errors":[{"value":"captcha_required","captcha_url":"https://hh.ru/account/captcha?state=pxvcxBozfu7ry7R4QCetFmUA3SFZr_Pa4yXPQEusAiQIVW2lajVtNll6OObEQw_9kbOPkbKbHHm7t-XIJMQfyMAvWbBeh_4YDJ5MBw36LolhBv
[2026-01-20 21:19:48,545] ERROR: Unexpected status 403 for https://api.hh.ru/vacancies/129378481: {"errors":[{"value":"captcha_required","captcha_url":"https://hh.ru/account/captcha?state=pxvcxBozfu7ry7R4QCetFmUA3SFZr_Pa4yXPQEusAiQIVW2lajVtNll6OObEQw_9kbOPkbKbHHm7t-XIJMQfyD6ltygChV6WpYPHT9gNV0Iawc
[2026-01-20 21:19:48,556] ERROR: Unexpected status 403 for https://api.hh.ru/vacancies/129457742: {"errors":[{"value":"captcha_required","captcha_url":"https://hh.ru/account/captcha?state=pxvcxBozfu7ry7R4QCetFmUA3SFZr_Pa4yXPQEusAiQIVW2lajVtNll6OObEQw_9kbOPkbKbHHm7t-XIJMQfyGDu4vSxZDcEdt_z8LnshsIZB6
[2026-01-20 21:19:48,557] ERROR: Unexpected status 403 for https://api.hh.ru/vacancies/129482183: {"errors":[{"value":"captcha_required","captcha_url":"https://hh.ru/account/captcha?state=pxvcxBozfu7ry7R4QCetFmUA3SFZr_Pa4yXPQEusAiQIVW2lajVtNll6OObEQw_9kbOPkbKbHHm7t-XIJMQfyIHHe4lI3XrKXNLGQ9Cl5iTE2o
[2026-01-20 21:19:48,564] ERROR: Unexpected status 403 for https://api.hh.ru/vacancies/129080968: {"errors":[{"value":"captcha_required","captcha_url":"https://hh.ru/account/captcha?state=pxvcxBozfu7ry7R4QCetFmUA3SFZr_Pa4yXPQEusAiQIVW2lajVtNll6OObEQw_9kbOPkbKbHHm7t-XIJMQfyMJIKmR9OxQbs2HiIdT4tXMmSD
[2026-01-20 21:19:48,566] ERROR: Unexpected status 403 for https://api.hh.ru/vacancies/129209308: {"errors":[{"value":"captcha_required","captcha_url":"https://hh.ru/account/captcha?state=pxvcxBozfu7ry7R4QCetFmUA3SFZr_Pa4yXPQEusAiQIVW2lajVtNll6OObEQw_9kbOPkbKbHHm7t-XIJMQfyN_mrJGOQAFWZlQehNee5k4bEb
[2026-01-20 21:19:48,567] ERROR: Unexpected status 403 for https://api.hh.ru/vacancies/129328868: {"errors":[{"value":"captcha_required","captcha_url":"https://hh.ru/account/captcha?state=pxvcxBozfu7ry7R4QCetFmUA3SFZr_Pa4yXPQEusAiQIVW2lajVtNll6OObEQw_9kbOPkbKbHHm7t-XIJMQfyIWH2vvOAkz5cnxXngvMSsBrEG
[2026-01-20 21:19:48,578] ERROR: Unexpected status 403 for https://api.hh.ru/vacancies/129019340: {"errors":[{"value":"captcha_required","captcha_url":"https://hh.ru/account/captcha?state=pxvcxBozfu7ry7R4QCetFmUA3SFZr_Pa4yXPQEusAiQIVW2lajVtNll6OObEQw_9kbOPkbKbHHm7t-XIJMQfyCFvQyeAzRDNI7CIj5tsEaHg0j
[2026-01-20 21:19:48,613] ERROR: Unexpected status 403 for https://api.hh.ru/vacancies/129399447: {"errors":[{"value":"captcha_required","captcha_url":"https://hh.ru/account/captcha?state=pxvcxBozfu7ry7R4QCetFmUA3SFZr_Pa4yXPQEusAiQIVW2lajVtNll6OObEQw_9kbOPkbKbHHm7t-XIJMQfyG87ee1n7n102987y7dqQAbWaB
[2026-01-20 21:19:48,638] ERROR: Unexpected status 403 for https://api.hh.ru/vacancies/129597698: {"errors":[{"value":"captcha_required","captcha_url":"https://hh.ru/account/captcha?state=pxvcxBozfu7ry7R4QCetFmUA3SFZr_Pa4yXPQEusAiQIVW2lajVtNll6OObEQw_9kbOPkbKbHHm7t-XIJMQfyCx9YWa9bRJ3px-gT1lyW9J7sU
[2026-01-20 21:19:48,639] ERROR: Unexpected status 403 for https://api.hh.ru/vacancies/129417108: {"errors":[{"value":"captcha_required","captcha_url":"https://hh.ru/account/captcha?state=pxvcxBozfu7ry7R4QCetFmUA3SFZr_Pa4yXPQEusAiQIVW2lajVtNll6OObEQw_9kbOPkbKbHHm7t-XIJMQfyD-XXvC7pNqmkoeRatiOCs_Jh1
[2026-01-20 21:19:48,645] ERROR: Unexpected status 403 for https://api.hh.ru/vacancies/129649323: {"errors":[{"value":"captcha_required","captcha_url":"https://hh.ru/account/captcha?state=pxvcxBozfu7ry7R4QCetFmUA3SFZr_Pa4yXPQEusAiQIVW2lajVtNll6OObEQw_9kbOPkbKbHHm7t-XIJMQfyCQFsEOY4bW5byLgQefbx0K22R
[2026-01-20 21:19:48,647] ERROR: Unexpected status 403 for https://api.hh.ru/vacancies/129633558: {"errors":[{"value":"captcha_required","captcha_url":"https://hh.ru/account/captcha?state=pxvcxBozfu7ry7R4QCetFmUA3SFZr_Pa4yXPQEusAiQIVW2lajVtNll6OObEQw_9kbOPkbKbHHm7t-XIJMQfyCDgiEooXl5BaeswZnFndHmi8V
[2026-01-20 21:19:48,658] ERROR: Unexpected status 403 for https://api.hh.ru/vacancies/129518155: {"errors":[{"value":"captcha_required","captcha_url":"https://hh.ru/account/captcha?state=pxvcxBozfu7ry7R4QCetFmUA3SFZr_Pa4yXPQEusAiQIVW2lajVtNll6OObEQw_9kbOPkbKbHHm7t-XIJMQfyIg5NwcSR7SZwsq7hz507xmbw7
[2026-01-20 21:19:48,665] ERROR: Unexpected status 403 for https://api.hh.ru/vacancies/129140787: {"errors":[{"value":"captcha_required","captcha_url":"https://hh.ru/account/captcha?state=pxvcxBozfu7ry7R4QCetFmUA3SFZr_Pa4yXPQEusAiQIVW2lajVtNll6OObEQw_9kbOPkbKbHHm7t-XIJMQfyNkrE9_8XW6nNQD0mDH5zSHskn
[2026-01-20 21:19:48,671] ERROR: Unexpected status 403 for https://api.hh.ru/vacancies/129031528: {"errors":[{"value":"captcha_required","captcha_url":"https://hh.ru/account/captcha?state=pxvcxBozfu7ry7R4QCetFmUA3SFZr_Pa4yXPQEusAiQIVW2lajVtNll6OObEQw_9kbOPkbKbHHm7t-XIJMQfyOv3qXFEQNuK8IpOaSeL73wrWY
[2026-01-20 21:19:48,679] ERROR: Unexpected status 403 for https://api.hh.ru/vacancies/129633756: {"errors":[{"value":"captcha_required","captcha_url":"https://hh.ru/account/captcha?state=pxvcxBozfu7ry7R4QCetFmUA3SFZr_Pa4yXPQEusAiQIVW2lajVtNll6OObEQw_9kbOPkbKbHHm7t-XIJMQfyJzjqR4rO3tsHARQngaB6fF3VM
[2026-01-20 21:19:48,679] ERROR: Unexpected status 403 for https://api.hh.ru/vacancies/129210116: {"errors":[{"value":"captcha_required","captcha_url":"https://hh.ru/account/captcha?state=pxvcxBozfu7ry7R4QCetFmUA3SFZr_Pa4yXPQEusAiQIVW2lajVtNll6OObEQw_9kbOPkbKbHHm7t-XIJMQfyG6Y2i1JS6GfvDXaM6x_tNgSTU
[2026-01-20 21:19:48,692] ERROR: Unexpected status 403 for https://api.hh.ru/vacancies/125625356: {"errors":[{"value":"captcha_required","captcha_url":"https://hh.ru/account/captcha?state=pxvcxBozfu7ry7R4QCetFmUA3SFZr_Pa4yXPQEusAiQIVW2lajVtNll6OObEQw_9kbOPkbKbHHm7t-XIJMQfyA1_2dlXie1OAAtUAhleWaJY1A
[2026-01-20 21:19:48,710] ERROR: Unexpected status 403 for https://api.hh.ru/vacancies/129354998: {"errors":[{"value":"captcha_required","captcha_url":"https://hh.ru/account/captcha?state=pxvcxBozfu7ry7R4QCetFmUA3SFZr_Pa4yXPQEusAiQIVW2lajVtNll6OObEQw_9kbOPkbKbHHm7t-XIJMQfyKHPhN5gUfNy8DVT9wnmMk3ubR
[2026-01-20 21:19:48,756] ERROR: Unexpected status 403 for https://api.hh.ru/vacancies/129213246: {"errors":[{"value":"captcha_required","captcha_url":"https://hh.ru/account/captcha?state=pxvcxBozfu7ry7R4QCetFmUA3SFZr_Pa4yXPQEusAiQIVW2lajVtNll6OObEQw_9kbOPkbKbHHm7t-XIJMQfyIwrxyjznMjp5AziBZ7AbAf4Fy
[2026-01-20 21:19:48,758] ERROR: Unexpected status 403 for https://api.hh.ru/vacancies/129532053: {"errors":[{"value":"captcha_required","captcha_url":"https://hh.ru/account/captcha?state=pxvcxBozfu7ry7R4QCetFmUA3SFZr_Pa4yXPQEusAiQIVW2lajVtNll6OObEQw_9kbOPkbKbHHm7t-XIJMQfyIK5sfn4MZ8_syrI4NiWupWSiB
[2026-01-20 21:19:48,761] ERROR: Unexpected status 403 for https://api.hh.ru/vacancies/129183412: {"errors":[{"value":"captcha_required","captcha_url":"https://hh.ru/account/captcha?state=pxvcxBozfu7ry7R4QCetFmUA3SFZr_Pa4yXPQEusAiQIVW2lajVtNll6OObEQw_9kbOPkbKbHHm7t-XIJMQfyCyBxIOmwyySuRVNm7fiOUGLsJ
[2026-01-20 21:19:48,764] ERROR: Unexpected status 403 for https://api.hh.ru/vacancies/129358291: {"errors":[{"value":"captcha_required","captcha_url":"https://hh.ru/account/captcha?state=pxvcxBozfu7ry7R4QCetFmUA3SFZr_Pa4yXPQEusAiQIVW2lajVtNll6OObEQw_9kbOPkbKbHHm7t-XIJMQfyGO-TPfV02T1AUPrWMuz74dNo5
[2026-01-20 21:19:48,768] ERROR: Unexpected status 403 for https://api.hh.ru/vacancies/129560554: {"errors":[{"value":"captcha_required","captcha_url":"https://hh.ru/account/captcha?state=pxvcxBozfu7ry7R4QCetFmUA3SFZr_Pa4yXPQEusAiQIVW2lajVtNll6OObEQw_9kbOPkbKbHHm7t-XIJMQfyBh-QV9FBgIg_uaZqwhgW47219
[2026-01-20 21:19:48,775] ERROR: Unexpected status 403 for https://api.hh.ru/vacancies/128913869: {"errors":[{"value":"captcha_required","captcha_url":"https://hh.ru/account/captcha?state=pxvcxBozfu7ry7R4QCetFmUA3SFZr_Pa4yXPQEusAiQIVW2lajVtNll6OObEQw_9kbOPkbKbHHm7t-XIJMQfyG-AJ0pbzZFJJkMdBkD9ac51xO
[2026-01-20 21:19:48,780] ERROR: Unexpected status 403 for https://api.hh.ru/vacancies/129403387: {"errors":[{"value":"captcha_required","captcha_url":"https://hh.ru/account/captcha?state=pxvcxBozfu7ry7R4QCetFmUA3SFZr_Pa4yXPQEusAiQIVW2lajVtNll6OObEQw_9kbOPkbKbHHm7t-XIJMQfyKG6oVnBe1i4mDuU5D292wMEJR
[2026-01-20 21:19:48,805] ERROR: Unexpected status 403 for https://api.hh.ru/vacancies/129259665: {"errors":[{"value":"captcha_required","captcha_url":"https://hh.ru/account/captcha?state=pxvcxBozfu7ry7R4QCetFmUA3SFZr_Pa4yXPQEusAiQIVW2lajVtNll6OObEQw_9kbOPkbKbHHm7t-XIJMQfyNVvHegO83dLa6Rjx9H7yM5kCy
[2026-01-20 21:19:48,832] ERROR: Unexpected status 403 for https://api.hh.ru/vacancies/129355362: {"errors":[{"value":"captcha_required","captcha_url":"https://hh.ru/account/captcha?state=pxvcxBozfu7ry7R4QCetFmUA3SFZr_Pa4yXPQEusAiQIVW2lajVtNll6OObEQw_9kbOPkbKbHHm7t-XIJMQfyElX__3Nu1Ort1Phe0xH1_6bU3
[2026-01-20 21:19:48,833] ERROR: Unexpected status 403 for https://api.hh.ru/vacancies/128905851: {"errors":[{"value":"captcha_required","captcha_url":"https://hh.ru/account/captcha?state=pxvcxBozfu7ry7R4QCetFmUA3SFZr_Pa4yXPQEusAiQIVW2lajVtNll6OObEQw_9kbOPkbKbHHm7t-XIJMQfyK8muSYy6KB1-nn9mhXb7o3jeX
[2026-01-20 21:19:48,837] ERROR: Unexpected status 403 for https://api.hh.ru/vacancies/129350652: {"errors":[{"value":"captcha_required","captcha_url":"https://hh.ru/account/captcha?state=pxvcxBozfu7ry7R4QCetFmUA3SFZr_Pa4yXPQEusAiQIVW2lajVtNll6OObEQw_9kbOPkbKbHHm7t-XIJMQfyMS5Q7eRVn0hw7ITdxC39hTKiw
[2026-01-20 21:19:48,845] ERROR: Unexpected status 403 for https://api.hh.ru/vacancies/129640522: {"errors":[{"value":"captcha_required","captcha_url":"https://hh.ru/account/captcha?state=pxvcxBozfu7ry7R4QCetFmUA3SFZr_Pa4yXPQEusAiQIVW2lajVtNll6OObEQw_9kbOPkbKbHHm7t-XIJMQfyCVb6_nDlbdV_mnFYdoLp1UGAA
[2026-01-20 21:19:48,848] ERROR: Unexpected status 403 for https://api.hh.ru/vacancies/129484724: {"errors":[{"value":"captcha_required","captcha_url":"https://hh.ru/account/captcha?state=pxvcxBozfu7ry7R4QCetFmUA3SFZr_Pa4yXPQEusAiQIVW2lajVtNll6OObEQw_9kbOPkbKbHHm7t-XIJMQfyEyH8qUQGiLW15V6P0wZTwpsbQ
[2026-01-20 21:19:48,870] ERROR: Unexpected status 403 for https://api.hh.ru/vacancies/129011222: {"errors":[{"value":"captcha_required","captcha_url":"https://hh.ru/account/captcha?state=pxvcxBozfu7ry7R4QCetFmUA3SFZr_Pa4yXPQEusAiQIVW2lajVtNll6OObEQw_9kbOPkbKbHHm7t-XIJMQfyL0qJd6SJmDs_Ddw4O_hdafJ7Z
[2026-01-20 21:19:48,870] ERROR: Unexpected status 403 for https://api.hh.ru/vacancies/129597368: {"errors":[{"value":"captcha_required","captcha_url":"https://hh.ru/account/captcha?state=pxvcxBozfu7ry7R4QCetFmUA3SFZr_Pa4yXPQEusAiQIVW2lajVtNll6OObEQw_9kbOPkbKbHHm7t-XIJMQfyBbhc-884GcuqDafwLaeNGhyC_
[2026-01-20 21:19:48,875] ERROR: Unexpected status 403 for https://api.hh.ru/vacancies/129574837: {"errors":[{"value":"captcha_required","captcha_url":"https://hh.ru/account/captcha?state=pxvcxBozfu7ry7R4QCetFmUA3SFZr_Pa4yXPQEusAiQIVW2lajVtNll6OObEQw_9kbOPkbKbHHm7t-XIJMQfyLulykTTJOe1d14XQRUj06Q2c6
[2026-01-20 21:19:48,902] ERROR: Unexpected status 403 for https://api.hh.ru/vacancies/129437388: {"errors":[{"value":"captcha_required","captcha_url":"https://hh.ru/account/captcha?state=pxvcxBozfu7ry7R4QCetFmUA3SFZr_Pa4yXPQEusAiQIVW2lajVtNll6OObEQw_9kbOPkbKbHHm7t-XIJMQfyNZ5cuul_DHQYlLyTGzG9jx7M7
[2026-01-20 21:19:48,909] ERROR: Unexpected status 403 for https://api.hh.ru/vacancies/128221860: {"errors":[{"value":"captcha_required","captcha_url":"https://hh.ru/account/captcha?state=pxvcxBozfu7ry7R4QCetFmUA3SFZr_Pa4yXPQEusAiQIVW2lajVtNll6OObEQw_9kbOPkbKbHHm7t-XIJMQfyB7MJZ3LEa_YcWD9xuN-Wu3JZV
[2026-01-20 21:19:48,926] ERROR: Unexpected status 403 for https://api.hh.ru/vacancies/129013287: {"errors":[{"value":"captcha_required","captcha_url":"https://hh.ru/account/captcha?state=pxvcxBozfu7ry7R4QCetFmUA3SFZr_Pa4yXPQEusAiQIVW2lajVtNll6OObEQw_9kbOPkbKbHHm7t-XIJMQfyPHWSQHeiXyrThos4HgvAwqI9C
[2026-01-20 21:19:48,935] ERROR: Unexpected status 403 for https://api.hh.ru/vacancies/129521831: {"errors":[{"value":"captcha_required","captcha_url":"https://hh.ru/account/captcha?state=pxvcxBozfu7ry7R4QCetFmUA3SFZr_Pa4yXPQEusAiQIVW2lajVtNll6OObEQw_9kbOPkbKbHHm7t-XIJMQfyAP5a2kbM6b4iibwhHA-SrpB8c
[2026-01-20 21:19:48,948] ERROR: Unexpected status 403 for https://api.hh.ru/vacancies/129643369: {"errors":[{"value":"captcha_required","captcha_url":"https://hh.ru/account/captcha?state=pxvcxBozfu7ry7R4QCetFmUA3SFZr_Pa4yXPQEusAiQIVW2lajVtNll6OObEQw_9kbOPkbKbHHm7t-XIJMQfyDh5b6O-QL9N63oqE0mWWtQpH6
[2026-01-20 21:19:48,952] ERROR: Unexpected status 403 for https://api.hh.ru/vacancies/129352609: {"errors":[{"value":"captcha_required","captcha_url":"https://hh.ru/account/captcha?state=pxvcxBozfu7ry7R4QCetFmUA3SFZr_Pa4yXPQEusAiQIVW2lajVtNll6OObEQw_9kbOPkbKbHHm7t-XIJMQfyBcW6pm3b9VFEXXqzPnNA1KOAf
[2026-01-20 21:19:48,960] ERROR: Unexpected status 403 for https://api.hh.ru/vacancies/129031520: {"errors":[{"value":"captcha_required","captcha_url":"https://hh.ru/account/captcha?state=pxvcxBozfu7ry7R4QCetFmUA3SFZr_Pa4yXPQEusAiQIVW2lajVtNll6OObEQw_9kbOPkbKbHHm7t-XIJMQfyKONxlQW00yKhOt7OiBiM_qphg
[2026-01-20 21:19:48,961] ERROR: Unexpected status 403 for https://api.hh.ru/vacancies/129299047: {"errors":[{"value":"captcha_required","captcha_url":"https://hh.ru/account/captcha?state=pxvcxBozfu7ry7R4QCetFmUA3SFZr_Pa4yXPQEusAiQIVW2lajVtNll6OObEQw_9kbOPkbKbHHm7t-XIJMQfyBIDRB6jCEIqNuUl_s1g6Bo6XP
[2026-01-20 21:19:48,977] ERROR: Unexpected status 403 for https://api.hh.ru/vacancies/129581418: {"errors":[{"value":"captcha_required","captcha_url":"https://hh.ru/account/captcha?state=pxvcxBozfu7ry7R4QCetFmUA3SFZr_Pa4yXPQEusAiQIVW2lajVtNll6OObEQw_9kbOPkbKbHHm7t-XIJMQfyGWYxqPq0jph3Lq5IojAOpe0LT
[2026-01-20 21:19:48,983] ERROR: Unexpected status 403 for https://api.hh.ru/vacancies/129567174: {"errors":[{"value":"captcha_required","captcha_url":"https://hh.ru/account/captcha?state=pxvcxBozfu7ry7R4QCetFmUA3SFZr_Pa4yXPQEusAiQIVW2lajVtNll6OObEQw_9kbOPkbKbHHm7t-XIJMQfyGaBzo3NedF5VjRlorzYgxOQs-
[2026-01-20 21:19:49,050] ERROR: Unexpected status 403 for https://api.hh.ru/vacancies/129613193: {"errors":[{"value":"captcha_required","captcha_url":"https://hh.ru/account/captcha?state=pxvcxBozfu7ry7R4QCetFmUA3SFZr_Pa4yXPQEusAiQIVW2lajVtNll6OObEQw_9kbOPkbKbHHm7t-XIJMQfyPN3k7NIY9emt4EDobDMy64GQL
[2026-01-20 21:19:49,059] ERROR: Unexpected status 403 for https://api.hh.ru/vacancies/128433541: {"errors":[{"value":"captcha_required","captcha_url":"https://hh.ru/account/captcha?state=pxvcxBozfu7ry7R4QCetFmUA3SFZr_Pa4yXPQEusAiQIVW2lajVtNll6OObEQw_9kbOPkbKbHHm7t-XIJMQfyA2vXJPvwxMvYT8izmHC4pXdPx
[2026-01-20 21:19:49,070] ERROR: Unexpected status 403 for https://api.hh.ru/vacancies/129589220: {"errors":[{"value":"captcha_required","captcha_url":"https://hh.ru/account/captcha?state=pxvcxBozfu7ry7R4QCetFmUA3SFZr_Pa4yXPQEusAiQIVW2lajVtNll6OObEQw_9kbOPkbKbHHm7t-XIJMQfyDGU96YGt571bmJ6aLT6kIQeyC
[2026-01-20 21:19:49,085] ERROR: Unexpected status 403 for https://api.hh.ru/vacancies/129260414: {"errors":[{"value":"captcha_required","captcha_url":"https://hh.ru/account/captcha?state=pxvcxBozfu7ry7R4QCetFmUA3SFZr_Pa4yXPQEusAiQIVW2lajVtNll6OObEQw_9kbOPkbKbHHm7t-XIJMQfyA4b06PC6-xBYnuT3UrjiLP7lP
[2026-01-20 21:19:49,090] ERROR: Unexpected status 403 for https://api.hh.ru/vacancies/129475124: {"errors":[{"value":"captcha_required","captcha_url":"https://hh.ru/account/captcha?state=pxvcxBozfu7ry7R4QCetFmUA3SFZr_Pa4yXPQEusAiQIVW2lajVtNll6OObEQw_9kbOPkbKbHHm7t-XIJMQfyKdDNXs0HvBB_YTsTm0DSyqlV7
[2026-01-20 21:19:49,131] ERROR: Unexpected status 403 for https://api.hh.ru/vacancies/129539728: {"errors":[{"value":"captcha_required","captcha_url":"https://hh.ru/account/captcha?state=pxvcxBozfu7ry7R4QCetFmUA3SFZr_Pa4yXPQEusAiQIVW2lajVtNll6OObEQw_9kbOPkbKbHHm7t-XIJMQfyKrbnivrUMOePAkKBSSGHCWiVB
[2026-01-20 21:19:49,153] ERROR: Unexpected status 403 for https://api.hh.ru/vacancies/129011320: {"errors":[{"value":"captcha_required","captcha_url":"https://hh.ru/account/captcha?state=pxvcxBozfu7ry7R4QCetFmUA3SFZr_Pa4yXPQEusAiQIVW2lajVtNll6OObEQw_9kbOPkbKbHHm7t-XIJMQfyKcfkSNRIBW6NgfhSS_4LreydK
[2026-01-20 21:19:49,157] ERROR: Unexpected status 403 for https://api.hh.ru/vacancies/129327401: {"errors":[{"value":"captcha_required","captcha_url":"https://hh.ru/account/captcha?state=pxvcxBozfu7ry7R4QCetFmUA3SFZr_Pa4yXPQEusAiQIVW2lajVtNll6OObEQw_9kbOPkbKbHHm7t-XIJMQfyAqb-Qeo20MRqQeAUxqNWCi8ux
[2026-01-20 21:19:49,185] ERROR: Unexpected status 403 for https://api.hh.ru/vacancies/129073216: {"errors":[{"value":"captcha_required","captcha_url":"https://hh.ru/account/captcha?state=pxvcxBozfu7ry7R4QCetFmUA3SFZr_Pa4yXPQEusAiQIVW2lajVtNll6OObEQw_9kbOPkbKbHHm7t-XIJMQfyG2LlLekP8d18WIc4wyNKzTbxl
[2026-01-20 21:19:49,210] ERROR: Unexpected status 403 for https://api.hh.ru/vacancies/129011379: {"errors":[{"value":"captcha_required","captcha_url":"https://hh.ru/account/captcha?state=pxvcxBozfu7ry7R4QCetFmUA3SFZr_Pa4yXPQEusAiQIVW2lajVtNll6OObEQw_9kbOPkbKbHHm7t-XIJMQfyJxvMic_pcE_4Onr8jqBWZC-XS
[2026-01-20 21:19:49,221] ERROR: Unexpected status 403 for https://api.hh.ru/vacancies/129388089: {"errors":[{"value":"captcha_required","captcha_url":"https://hh.ru/account/captcha?state=pxvcxBozfu7ry7R4QCetFmUA3SFZr_Pa4yXPQEusAiQIVW2lajVtNll6OObEQw_9kbOPkbKbHHm7t-XIJMQfyFQHglDpO_-BBs9_mU_uePxUJZ
[2026-01-20 21:19:49,253] ERROR: Unexpected status 403 for https://api.hh.ru/vacancies/129011610: {"errors":[{"value":"captcha_required","captcha_url":"https://hh.ru/account/captcha?state=pxvcxBozfu7ry7R4QCetFmUA3SFZr_Pa4yXPQEusAiQIVW2lajVtNll6OObEQw_9kbOPkbKbHHm7t-XIJMQfyE8TruVzm62FA1nhEcmRhxHt2x
[2026-01-20 21:19:49,253] INFO: Worker 3 finished area Волжск; total collected 119
[2026-01-20 21:19:49,253] INFO: Worker 3 scanning area Морки (3667)
[2026-01-20 21:19:49,258] INFO: Worker 2 finished area Михайловка (Республика Марий Эл); total collected 119
[2026-01-20 21:19:49,258] INFO: Worker 2 scanning area Мочалище (7045)
[2026-01-20 21:19:49,320] ERROR: Unexpected status 403 for https://api.hh.ru/vacancies/129073868: {"errors":[{"value":"captcha_required","captcha_url":"https://hh.ru/account/captcha?state=pxvcxBozfu7ry7R4QCetFmUA3SFZr_Pa4yXPQEusAiQIVW2lajVtNll6OObEQw_9kbOPkbKbHHm7t-XIJMQfyAgfoy9Y9uDr-iE9jm5BjarsyP
[2026-01-20 21:19:49,336] ERROR: Unexpected status 403 for https://api.hh.ru/vacancies/129193138: {"errors":[{"value":"captcha_required","captcha_url":"https://hh.ru/account/captcha?state=pxvcxBozfu7ry7R4QCetFmUA3SFZr_Pa4yXPQEusAiQIVW2lajVtNll6OObEQw_9kbOPkbKbHHm7t-XIJMQfyB7IgAzGqe02p-ePt4bxEU0tC2
[2026-01-20 21:19:49,349] ERROR: Unexpected status 403 for https://api.hh.ru/vacancies/129148011: {"errors":[{"value":"captcha_required","captcha_url":"https://hh.ru/account/captcha?state=pxvcxBozfu7ry7R4QCetFmUA3SFZr_Pa4yXPQEusAiQIVW2lajVtNll6OObEQw_9kbOPkbKbHHm7t-XIJMQfyDXnNpwdK8PSYnPb1rfhETeVoX
[2026-01-20 21:19:49,445] ERROR: Unexpected status 403 for https://api.hh.ru/vacancies/128237536: {"errors":[{"value":"captcha_required","captcha_url":"https://hh.ru/account/captcha?state=pxvcxBozfu7ry7R4QCetFmUA3SFZr_Pa4yXPQEusAiQIVW2lajVtNll6OObEQw_9kbOPkbKbHHm7t-XIJMQfyKeR0dw4JGtDjNSdM8SW7HNIor
[2026-01-20 21:19:49,473] ERROR: Unexpected status 403 for https://api.hh.ru/vacancies/129542542: {"errors":[{"value":"captcha_required","captcha_url":"https://hh.ru/account/captcha?state=pxvcxBozfu7ry7R4QCetFmUA3SFZr_Pa4yXPQEusAiQIVW2lajVtNll6OObEQw_9kbOPkbKbHHm7t-XIJMQfyKccnnzS2q_hX-u6kmYCHmEULm
[2026-01-20 21:19:49,474] INFO: Worker 5 finished area Куженер; total collected 119
[2026-01-20 21:19:49,474] INFO: Worker 5 scanning area Новый Торъял (4237)
[2026-01-20 21:19:49,518] ERROR: Unexpected status 403 for https://api.hh.ru/vacancies/128474708: {"errors":[{"value":"captcha_required","captcha_url":"https://hh.ru/account/captcha?state=pxvcxBozfu7ry7R4QCetFmUA3SFZr_Pa4yXPQEusAiQIVW2lajVtNll6OObEQw_9kbOPkbKbHHm7t-XIJMQfyC9lc1ZhvNUsN31wJUjgclJzps
[2026-01-20 21:19:49,518] INFO: Worker 4 finished area Мари-Турек; total collected 119
[2026-01-20 21:19:49,518] INFO: Worker 4 scanning area Оршанка (4238)
[2026-01-20 21:19:49,810] INFO: Worker 2 finished area Мочалище; total collected 119
[2026-01-20 21:19:49,810] INFO: Worker 2 scanning area Параньга (4239)
[2026-01-20 21:19:50,092] ERROR: Unexpected status 403 for https://api.hh.ru/vacancies/129343236: {"errors":[{"value":"captcha_required","captcha_url":"https://hh.ru/account/captcha?state=pxvcxBozfu7ry7R4QCetFmUA3SFZr_Pa4yXPQEusAiQIVW2lajVtNll6OObEQw_9kbOPkbKbHHm7t-XIJMQfyCJMSNEIFneAQSSCEaIOVxdxB7
[2026-01-20 21:19:50,103] ERROR: Unexpected status 403 for https://api.hh.ru/vacancies/129638076: {"errors":[{"value":"captcha_required","captcha_url":"https://hh.ru/account/captcha?state=pxvcxBozfu7ry7R4QCetFmUA3SFZr_Pa4yXPQEusAiQIVW2lajVtNll6OObEQw_9kbOPkbKbHHm7t-XIJMQfyCpGCesxJi3jilOgPOZkAdgd4F
[2026-01-20 21:19:50,132] ERROR: Unexpected status 403 for https://api.hh.ru/vacancies/128859994: {"errors":[{"value":"captcha_required","captcha_url":"https://hh.ru/account/captcha?state=pxvcxBozfu7ry7R4QCetFmUA3SFZr_Pa4yXPQEusAiQIVW2lajVtNll6OObEQw_9kbOPkbKbHHm7t-XIJMQfyHh8Ekpy_kum7bpPr07vS7g7Eb
[2026-01-20 21:19:50,137] ERROR: Unexpected status 403 for https://api.hh.ru/vacancies/128386613: {"errors":[{"value":"captcha_required","captcha_url":"https://hh.ru/account/captcha?state=pxvcxBozfu7ry7R4QCetFmUA3SFZr_Pa4yXPQEusAiQIVW2lajVtNll6OObEQw_9kbOPkbKbHHm7t-XIJMQfyNc4j9Gnjt4Y8RV-YfFKUxa1Mq
[2026-01-20 21:19:50,156] ERROR: Unexpected status 403 for https://api.hh.ru/vacancies/129545320: {"errors":[{"value":"captcha_required","captcha_url":"https://hh.ru/account/captcha?state=pxvcxBozfu7ry7R4QCetFmUA3SFZr_Pa4yXPQEusAiQIVW2lajVtNll6OObEQw_9kbOPkbKbHHm7t-XIJMQfyCtnGtrpRADrLJGVexAf0_mah0
[2026-01-20 21:19:50,165] ERROR: Unexpected status 403 for https://api.hh.ru/vacancies/129285036: {"errors":[{"value":"captcha_required","captcha_url":"https://hh.ru/account/captcha?state=pxvcxBozfu7ry7R4QCetFmUA3SFZr_Pa4yXPQEusAiQIVW2lajVtNll6OObEQw_9kbOPkbKbHHm7t-XIJMQfyE8sTHF7Rlr7QW102ognKe1C-T
[2026-01-20 21:19:50,174] ERROR: Unexpected status 403 for https://api.hh.ru/vacancies/129278556: {"errors":[{"value":"captcha_required","captcha_url":"https://hh.ru/account/captcha?state=pxvcxBozfu7ry7R4QCetFmUA3SFZr_Pa4yXPQEusAiQIVW2lajVtNll6OObEQw_9kbOPkbKbHHm7t-XIJMQfyNvAABTC857PPGBxCI7k_Zoz07
[2026-01-20 21:19:50,184] ERROR: Unexpected status 403 for https://api.hh.ru/vacancies/129634604: {"errors":[{"value":"captcha_required","captcha_url":"https://hh.ru/account/captcha?state=pxvcxBozfu7ry7R4QCetFmUA3SFZr_Pa4yXPQEusAiQIVW2lajVtNll6OObEQw_9kbOPkbKbHHm7t-XIJMQfyC6e-Iurzsn7luH9-zUdZBAbH9
[2026-01-20 21:19:50,213] ERROR: Unexpected status 403 for https://api.hh.ru/vacancies/128536403: {"errors":[{"value":"captcha_required","captcha_url":"https://hh.ru/account/captcha?state=pxvcxBozfu7ry7R4QCetFmUA3SFZr_Pa4yXPQEusAiQIVW2lajVtNll6OObEQw_9kbOPkbKbHHm7t-XIJMQfyP-2D_po4tKSDZoBSP2IU9b3Bl
[2026-01-20 21:19:50,252] ERROR: Unexpected status 403 for https://api.hh.ru/vacancies/129151177: {"errors":[{"value":"captcha_required","captcha_url":"https://hh.ru/account/captcha?state=pxvcxBozfu7ry7R4QCetFmUA3SFZr_Pa4yXPQEusAiQIVW2lajVtNll6OObEQw_9kbOPkbKbHHm7t-XIJMQfyCgj5BY1lIzxldkRVUqJQDSxOD
[2026-01-20 21:19:50,258] ERROR: Unexpected status 403 for https://api.hh.ru/vacancies/129047221: {"errors":[{"value":"captcha_required","captcha_url":"https://hh.ru/account/captcha?state=pxvcxBozfu7ry7R4QCetFmUA3SFZr_Pa4yXPQEusAiQIVW2lajVtNll6OObEQw_9kbOPkbKbHHm7t-XIJMQfyEkINy1DNKtHOc3mBYmn5UMaZX
[2026-01-20 21:19:50,259] ERROR: Unexpected status 403 for https://api.hh.ru/vacancies/129617693: {"errors":[{"value":"captcha_required","captcha_url":"https://hh.ru/account/captcha?state=pxvcxBozfu7ry7R4QCetFmUA3SFZr_Pa4yXPQEusAiQIVW2lajVtNll6OObEQw_9kbOPkbKbHHm7t-XIJMQfyDUEiy7cSOyMOTekoL6oAkMEXW
[2026-01-20 21:19:50,259] ERROR: Unexpected status 403 for https://api.hh.ru/vacancies/129507899: {"errors":[{"value":"captcha_required","captcha_url":"https://hh.ru/account/captcha?state=pxvcxBozfu7ry7R4QCetFmUA3SFZr_Pa4yXPQEusAiQIVW2lajVtNll6OObEQw_9kbOPkbKbHHm7t-XIJMQfyL-P5pryMhAZxkXBrwjSK9COiW
[2026-01-20 21:19:50,265] ERROR: Unexpected status 403 for https://api.hh.ru/vacancies/129353965: {"errors":[{"value":"captcha_required","captcha_url":"https://hh.ru/account/captcha?state=pxvcxBozfu7ry7R4QCetFmUA3SFZr_Pa4yXPQEusAiQIVW2lajVtNll6OObEQw_9kbOPkbKbHHm7t-XIJMQfyOy0D03qpDDZrHrQkI5oqlRyHv
[2026-01-20 21:19:50,274] ERROR: Unexpected status 403 for https://api.hh.ru/vacancies/129387474: {"errors":[{"value":"captcha_required","captcha_url":"https://hh.ru/account/captcha?state=pxvcxBozfu7ry7R4QCetFmUA3SFZr_Pa4yXPQEusAiQIVW2lajVtNll6OObEQw_9kbOPkbKbHHm7t-XIJMQfyHELoHqE6VI7vEWf1LwlZWYh4A
[2026-01-20 21:19:50,285] ERROR: Unexpected status 403 for https://api.hh.ru/vacancies/129264666: {"errors":[{"value":"captcha_required","captcha_url":"https://hh.ru/account/captcha?state=pxvcxBozfu7ry7R4QCetFmUA3SFZr_Pa4yXPQEusAiQIVW2lajVtNll6OObEQw_9kbOPkbKbHHm7t-XIJMQfyDQ13kJrwy0BGokkAYhB_lFoJl
[2026-01-20 21:19:50,286] ERROR: Unexpected status 403 for https://api.hh.ru/vacancies/129375924: {"errors":[{"value":"captcha_required","captcha_url":"https://hh.ru/account/captcha?state=pxvcxBozfu7ry7R4QCetFmUA3SFZr_Pa4yXPQEusAiQIVW2lajVtNll6OObEQw_9kbOPkbKbHHm7t-XIJMQfyPFu0HwYMKJ_zzzQI-5X5TyYEu
[2026-01-20 21:19:50,369] ERROR: Unexpected status 403 for https://api.hh.ru/vacancies/129430377: {"errors":[{"value":"captcha_required","captcha_url":"https://hh.ru/account/captcha?state=pxvcxBozfu7ry7R4QCetFmUA3SFZr_Pa4yXPQEusAiQIVW2lajVtNll6OObEQw_9kbOPkbKbHHm7t-XIJMQfyDbEl22l4WzdOnHRHjp52ra2XG
[2026-01-20 21:19:50,370] ERROR: Unexpected status 403 for https://api.hh.ru/vacancies/128559925: {"errors":[{"value":"captcha_required","captcha_url":"https://hh.ru/account/captcha?state=pxvcxBozfu7ry7R4QCetFmUA3SFZr_Pa4yXPQEusAiQIVW2lajVtNll6OObEQw_9kbOPkbKbHHm7t-XIJMQfyOwCYwes7RdarBf-IenTsWfi5o
[2026-01-20 21:19:50,370] ERROR: Unexpected status 403 for https://api.hh.ru/vacancies/129530052: {"errors":[{"value":"captcha_required","captcha_url":"https://hh.ru/account/captcha?state=pxvcxBozfu7ry7R4QCetFmUA3SFZr_Pa4yXPQEusAiQIVW2lajVtNll6OObEQw_9kbOPkbKbHHm7t-XIJMQfyKKZqInf2NhZKYxf5brkKyrRdU
[2026-01-20 21:19:50,371] ERROR: Unexpected status 403 for https://api.hh.ru/vacancies/129597325: {"errors":[{"value":"captcha_required","captcha_url":"https://hh.ru/account/captcha?state=pxvcxBozfu7ry7R4QCetFmUA3SFZr_Pa4yXPQEusAiQIVW2lajVtNll6OObEQw_9kbOPkbKbHHm7t-XIJMQfyEJtdB5BLqjSeHF5rghvh0qfYw
[2026-01-20 21:19:50,372] ERROR: Unexpected status 403 for https://api.hh.ru/vacancies/129611646: {"errors":[{"value":"captcha_required","captcha_url":"https://hh.ru/account/captcha?state=pxvcxBozfu7ry7R4QCetFmUA3SFZr_Pa4yXPQEusAiQIVW2lajVtNll6OObEQw_9kbOPkbKbHHm7t-XIJMQfyDfRIOM5kXHoFJGEKknL-7qGBU
[2026-01-20 21:19:50,373] ERROR: Unexpected status 403 for https://api.hh.ru/vacancies/129435846: {"errors":[{"value":"captcha_required","captcha_url":"https://hh.ru/account/captcha?state=pxvcxBozfu7ry7R4QCetFmUA3SFZr_Pa4yXPQEusAiQIVW2lajVtNll6OObEQw_9kbOPkbKbHHm7t-XIJMQfyIx1APELzblYbKzn7bZtTQtxlm
[2026-01-20 21:19:50,373] ERROR: Unexpected status 403 for https://api.hh.ru/vacancies/128741152: {"errors":[{"value":"captcha_required","captcha_url":"https://hh.ru/account/captcha?state=pxvcxBozfu7ry7R4QCetFmUA3SFZr_Pa4yXPQEusAiQIVW2lajVtNll6OObEQw_9kbOPkbKbHHm7t-XIJMQfyKATIT-RtkC1Oz6Jl3UcZG39tG
[2026-01-20 21:19:50,392] ERROR: Unexpected status 403 for https://api.hh.ru/vacancies/129311480: {"errors":[{"value":"captcha_required","captcha_url":"https://hh.ru/account/captcha?state=pxvcxBozfu7ry7R4QCetFmUA3SFZr_Pa4yXPQEusAiQIVW2lajVtNll6OObEQw_9kbOPkbKbHHm7t-XIJMQfyPzUb6u9De9_wzGl-fzsjynUOk
[2026-01-20 21:19:50,393] ERROR: Unexpected status 403 for https://api.hh.ru/vacancies/128966621: {"errors":[{"value":"captcha_required","captcha_url":"https://hh.ru/account/captcha?state=pxvcxBozfu7ry7R4QCetFmUA3SFZr_Pa4yXPQEusAiQIVW2lajVtNll6OObEQw_9kbOPkbKbHHm7t-XIJMQfyBCRGKvGtXRCj0KQjJ75EduchI
[2026-01-20 21:19:50,402] ERROR: Unexpected status 403 for https://api.hh.ru/vacancies/128824006: {"errors":[{"value":"captcha_required","captcha_url":"https://hh.ru/account/captcha?state=pxvcxBozfu7ry7R4QCetFmUA3SFZr_Pa4yXPQEusAiQIVW2lajVtNll6OObEQw_9kbOPkbKbHHm7t-XIJMQfyAo4iXtxTkKKi-wXqs78GRhpqR
[2026-01-20 21:19:50,403] ERROR: Unexpected status 403 for https://api.hh.ru/vacancies/129184300: {"errors":[{"value":"captcha_required","captcha_url":"https://hh.ru/account/captcha?state=pxvcxBozfu7ry7R4QCetFmUA3SFZr_Pa4yXPQEusAiQIVW2lajVtNll6OObEQw_9kbOPkbKbHHm7t-XIJMQfyP2H21EX0EopZKT_6DhMKFmVRk
[2026-01-20 21:19:50,404] ERROR: Unexpected status 403 for https://api.hh.ru/vacancies/129358948: {"errors":[{"value":"captcha_required","captcha_url":"https://hh.ru/account/captcha?state=pxvcxBozfu7ry7R4QCetFmUA3SFZr_Pa4yXPQEusAiQIVW2lajVtNll6OObEQw_9kbOPkbKbHHm7t-XIJMQfyP7kbBTqsTtiGZIgZke6xAuqbm
[2026-01-20 21:19:50,408] ERROR: Unexpected status 403 for https://api.hh.ru/vacancies/129441097: {"errors":[{"value":"captcha_required","captcha_url":"https://hh.ru/account/captcha?state=pxvcxBozfu7ry7R4QCetFmUA3SFZr_Pa4yXPQEusAiQIVW2lajVtNll6OObEQw_9kbOPkbKbHHm7t-XIJMQfyFin4OuJfE_vIwa6mQuC4hgusC
[2026-01-20 21:19:50,412] ERROR: Unexpected status 403 for https://api.hh.ru/vacancies/129598382: {"errors":[{"value":"captcha_required","captcha_url":"https://hh.ru/account/captcha?state=pxvcxBozfu7ry7R4QCetFmUA3SFZr_Pa4yXPQEusAiQIVW2lajVtNll6OObEQw_9kbOPkbKbHHm7t-XIJMQfyHccj-zc2ZIE9larJ4K5EWM-Gp
[2026-01-20 21:19:50,416] ERROR: Unexpected status 403 for https://api.hh.ru/vacancies/129371005: {"errors":[{"value":"captcha_required","captcha_url":"https://hh.ru/account/captcha?state=pxvcxBozfu7ry7R4QCetFmUA3SFZr_Pa4yXPQEusAiQIVW2lajVtNll6OObEQw_9kbOPkbKbHHm7t-XIJMQfyC_r4HqwkBPWfd2ZyJM21Rp6Ss
[2026-01-20 21:19:50,429] ERROR: Unexpected status 403 for https://api.hh.ru/vacancies/129587693: {"errors":[{"value":"captcha_required","captcha_url":"https://hh.ru/account/captcha?state=pxvcxBozfu7ry7R4QCetFmUA3SFZr_Pa4yXPQEusAiQIVW2lajVtNll6OObEQw_9kbOPkbKbHHm7t-XIJMQfyK6ExqNEY6unjn6x6DZ0eJ5qDD
[2026-01-20 21:19:50,438] ERROR: Unexpected status 403 for https://api.hh.ru/vacancies/129270920: {"errors":[{"value":"captcha_required","captcha_url":"https://hh.ru/account/captcha?state=pxvcxBozfu7ry7R4QCetFmUA3SFZr_Pa4yXPQEusAiQIVW2lajVtNll6OObEQw_9kbOPkbKbHHm7t-XIJMQfyLq8gUU-s16K3R-XwbrCVh3aZZ
[2026-01-20 21:19:50,444] ERROR: Unexpected status 403 for https://api.hh.ru/vacancies/129647099: {"errors":[{"value":"captcha_required","captcha_url":"https://hh.ru/account/captcha?state=pxvcxBozfu7ry7R4QCetFmUA3SFZr_Pa4yXPQEusAiQIVW2lajVtNll6OObEQw_9kbOPkbKbHHm7t-XIJMQfyF6cm2Dz6rvTe_X0UnSyoikY-G
[2026-01-20 21:19:50,448] ERROR: Unexpected status 403 for https://api.hh.ru/vacancies/129467351: {"errors":[{"value":"captcha_required","captcha_url":"https://hh.ru/account/captcha?state=pxvcxBozfu7ry7R4QCetFmUA3SFZr_Pa4yXPQEusAiQIVW2lajVtNll6OObEQw_9kbOPkbKbHHm7t-XIJMQfyOMTncJU1t_-Vl9Q-1Qhtnjoye
[2026-01-20 21:19:50,460] ERROR: Unexpected status 403 for https://api.hh.ru/vacancies/129502414: {"errors":[{"value":"captcha_required","captcha_url":"https://hh.ru/account/captcha?state=pxvcxBozfu7ry7R4QCetFmUA3SFZr_Pa4yXPQEusAiQIVW2lajVtNll6OObEQw_9kbOPkbKbHHm7t-XIJMQfyFeV0s1ts3u4n5fX_MjYG1ma7E
[2026-01-20 21:19:50,466] ERROR: Unexpected status 403 for https://api.hh.ru/vacancies/129646079: {"errors":[{"value":"captcha_required","captcha_url":"https://hh.ru/account/captcha?state=pxvcxBozfu7ry7R4QCetFmUA3SFZr_Pa4yXPQEusAiQIVW2lajVtNll6OObEQw_9kbOPkbKbHHm7t-XIJMQfyKjZhRZ3aNNLxCMIKgHp65GnwG
[2026-01-20 21:19:50,472] ERROR: Unexpected status 403 for https://api.hh.ru/vacancies/125592459: {"errors":[{"value":"captcha_required","captcha_url":"https://hh.ru/account/captcha?state=pxvcxBozfu7ry7R4QCetFmUA3SFZr_Pa4yXPQEusAiQIVW2lajVtNll6OObEQw_9kbOPkbKbHHm7t-XIJMQfyEZCHaKqSAjQD4h1NVolWmYzq0
[2026-01-20 21:19:50,477] ERROR: Unexpected status 403 for https://api.hh.ru/vacancies/129565500: {"errors":[{"value":"captcha_required","captcha_url":"https://hh.ru/account/captcha?state=pxvcxBozfu7ry7R4QCetFmUA3SFZr_Pa4yXPQEusAiQIVW2lajVtNll6OObEQw_9kbOPkbKbHHm7t-XIJMQfyBWSRYz7_ZjqDqlYxSzUQZuB5n
[2026-01-20 21:19:50,513] ERROR: Unexpected status 403 for https://api.hh.ru/vacancies/129599567: {"errors":[{"value":"captcha_required","captcha_url":"https://hh.ru/account/captcha?state=pxvcxBozfu7ry7R4QCetFmUA3SFZr_Pa4yXPQEusAiQIVW2lajVtNll6OObEQw_9kbOPkbKbHHm7t-XIJMQfyOZr_DWsn2Llsmus-c_to-zywS
[2026-01-20 21:19:50,514] ERROR: Unexpected status 403 for https://api.hh.ru/vacancies/129613194: {"errors":[{"value":"captcha_required","captcha_url":"https://hh.ru/account/captcha?state=pxvcxBozfu7ry7R4QCetFmUA3SFZr_Pa4yXPQEusAiQIVW2lajVtNll6OObEQw_9kbOPkbKbHHm7t-XIJMQfyJiDMkqzbtkJavY8esjJpE0BUN
[2026-01-20 21:19:50,531] ERROR: Unexpected status 403 for https://api.hh.ru/vacancies/129588167: {"errors":[{"value":"captcha_required","captcha_url":"https://hh.ru/account/captcha?state=pxvcxBozfu7ry7R4QCetFmUA3SFZr_Pa4yXPQEusAiQIVW2lajVtNll6OObEQw_9kbOPkbKbHHm7t-XIJMQfyEO0UtITaI1G1_XYgyEy0IRWx3
[2026-01-20 21:19:50,532] ERROR: Unexpected status 403 for https://api.hh.ru/vacancies/129526061: {"errors":[{"value":"captcha_required","captcha_url":"https://hh.ru/account/captcha?state=pxvcxBozfu7ry7R4QCetFmUA3SFZr_Pa4yXPQEusAiQIVW2lajVtNll6OObEQw_9kbOPkbKbHHm7t-XIJMQfyBlj45aum3W7PgrXVs1QRdmADx
[2026-01-20 21:19:50,535] ERROR: Unexpected status 403 for https://api.hh.ru/vacancies/129640252: {"errors":[{"value":"captcha_required","captcha_url":"https://hh.ru/account/captcha?state=pxvcxBozfu7ry7R4QCetFmUA3SFZr_Pa4yXPQEusAiQIVW2lajVtNll6OObEQw_9kbOPkbKbHHm7t-XIJMQfyFBeYma1W0IRBzVh8qCwv5sgf-
[2026-01-20 21:19:50,543] ERROR: Unexpected status 403 for https://api.hh.ru/vacancies/129151225: {"errors":[{"value":"captcha_required","captcha_url":"https://hh.ru/account/captcha?state=pxvcxBozfu7ry7R4QCetFmUA3SFZr_Pa4yXPQEusAiQIVW2lajVtNll6OObEQw_9kbOPkbKbHHm7t-XIJMQfyABgdmOFxniM5sdfxsun57jqvm
[2026-01-20 21:19:50,544] ERROR: Unexpected status 403 for https://api.hh.ru/vacancies/129301726: {"errors":[{"value":"captcha_required","captcha_url":"https://hh.ru/account/captcha?state=pxvcxBozfu7ry7R4QCetFmUA3SFZr_Pa4yXPQEusAiQIVW2lajVtNll6OObEQw_9kbOPkbKbHHm7t-XIJMQfyHvzxSorKf8oSWkPAeK7yEHd4M
[2026-01-20 21:19:50,588] ERROR: Unexpected status 403 for https://api.hh.ru/vacancies/128947492: {"errors":[{"value":"captcha_required","captcha_url":"https://hh.ru/account/captcha?state=pxvcxBozfu7ry7R4QCetFmUA3SFZr_Pa4yXPQEusAiQIVW2lajVtNll6OObEQw_9kbOPkbKbHHm7t-XIJMQfyKlR_S1bQd7cg7LEvpUxJpeDXg
[2026-01-20 21:19:50,597] ERROR: Unexpected status 403 for https://api.hh.ru/vacancies/129371455: {"errors":[{"value":"captcha_required","captcha_url":"https://hh.ru/account/captcha?state=pxvcxBozfu7ry7R4QCetFmUA3SFZr_Pa4yXPQEusAiQIVW2lajVtNll6OObEQw_9kbOPkbKbHHm7t-XIJMQfyPb4YrOJOOLv3zoOjG-l0QJOLC
[2026-01-20 21:19:50,603] ERROR: Unexpected status 403 for https://api.hh.ru/vacancies/129363536: {"errors":[{"value":"captcha_required","captcha_url":"https://hh.ru/account/captcha?state=pxvcxBozfu7ry7R4QCetFmUA3SFZr_Pa4yXPQEusAiQIVW2lajVtNll6OObEQw_9kbOPkbKbHHm7t-XIJMQfyF7jNc_6-QT039F6CT3FBlqIl3
[2026-01-20 21:19:50,608] ERROR: Unexpected status 403 for https://api.hh.ru/vacancies/128715318: {"errors":[{"value":"captcha_required","captcha_url":"https://hh.ru/account/captcha?state=pxvcxBozfu7ry7R4QCetFmUA3SFZr_Pa4yXPQEusAiQIVW2lajVtNll6OObEQw_9kbOPkbKbHHm7t-XIJMQfyG6aNZX945Iizg_ZU3xUl1Ua1p
[2026-01-20 21:19:50,625] ERROR: Unexpected status 403 for https://api.hh.ru/vacancies/129431007: {"errors":[{"value":"captcha_required","captcha_url":"https://hh.ru/account/captcha?state=pxvcxBozfu7ry7R4QCetFmUA3SFZr_Pa4yXPQEusAiQIVW2lajVtNll6OObEQw_9kbOPkbKbHHm7t-XIJMQfyAYu0p9zgx5QMCBQJNlY9K4DoZ
[2026-01-20 21:19:50,626] ERROR: Unexpected status 403 for https://api.hh.ru/vacancies/129134440: {"errors":[{"value":"captcha_required","captcha_url":"https://hh.ru/account/captcha?state=pxvcxBozfu7ry7R4QCetFmUA3SFZr_Pa4yXPQEusAiQIVW2lajVtNll6OObEQw_9kbOPkbKbHHm7t-XIJMQfyMRf0bPXzh46Tfl3ALY9psfu3V
[2026-01-20 21:19:50,644] ERROR: Unexpected status 403 for https://api.hh.ru/vacancies/129576866: {"errors":[{"value":"captcha_required","captcha_url":"https://hh.ru/account/captcha?state=pxvcxBozfu7ry7R4QCetFmUA3SFZr_Pa4yXPQEusAiQIVW2lajVtNll6OObEQw_9kbOPkbKbHHm7t-XIJMQfyNY4Ruz3ZDN2TL8axfzECr9J4v
[2026-01-20 21:19:50,646] ERROR: Unexpected status 403 for https://api.hh.ru/vacancies/129475693: {"errors":[{"value":"captcha_required","captcha_url":"https://hh.ru/account/captcha?state=pxvcxBozfu7ry7R4QCetFmUA3SFZr_Pa4yXPQEusAiQIVW2lajVtNll6OObEQw_9kbOPkbKbHHm7t-XIJMQfyLx5-sle7OmVHxIOEwuk_a7QYP
[2026-01-20 21:19:50,648] ERROR: Unexpected status 403 for https://api.hh.ru/vacancies/129445678: {"errors":[{"value":"captcha_required","captcha_url":"https://hh.ru/account/captcha?state=pxvcxBozfu7ry7R4QCetFmUA3SFZr_Pa4yXPQEusAiQIVW2lajVtNll6OObEQw_9kbOPkbKbHHm7t-XIJMQfyAfiDZxCVtoCTXFTxFucacsNey
[2026-01-20 21:19:50,665] ERROR: Unexpected status 403 for https://api.hh.ru/vacancies/129427404: {"errors":[{"value":"captcha_required","captcha_url":"https://hh.ru/account/captcha?state=pxvcxBozfu7ry7R4QCetFmUA3SFZr_Pa4yXPQEusAiQIVW2lajVtNll6OObEQw_9kbOPkbKbHHm7t-XIJMQfyFVac7VDxaIsFJ9JCDFeYz_YEi
[2026-01-20 21:19:50,670] ERROR: Unexpected status 403 for https://api.hh.ru/vacancies/129459438: {"errors":[{"value":"captcha_required","captcha_url":"https://hh.ru/account/captcha?state=pxvcxBozfu7ry7R4QCetFmUA3SFZr_Pa4yXPQEusAiQIVW2lajVtNll6OObEQw_9kbOPkbKbHHm7t-XIJMQfyIu7g3SZb1TtHJS_I2w0C65EQz
[2026-01-20 21:19:50,684] ERROR: Unexpected status 403 for https://api.hh.ru/vacancies/129140983: {"errors":[{"value":"captcha_required","captcha_url":"https://hh.ru/account/captcha?state=pxvcxBozfu7ry7R4QCetFmUA3SFZr_Pa4yXPQEusAiQIVW2lajVtNll6OObEQw_9kbOPkbKbHHm7t-XIJMQfyFXNCCRiEyHIAWcx8mYjZjv_JZ
[2026-01-20 21:19:50,685] ERROR: Unexpected status 403 for https://api.hh.ru/vacancies/129388799: {"errors":[{"value":"captcha_required","captcha_url":"https://hh.ru/account/captcha?state=pxvcxBozfu7ry7R4QCetFmUA3SFZr_Pa4yXPQEusAiQIVW2lajVtNll6OObEQw_9kbOPkbKbHHm7t-XIJMQfyByreLDmMNDZZxa4E0khqgCfRJ
[2026-01-20 21:19:50,691] ERROR: Unexpected status 403 for https://api.hh.ru/vacancies/128237092: {"errors":[{"value":"captcha_required","captcha_url":"https://hh.ru/account/captcha?state=pxvcxBozfu7ry7R4QCetFmUA3SFZr_Pa4yXPQEusAiQIVW2lajVtNll6OObEQw_9kbOPkbKbHHm7t-XIJMQfyAULj9kDGGBKP9YZN4iiWb3Z60
[2026-01-20 21:19:50,757] ERROR: Unexpected status 403 for https://api.hh.ru/vacancies/129242798: {"errors":[{"value":"captcha_required","captcha_url":"https://hh.ru/account/captcha?state=pxvcxBozfu7ry7R4QCetFmUA3SFZr_Pa4yXPQEusAiQIVW2lajVtNll6OObEQw_9kbOPkbKbHHm7t-XIJMQfyLxuK_J9o-zQIgtBd7sgZMGbDN
[2026-01-20 21:19:50,767] ERROR: Unexpected status 403 for https://api.hh.ru/vacancies/128632771: {"errors":[{"value":"captcha_required","captcha_url":"https://hh.ru/account/captcha?state=pxvcxBozfu7ry7R4QCetFmUA3SFZr_Pa4yXPQEusAiQIVW2lajVtNll6OObEQw_9kbOPkbKbHHm7t-XIJMQfyJ7OFmCiVjP9nmF929lBzDGgHj
[2026-01-20 21:19:50,768] ERROR: Unexpected status 403 for https://api.hh.ru/vacancies/129640801: {"errors":[{"value":"captcha_required","captcha_url":"https://hh.ru/account/captcha?state=pxvcxBozfu7ry7R4QCetFmUA3SFZr_Pa4yXPQEusAiQIVW2lajVtNll6OObEQw_9kbOPkbKbHHm7t-XIJMQfyFZALRNcKjw6-bWMGL02eIe2G-
[2026-01-20 21:19:50,786] ERROR: Unexpected status 403 for https://api.hh.ru/vacancies/127540496: {"errors":[{"value":"captcha_required","captcha_url":"https://hh.ru/account/captcha?state=pxvcxBozfu7ry7R4QCetFmUA3SFZr_Pa4yXPQEusAiQIVW2lajVtNll6OObEQw_9kbOPkbKbHHm7t-XIJMQfyEkNuR1QXHbE6MB_9fX0_K3tO4
[2026-01-20 21:19:50,803] ERROR: Unexpected status 403 for https://api.hh.ru/vacancies/129577210: {"errors":[{"value":"captcha_required","captcha_url":"https://hh.ru/account/captcha?state=pxvcxBozfu7ry7R4QCetFmUA3SFZr_Pa4yXPQEusAiQIVW2lajVtNll6OObEQw_9kbOPkbKbHHm7t-XIJMQfyA5kEBms0PdbyxPZ19mfZ3zM5p
[2026-01-20 21:19:50,812] ERROR: Unexpected status 403 for https://api.hh.ru/vacancies/129565948: {"errors":[{"value":"captcha_required","captcha_url":"https://hh.ru/account/captcha?state=pxvcxBozfu7ry7R4QCetFmUA3SFZr_Pa4yXPQEusAiQIVW2lajVtNll6OObEQw_9kbOPkbKbHHm7t-XIJMQfyJTrYrpaM6iQ0O5wAx4e4zYd9w
[2026-01-20 21:19:50,812] ERROR: Unexpected status 403 for https://api.hh.ru/vacancies/129387471: {"errors":[{"value":"captcha_required","captcha_url":"https://hh.ru/account/captcha?state=pxvcxBozfu7ry7R4QCetFmUA3SFZr_Pa4yXPQEusAiQIVW2lajVtNll6OObEQw_9kbOPkbKbHHm7t-XIJMQfyB-bA42d5gjmzNqZ6H-Yaw6BEm
[2026-01-20 21:19:50,820] ERROR: Unexpected status 403 for https://api.hh.ru/vacancies/129608861: {"errors":[{"value":"captcha_required","captcha_url":"https://hh.ru/account/captcha?state=pxvcxBozfu7ry7R4QCetFmUA3SFZr_Pa4yXPQEusAiQIVW2lajVtNll6OObEQw_9kbOPkbKbHHm7t-XIJMQfyJfVjk6k9FcEy0MoWLfDU3TtoF
[2026-01-20 21:19:50,834] ERROR: Unexpected status 403 for https://api.hh.ru/vacancies/129274510: {"errors":[{"value":"captcha_required","captcha_url":"https://hh.ru/account/captcha?state=pxvcxBozfu7ry7R4QCetFmUA3SFZr_Pa4yXPQEusAiQIVW2lajVtNll6OObEQw_9kbOPkbKbHHm7t-XIJMQfyDz5Ls_0H2cqEpwxyN0YABTbQM
[2026-01-20 21:19:50,837] ERROR: Unexpected status 403 for https://api.hh.ru/vacancies/129395931: {"errors":[{"value":"captcha_required","captcha_url":"https://hh.ru/account/captcha?state=pxvcxBozfu7ry7R4QCetFmUA3SFZr_Pa4yXPQEusAiQIVW2lajVtNll6OObEQw_9kbOPkbKbHHm7t-XIJMQfyMlEviYTt1pRaNOFF4sEQD8rL_
[2026-01-20 21:19:50,837] ERROR: Unexpected status 403 for https://api.hh.ru/vacancies/129412461: {"errors":[{"value":"captcha_required","captcha_url":"https://hh.ru/account/captcha?state=pxvcxBozfu7ry7R4QCetFmUA3SFZr_Pa4yXPQEusAiQIVW2lajVtNll6OObEQw_9kbOPkbKbHHm7t-XIJMQfyM1WwGqByL_SpObej8Orov_fqU
[2026-01-20 21:19:50,843] ERROR: Unexpected status 403 for https://api.hh.ru/vacancies/129588019: {"errors":[{"value":"captcha_required","captcha_url":"https://hh.ru/account/captcha?state=pxvcxBozfu7ry7R4QCetFmUA3SFZr_Pa4yXPQEusAiQIVW2lajVtNll6OObEQw_9kbOPkbKbHHm7t-XIJMQfyEtrbWqSkgli9icpeC3nVYqUcb
[2026-01-20 21:19:50,849] ERROR: Unexpected status 403 for https://api.hh.ru/vacancies/128330800: {"errors":[{"value":"captcha_required","captcha_url":"https://hh.ru/account/captcha?state=pxvcxBozfu7ry7R4QCetFmUA3SFZr_Pa4yXPQEusAiQIVW2lajVtNll6OObEQw_9kbOPkbKbHHm7t-XIJMQfyNWd60q0Ry3hAUGPc9MbX02tpE
[2026-01-20 21:19:50,878] ERROR: Unexpected status 403 for https://api.hh.ru/vacancies/129587994: {"errors":[{"value":"captcha_required","captcha_url":"https://hh.ru/account/captcha?state=pxvcxBozfu7ry7R4QCetFmUA3SFZr_Pa4yXPQEusAiQIVW2lajVtNll6OObEQw_9kbOPkbKbHHm7t-XIJMQfyLaMFOgmWXNmthqvKGTW_JXHBu
[2026-01-20 21:19:50,883] ERROR: Unexpected status 403 for https://api.hh.ru/vacancies/129627907: {"errors":[{"value":"captcha_required","captcha_url":"https://hh.ru/account/captcha?state=pxvcxBozfu7ry7R4QCetFmUA3SFZr_Pa4yXPQEusAiQIVW2lajVtNll6OObEQw_9kbOPkbKbHHm7t-XIJMQfyLI3sP42sKOwTFbJ0VqlrP6T9e
[2026-01-20 21:19:50,884] ERROR: Unexpected status 403 for https://api.hh.ru/vacancies/129507766: {"errors":[{"value":"captcha_required","captcha_url":"https://hh.ru/account/captcha?state=pxvcxBozfu7ry7R4QCetFmUA3SFZr_Pa4yXPQEusAiQIVW2lajVtNll6OObEQw_9kbOPkbKbHHm7t-XIJMQfyEwCSwPApaYU3WlRJPTBrKlZMw
[2026-01-20 21:19:50,891] ERROR: Unexpected status 403 for https://api.hh.ru/vacancies/128624176: {"errors":[{"value":"captcha_required","captcha_url":"https://hh.ru/account/captcha?state=pxvcxBozfu7ry7R4QCetFmUA3SFZr_Pa4yXPQEusAiQIVW2lajVtNll6OObEQw_9kbOPkbKbHHm7t-XIJMQfyG9qF81YmWf6S6Z0_O6SpGWfJQ
[2026-01-20 21:19:50,920] ERROR: Unexpected status 403 for https://api.hh.ru/vacancies/128668902: {"errors":[{"value":"captcha_required","captcha_url":"https://hh.ru/account/captcha?state=pxvcxBozfu7ry7R4QCetFmUA3SFZr_Pa4yXPQEusAiQIVW2lajVtNll6OObEQw_9kbOPkbKbHHm7t-XIJMQfyHIHxPSGA29ArKR271VmmwZIip
[2026-01-20 21:19:50,923] ERROR: Unexpected status 403 for https://api.hh.ru/vacancies/129455909: {"errors":[{"value":"captcha_required","captcha_url":"https://hh.ru/account/captcha?state=pxvcxBozfu7ry7R4QCetFmUA3SFZr_Pa4yXPQEusAiQIVW2lajVtNll6OObEQw_9kbOPkbKbHHm7t-XIJMQfyIsvt7Y0sCLTj5kJzk2WjF28QA
[2026-01-20 21:19:50,938] INFO: Splitting range 2024-06-06-2026-01-20 into 2024-06-06-2025-03-29 and 2025-03-30-2026-01-20 (found=722484)
[2026-01-20 21:19:50,939] ERROR: Unexpected status 403 for https://api.hh.ru/vacancies/129184396: {"errors":[{"value":"captcha_required","captcha_url":"https://hh.ru/account/captcha?state=pxvcxBozfu7ry7R4QCetFmUA3SFZr_Pa4yXPQEusAiQIVW2lajVtNll6OObEQw_9kbOPkbKbHHm7t-XIJMQfyHuYQZYmjf96g8TH-Z8fOXXG_6
[2026-01-20 21:19:50,958] ERROR: Unexpected status 403 for https://api.hh.ru/vacancies/128237283: {"errors":[{"value":"captcha_required","captcha_url":"https://hh.ru/account/captcha?state=pxvcxBozfu7ry7R4QCetFmUA3SFZr_Pa4yXPQEusAiQIVW2lajVtNll6OObEQw_9kbOPkbKbHHm7t-XIJMQfyLFoonSV4KRIoMyUUzMzRU4IGj
[2026-01-20 21:19:50,973] ERROR: Unexpected status 403 for https://api.hh.ru/vacancies/129525425: {"errors":[{"value":"captcha_required","captcha_url":"https://hh.ru/account/captcha?state=pxvcxBozfu7ry7R4QCetFmUA3SFZr_Pa4yXPQEusAiQIVW2lajVtNll6OObEQw_9kbOPkbKbHHm7t-XIJMQfyAAkk--KnQa1DH-XkiYmlSQe-z
[2026-01-20 21:19:50,975] ERROR: Unexpected status 403 for https://api.hh.ru/vacancies/128329088: {"errors":[{"value":"captcha_required","captcha_url":"https://hh.ru/account/captcha?state=pxvcxBozfu7ry7R4QCetFmUA3SFZr_Pa4yXPQEusAiQIVW2lajVtNll6OObEQw_9kbOPkbKbHHm7t-XIJMQfyLIz4OeELB_gkjQEX7M02-bGlG
[2026-01-20 21:19:50,984] ERROR: Unexpected status 403 for https://api.hh.ru/vacancies/129565622: {"errors":[{"value":"captcha_required","captcha_url":"https://hh.ru/account/captcha?state=pxvcxBozfu7ry7R4QCetFmUA3SFZr_Pa4yXPQEusAiQIVW2lajVtNll6OObEQw_9kbOPkbKbHHm7t-XIJMQfyIH-CVQhp2EwQ_dXc4m3jH8V8P
[2026-01-20 21:19:50,986] ERROR: Unexpected status 403 for https://api.hh.ru/vacancies/129078231: {"errors":[{"value":"captcha_required","captcha_url":"https://hh.ru/account/captcha?state=pxvcxBozfu7ry7R4QCetFmUA3SFZr_Pa4yXPQEusAiQIVW2lajVtNll6OObEQw_9kbOPkbKbHHm7t-XIJMQfyLCC53jH8HAatybtOzr2cabS2E
[2026-01-20 21:19:50,987] ERROR: Unexpected status 403 for https://api.hh.ru/vacancies/129273843: {"errors":[{"value":"captcha_required","captcha_url":"https://hh.ru/account/captcha?state=pxvcxBozfu7ry7R4QCetFmUA3SFZr_Pa4yXPQEusAiQIVW2lajVtNll6OObEQw_9kbOPkbKbHHm7t-XIJMQfyMGEN-2QEyhPfa78u0lA7ShJyh
[2026-01-20 21:19:50,990] ERROR: Unexpected status 403 for https://api.hh.ru/vacancies/129465059: {"errors":[{"value":"captcha_required","captcha_url":"https://hh.ru/account/captcha?state=pxvcxBozfu7ry7R4QCetFmUA3SFZr_Pa4yXPQEusAiQIVW2lajVtNll6OObEQw_9kbOPkbKbHHm7t-XIJMQfyE39AhH5MeEwfFGElKndCCNfhW
[2026-01-20 21:19:51,020] ERROR: Unexpected status 403 for https://api.hh.ru/vacancies/129334672: {"errors":[{"value":"captcha_required","captcha_url":"https://hh.ru/account/captcha?state=pxvcxBozfu7ry7R4QCetFmUA3SFZr_Pa4yXPQEusAiQIVW2lajVtNll6OObEQw_9kbOPkbKbHHm7t-XIJMQfyCcyusHZNnBcAHGvnxqDWXdrbQ
[2026-01-20 21:19:51,021] ERROR: Unexpected status 403 for https://api.hh.ru/vacancies/129073850: {"errors":[{"value":"captcha_required","captcha_url":"https://hh.ru/account/captcha?state=pxvcxBozfu7ry7R4QCetFmUA3SFZr_Pa4yXPQEusAiQIVW2lajVtNll6OObEQw_9kbOPkbKbHHm7t-XIJMQfyCSItHjrNi6cRyFftN23AK1pY9
[2026-01-20 21:19:51,022] ERROR: Unexpected status 403 for https://api.hh.ru/vacancies/129331258: {"errors":[{"value":"captcha_required","captcha_url":"https://hh.ru/account/captcha?state=pxvcxBozfu7ry7R4QCetFmUA3SFZr_Pa4yXPQEusAiQIVW2lajVtNll6OObEQw_9kbOPkbKbHHm7t-XIJMQfyMoRt1L1knc_JD8n_Xglg0fCB7
[2026-01-20 21:19:51,040] ERROR: Unexpected status 403 for https://api.hh.ru/vacancies/127540496: {"errors":[{"value":"captcha_required","captcha_url":"https://hh.ru/account/captcha?state=pxvcxBozfu7ry7R4QCetFmUA3SFZr_Pa4yXPQEusAiQIVW2lajVtNll6OObEQw_9kbOPkbKbHHm7t-XIJMQfyEkNuR1QXHbE6MB_9fX0_K2Yhc
[2026-01-20 21:19:51,042] ERROR: Unexpected status 403 for https://api.hh.ru/vacancies/129145760: {"errors":[{"value":"captcha_required","captcha_url":"https://hh.ru/account/captcha?state=pxvcxBozfu7ry7R4QCetFmUA3SFZr_Pa4yXPQEusAiQIVW2lajVtNll6OObEQw_9kbOPkbKbHHm7t-XIJMQfyBviMz1X-UTJyKHzyHzcNP4VLP
[2026-01-20 21:19:51,053] ERROR: Unexpected status 403 for https://api.hh.ru/vacancies/129542567: {"errors":[{"value":"captcha_required","captcha_url":"https://hh.ru/account/captcha?state=pxvcxBozfu7ry7R4QCetFmUA3SFZr_Pa4yXPQEusAiQIVW2lajVtNll6OObEQw_9kbOPkbKbHHm7t-XIJMQfyEORdDh4zAnz1Qsjwt_2evAPTe
[2026-01-20 21:19:51,059] ERROR: Unexpected status 403 for https://api.hh.ru/vacancies/129273644: {"errors":[{"value":"captcha_required","captcha_url":"https://hh.ru/account/captcha?state=pxvcxBozfu7ry7R4QCetFmUA3SFZr_Pa4yXPQEusAiQIVW2lajVtNll6OObEQw_9kbOPkbKbHHm7t-XIJMQfyBxulIt2D77qY2y8gsNLN8vKD-
[2026-01-20 21:19:51,067] ERROR: Unexpected status 403 for https://api.hh.ru/vacancies/129622019: {"errors":[{"value":"captcha_required","captcha_url":"https://hh.ru/account/captcha?state=pxvcxBozfu7ry7R4QCetFmUA3SFZr_Pa4yXPQEusAiQIVW2lajVtNll6OObEQw_9kbOPkbKbHHm7t-XIJMQfyF4VEpOmvJG9dt88c4HH3zz5I0
[2026-01-20 21:19:51,099] ERROR: Unexpected status 403 for https://api.hh.ru/vacancies/129606188: {"errors":[{"value":"captcha_required","captcha_url":"https://hh.ru/account/captcha?state=pxvcxBozfu7ry7R4QCetFmUA3SFZr_Pa4yXPQEusAiQIVW2lajVtNll6OObEQw_9kbOPkbKbHHm7t-XIJMQfyDj0j6Cf3GyLUfLidWtHeqZsIY
[2026-01-20 21:19:51,100] ERROR: Unexpected status 403 for https://api.hh.ru/vacancies/129553177: {"errors":[{"value":"captcha_required","captcha_url":"https://hh.ru/account/captcha?state=pxvcxBozfu7ry7R4QCetFmUA3SFZr_Pa4yXPQEusAiQIVW2lajVtNll6OObEQw_9kbOPkbKbHHm7t-XIJMQfyFemCEZGdBVqVdw5S-_qnfT_Qc
[2026-01-20 21:19:51,112] ERROR: Unexpected status 403 for https://api.hh.ru/vacancies/128685907: {"errors":[{"value":"captcha_required","captcha_url":"https://hh.ru/account/captcha?state=pxvcxBozfu7ry7R4QCetFmUA3SFZr_Pa4yXPQEusAiQIVW2lajVtNll6OObEQw_9kbOPkbKbHHm7t-XIJMQfyKh3M-lqdUl3rzNa4wC05qPUR2
[2026-01-20 21:19:51,114] ERROR: Unexpected status 403 for https://api.hh.ru/vacancies/129618500: {"errors":[{"value":"captcha_required","captcha_url":"https://hh.ru/account/captcha?state=pxvcxBozfu7ry7R4QCetFmUA3SFZr_Pa4yXPQEusAiQIVW2lajVtNll6OObEQw_9kbOPkbKbHHm7t-XIJMQfyFJv_NpqcfuS285tRN77yHZuyE
[2026-01-20 21:19:51,124] ERROR: Unexpected status 403 for https://api.hh.ru/vacancies/129300003: {"errors":[{"value":"captcha_required","captcha_url":"https://hh.ru/account/captcha?state=pxvcxBozfu7ry7R4QCetFmUA3SFZr_Pa4yXPQEusAiQIVW2lajVtNll6OObEQw_9kbOPkbKbHHm7t-XIJMQfyIiRa23e4cdwaEQ9V0sWFAtuFR
[2026-01-20 21:19:51,125] ERROR: Unexpected status 403 for https://api.hh.ru/vacancies/129640252: {"errors":[{"value":"captcha_required","captcha_url":"https://hh.ru/account/captcha?state=pxvcxBozfu7ry7R4QCetFmUA3SFZr_Pa4yXPQEusAiQIVW2lajVtNll6OObEQw_9kbOPkbKbHHm7t-XIJMQfyFBeYma1W0IRBzVh8qCwv5sj9i
[2026-01-20 21:19:51,126] ERROR: Unexpected status 403 for https://api.hh.ru/vacancies/116702472: {"errors":[{"value":"captcha_required","captcha_url":"https://hh.ru/account/captcha?state=pxvcxBozfu7ry7R4QCetFmUA3SFZr_Pa4yXPQEusAiQIVW2lajVtNll6OObEQw_9kbOPkbKbHHm7t-XIJMQfyPiZFTI7YzTOSxSTXPxz9o6KcJ
[2026-01-20 21:19:51,130] ERROR: Unexpected status 403 for https://api.hh.ru/vacancies/129351239: {"errors":[{"value":"captcha_required","captcha_url":"https://hh.ru/account/captcha?state=pxvcxBozfu7ry7R4QCetFmUA3SFZr_Pa4yXPQEusAiQIVW2lajVtNll6OObEQw_9kbOPkbKbHHm7t-XIJMQfyKX2QL76IuA6x_agYhCo4SOXru
[2026-01-20 21:19:51,154] ERROR: Unexpected status 403 for https://api.hh.ru/vacancies/129597602: {"errors":[{"value":"captcha_required","captcha_url":"https://hh.ru/account/captcha?state=pxvcxBozfu7ry7R4QCetFmUA3SFZr_Pa4yXPQEusAiQIVW2lajVtNll6OObEQw_9kbOPkbKbHHm7t-XIJMQfyNo4L3yfAtrsH4mPOEAzotgk3e
[2026-01-20 21:19:51,170] ERROR: Unexpected status 403 for https://api.hh.ru/vacancies/129311480: {"errors":[{"value":"captcha_required","captcha_url":"https://hh.ru/account/captcha?state=pxvcxBozfu7ry7R4QCetFmUA3SFZr_Pa4yXPQEusAiQIVW2lajVtNll6OObEQw_9kbOPkbKbHHm7t-XIJMQfyPzUb6u9De9_wzGl-fzsjymRoR
[2026-01-20 21:19:51,184] ERROR: Unexpected status 403 for https://api.hh.ru/vacancies/129353965: {"errors":[{"value":"captcha_required","captcha_url":"https://hh.ru/account/captcha?state=pxvcxBozfu7ry7R4QCetFmUA3SFZr_Pa4yXPQEusAiQIVW2lajVtNll6OObEQw_9kbOPkbKbHHm7t-XIJMQfyOy0D03qpDDZrHrQkI5oqlS5fg
[2026-01-20 21:19:51,185] ERROR: Unexpected status 403 for https://api.hh.ru/vacancies/129480584: {"errors":[{"value":"captcha_required","captcha_url":"https://hh.ru/account/captcha?state=pxvcxBozfu7ry7R4QCetFmUA3SFZr_Pa4yXPQEusAiQIVW2lajVtNll6OObEQw_9kbOPkbKbHHm7t-XIJMQfyA1j4TcG7dsu3NI4SfOjUG7sfh
[2026-01-20 21:19:51,189] ERROR: Unexpected status 403 for https://api.hh.ru/vacancies/128668897: {"errors":[{"value":"captcha_required","captcha_url":"https://hh.ru/account/captcha?state=pxvcxBozfu7ry7R4QCetFmUA3SFZr_Pa4yXPQEusAiQIVW2lajVtNll6OObEQw_9kbOPkbKbHHm7t-XIJMQfyJ6V8qtKNDaM1XTS-tH0kFhT8i
[2026-01-20 21:19:51,195] ERROR: Unexpected status 403 for https://api.hh.ru/vacancies/129268529: {"errors":[{"value":"captcha_required","captcha_url":"https://hh.ru/account/captcha?state=pxvcxBozfu7ry7R4QCetFmUA3SFZr_Pa4yXPQEusAiQIVW2lajVtNll6OObEQw_9kbOPkbKbHHm7t-XIJMQfyLNzhJo5MOG8geuVh58dn1XVe_
[2026-01-20 21:19:51,201] ERROR: Unexpected status 403 for https://api.hh.ru/vacancies/128859994: {"errors":[{"value":"captcha_required","captcha_url":"https://hh.ru/account/captcha?state=pxvcxBozfu7ry7R4QCetFmUA3SFZr_Pa4yXPQEusAiQIVW2lajVtNll6OObEQw_9kbOPkbKbHHm7t-XIJMQfyHh8Ekpy_kum7bpPr07vS7joPM
[2026-01-20 21:19:51,202] ERROR: Unexpected status 403 for https://api.hh.ru/vacancies/129549808: {"errors":[{"value":"captcha_required","captcha_url":"https://hh.ru/account/captcha?state=pxvcxBozfu7ry7R4QCetFmUA3SFZr_Pa4yXPQEusAiQIVW2lajVtNll6OObEQw_9kbOPkbKbHHm7t-XIJMQfyFvtUJpdWP5EJeMo14TeZINyvs
[2026-01-20 21:19:51,209] ERROR: Unexpected status 403 for https://api.hh.ru/vacancies/109474005: {"errors":[{"value":"captcha_required","captcha_url":"https://hh.ru/account/captcha?state=pxvcxBozfu7ry7R4QCetFmUA3SFZr_Pa4yXPQEusAiQIVW2lajVtNll6OObEQw_9kbOPkbKbHHm7t-XIJMQfyCujx1T7rgmZh4L5Ksdi2M2Z4z
[2026-01-20 21:19:51,216] ERROR: Unexpected status 403 for https://api.hh.ru/vacancies/129364658: {"errors":[{"value":"captcha_required","captcha_url":"https://hh.ru/account/captcha?state=pxvcxBozfu7ry7R4QCetFmUA3SFZr_Pa4yXPQEusAiQIVW2lajVtNll6OObEQw_9kbOPkbKbHHm7t-XIJMQfyBAac1tr9dhTaTy8_dl1pkJB6C
[2026-01-20 21:19:51,240] ERROR: Unexpected status 403 for https://api.hh.ru/vacancies/129530052: {"errors":[{"value":"captcha_required","captcha_url":"https://hh.ru/account/captcha?state=pxvcxBozfu7ry7R4QCetFmUA3SFZr_Pa4yXPQEusAiQIVW2lajVtNll6OObEQw_9kbOPkbKbHHm7t-XIJMQfyKKZqInf2NhZKYxf5brkKyp9lC
[2026-01-20 21:19:51,243] WARNING: https://api.hh.ru/vacancies/129507899 -> 429; retrying in 1 seconds
[2026-01-20 21:19:51,244] ERROR: Unexpected status 403 for https://api.hh.ru/vacancies/129278556: {"errors":[{"value":"captcha_required","captcha_url":"https://hh.ru/account/captcha?state=pxvcxBozfu7ry7R4QCetFmUA3SFZr_Pa4yXPQEusAiQIVW2lajVtNll6OObEQw_9kbOPkbKbHHm7t-XIJMQfyNvAABTC857PPGBxCI7k_ZqQXc
[2026-01-20 21:19:51,255] ERROR: Unexpected status 403 for https://api.hh.ru/vacancies/128966621: {"errors":[{"value":"captcha_required","captcha_url":"https://hh.ru/account/captcha?state=pxvcxBozfu7ry7R4QCetFmUA3SFZr_Pa4yXPQEusAiQIVW2lajVtNll6OObEQw_9kbOPkbKbHHm7t-XIJMQfyBCRGKvGtXRCj0KQjJ75EduGfM
[2026-01-20 21:19:51,257] ERROR: Unexpected status 403 for https://api.hh.ru/vacancies/128693420: {"errors":[{"value":"captcha_required","captcha_url":"https://hh.ru/account/captcha?state=pxvcxBozfu7ry7R4QCetFmUA3SFZr_Pa4yXPQEusAiQIVW2lajVtNll6OObEQw_9kbOPkbKbHHm7t-XIJMQfyNb3Wf2Dq96Zyt3PjKQSVJDm0h
[2026-01-20 21:19:51,268] ERROR: Unexpected status 403 for https://api.hh.ru/vacancies/129638076: {"errors":[{"value":"captcha_required","captcha_url":"https://hh.ru/account/captcha?state=pxvcxBozfu7ry7R4QCetFmUA3SFZr_Pa4yXPQEusAiQIVW2lajVtNll6OObEQw_9kbOPkbKbHHm7t-XIJMQfyCpGCesxJi3jilOgPOZkAdgYxo
[2026-01-20 21:19:51,320] ERROR: Unexpected status 403 for https://api.hh.ru/vacancies/129184300: {"errors":[{"value":"captcha_required","captcha_url":"https://hh.ru/account/captcha?state=pxvcxBozfu7ry7R4QCetFmUA3SFZr_Pa4yXPQEusAiQIVW2lajVtNll6OObEQw_9kbOPkbKbHHm7t-XIJMQfyP2H21EX0EopZKT_6DhMKFlBDT
[2026-01-20 21:19:51,324] ERROR: Unexpected status 403 for https://api.hh.ru/vacancies/128938292: {"errors":[{"value":"captcha_required","captcha_url":"https://hh.ru/account/captcha?state=pxvcxBozfu7ry7R4QCetFmUA3SFZr_Pa4yXPQEusAiQIVW2lajVtNll6OObEQw_9kbOPkbKbHHm7t-XIJMQfyPa7YIQvtTLPtimjd9I__c0805
[2026-01-20 21:19:51,329] WARNING: https://api.hh.ru/vacancies/129606188 -> 429; retrying in 1 seconds
[2026-01-20 21:19:51,334] ERROR: Unexpected status 403 for https://api.hh.ru/vacancies/129395773: {"errors":[{"value":"captcha_required","captcha_url":"https://hh.ru/account/captcha?state=pxvcxBozfu7ry7R4QCetFmUA3SFZr_Pa4yXPQEusAiQIVW2lajVtNll6OObEQw_9kbOPkbKbHHm7t-XIJMQfyFyfziWWbhJ12QmeDAF9yUpBxd
[2026-01-20 21:19:51,346] ERROR: Unexpected status 403 for https://api.hh.ru/vacancies/129430377: {"errors":[{"value":"captcha_required","captcha_url":"https://hh.ru/account/captcha?state=pxvcxBozfu7ry7R4QCetFmUA3SFZr_Pa4yXPQEusAiQIVW2lajVtNll6OObEQw_9kbOPkbKbHHm7t-XIJMQfyDbEl22l4WzdOnHRHjp52ra2aq
[2026-01-20 21:19:51,380] WARNING: https://api.hh.ru/vacancies/129301726 -> 429; retrying in 1 seconds
[2026-01-20 21:19:51,390] ERROR: Unexpected status 403 for https://api.hh.ru/vacancies/129375924: {"errors":[{"value":"captcha_required","captcha_url":"https://hh.ru/account/captcha?state=pxvcxBozfu7ry7R4QCetFmUA3SFZr_Pa4yXPQEusAiQIVW2lajVtNll6OObEQw_9kbOPkbKbHHm7t-XIJMQfyPFu0HwYMKJ_zzzQI-5X5Tz5xf
[2026-01-20 21:19:51,400] ERROR: Unexpected status 403 for https://api.hh.ru/vacancies/129352086: {"errors":[{"value":"captcha_required","captcha_url":"https://hh.ru/account/captcha?state=pxvcxBozfu7ry7R4QCetFmUA3SFZr_Pa4yXPQEusAiQIVW2lajVtNll6OObEQw_9kbOPkbKbHHm7t-XIJMQfyHW8Q2wocKicFw2kGVhtE4MyRE
[2026-01-20 21:19:51,401] ERROR: Unexpected status 403 for https://api.hh.ru/vacancies/129495491: {"errors":[{"value":"captcha_required","captcha_url":"https://hh.ru/account/captcha?state=pxvcxBozfu7ry7R4QCetFmUA3SFZr_Pa4yXPQEusAiQIVW2lajVtNll6OObEQw_9kbOPkbKbHHm7t-XIJMQfyADmpH85HEoCNNBiYkkhNJYXlj
[2026-01-20 21:19:51,410] ERROR: Unexpected status 403 for https://api.hh.ru/vacancies/128715318: {"errors":[{"value":"captcha_required","captcha_url":"https://hh.ru/account/captcha?state=pxvcxBozfu7ry7R4QCetFmUA3SFZr_Pa4yXPQEusAiQIVW2lajVtNll6OObEQw_9kbOPkbKbHHm7t-XIJMQfyG6aNZX945Iizg_ZU3xUl1Uctp
[2026-01-20 21:19:51,412] ERROR: Unexpected status 403 for https://api.hh.ru/vacancies/129576866: {"errors":[{"value":"captcha_required","captcha_url":"https://hh.ru/account/captcha?state=pxvcxBozfu7ry7R4QCetFmUA3SFZr_Pa4yXPQEusAiQIVW2lajVtNll6OObEQw_9kbOPkbKbHHm7t-XIJMQfyNY4Ruz3ZDN2TL8axfzECr-n6a
[2026-01-20 21:19:51,428] ERROR: Unexpected status 403 for https://api.hh.ru/vacancies/128683723: {"errors":[{"value":"captcha_required","captcha_url":"https://hh.ru/account/captcha?state=pxvcxBozfu7ry7R4QCetFmUA3SFZr_Pa4yXPQEusAiQIVW2lajVtNll6OObEQw_9kbOPkbKbHHm7t-XIJMQfyLLsQjnxv1Q2SvEIl2HKUMNF8b
[2026-01-20 21:19:51,457] ERROR: Unexpected status 403 for https://api.hh.ru/vacancies/129545320: {"errors":[{"value":"captcha_required","captcha_url":"https://hh.ru/account/captcha?state=pxvcxBozfu7ry7R4QCetFmUA3SFZr_Pa4yXPQEusAiQIVW2lajVtNll6OObEQw_9kbOPkbKbHHm7t-XIJMQfyCtnGtrpRADrLJGVexAf0_m5LD
[2026-01-20 21:19:51,458] ERROR: Unexpected status 403 for https://api.hh.ru/vacancies/128386613: {"errors":[{"value":"captcha_required","captcha_url":"https://hh.ru/account/captcha?state=pxvcxBozfu7ry7R4QCetFmUA3SFZr_Pa4yXPQEusAiQIVW2lajVtNll6OObEQw_9kbOPkbKbHHm7t-XIJMQfyNc4j9Gnjt4Y8RV-YfFKUxZu0h
[2026-01-20 21:19:51,460] ERROR: Unexpected status 403 for https://api.hh.ru/vacancies/129371005: {"errors":[{"value":"captcha_required","captcha_url":"https://hh.ru/account/captcha?state=pxvcxBozfu7ry7R4QCetFmUA3SFZr_Pa4yXPQEusAiQIVW2lajVtNll6OObEQw_9kbOPkbKbHHm7t-XIJMQfyC_r4HqwkBPWfd2ZyJM21Rp_bl
[2026-01-20 21:19:51,462] ERROR: Unexpected status 403 for https://api.hh.ru/vacancies/128972777: {"errors":[{"value":"captcha_required","captcha_url":"https://hh.ru/account/captcha?state=pxvcxBozfu7ry7R4QCetFmUA3SFZr_Pa4yXPQEusAiQIVW2lajVtNll6OObEQw_9kbOPkbKbHHm7t-XIJMQfyNuF8yRPP_huBg76eMrrwJnAAt
[2026-01-20 21:19:51,467] ERROR: Unexpected status 403 for https://api.hh.ru/vacancies/129165021: {"errors":[{"value":"captcha_required","captcha_url":"https://hh.ru/account/captcha?state=pxvcxBozfu7ry7R4QCetFmUA3SFZr_Pa4yXPQEusAiQIVW2lajVtNll6OObEQw_9kbOPkbKbHHm7t-XIJMQfyFzXtbiIWeny0AjCpcm6xOuho0
[2026-01-20 21:19:51,486] ERROR: Unexpected status 403 for https://api.hh.ru/vacancies/129450474: {"errors":[{"value":"captcha_required","captcha_url":"https://hh.ru/account/captcha?state=pxvcxBozfu7ry7R4QCetFmUA3SFZr_Pa4yXPQEusAiQIVW2lajVtNll6OObEQw_9kbOPkbKbHHm7t-XIJMQfyGxR_vilidZfZ6VwbgIWzhRj16
[2026-01-20 21:19:51,501] ERROR: Unexpected status 403 for https://api.hh.ru/vacancies/129266848: {"errors":[{"value":"captcha_required","captcha_url":"https://hh.ru/account/captcha?state=pxvcxBozfu7ry7R4QCetFmUA3SFZr_Pa4yXPQEusAiQIVW2lajVtNll6OObEQw_9kbOPkbKbHHm7t-XIJMQfyHkY1SahLFcjzVctiPfYHQJCyk
[2026-01-20 21:19:51,505] ERROR: Unexpected status 403 for https://api.hh.ru/vacancies/129634604: {"errors":[{"value":"captcha_required","captcha_url":"https://hh.ru/account/captcha?state=pxvcxBozfu7ry7R4QCetFmUA3SFZr_Pa4yXPQEusAiQIVW2lajVtNll6OObEQw_9kbOPkbKbHHm7t-XIJMQfyC6e-Iurzsn7luH9-zUdZBAzYI
[2026-01-20 21:19:51,511] ERROR: Unexpected status 403 for https://api.hh.ru/vacancies/129387474: {"errors":[{"value":"captcha_required","captcha_url":"https://hh.ru/account/captcha?state=pxvcxBozfu7ry7R4QCetFmUA3SFZr_Pa4yXPQEusAiQIVW2lajVtNll6OObEQw_9kbOPkbKbHHm7t-XIJMQfyHELoHqE6VI7vEWf1LwlZWZ34a
[2026-01-20 21:19:51,513] ERROR: Unexpected status 403 for https://api.hh.ru/vacancies/128536403: {"errors":[{"value":"captcha_required","captcha_url":"https://hh.ru/account/captcha?state=pxvcxBozfu7ry7R4QCetFmUA3SFZr_Pa4yXPQEusAiQIVW2lajVtNll6OObEQw_9kbOPkbKbHHm7t-XIJMQfyP-2D_po4tKSDZoBSP2IU9Yc0L
[2026-01-20 21:19:51,515] ERROR: Unexpected status 403 for https://api.hh.ru/vacancies/129343236: {"errors":[{"value":"captcha_required","captcha_url":"https://hh.ru/account/captcha?state=pxvcxBozfu7ry7R4QCetFmUA3SFZr_Pa4yXPQEusAiQIVW2lajVtNll6OObEQw_9kbOPkbKbHHm7t-XIJMQfyCJMSNEIFneAQSSCEaIOVxcydy
[2026-01-20 21:19:51,518] ERROR: Unexpected status 403 for https://api.hh.ru/vacancies/129428200: {"errors":[{"value":"captcha_required","captcha_url":"https://hh.ru/account/captcha?state=pxvcxBozfu7ry7R4QCetFmUA3SFZr_Pa4yXPQEusAiQIVW2lajVtNll6OObEQw_9kbOPkbKbHHm7t-XIJMQfyJdhjPsHDdjf0XsBPOXnjyWynU
[2026-01-20 21:19:51,524] ERROR: Unexpected status 403 for https://api.hh.ru/vacancies/129615132: {"errors":[{"value":"captcha_required","captcha_url":"https://hh.ru/account/captcha?state=pxvcxBozfu7ry7R4QCetFmUA3SFZr_Pa4yXPQEusAiQIVW2lajVtNll6OObEQw_9kbOPkbKbHHm7t-XIJMQfyJgHgyNwoQwrky9a8PY-Iz7F9c
[2026-01-20 21:19:51,534] ERROR: Unexpected status 403 for https://api.hh.ru/vacancies/128824006: {"errors":[{"value":"captcha_required","captcha_url":"https://hh.ru/account/captcha?state=pxvcxBozfu7ry7R4QCetFmUA3SFZr_Pa4yXPQEusAiQIVW2lajVtNll6OObEQw_9kbOPkbKbHHm7t-XIJMQfyAo4iXtxTkKKi-wXqs78GRgfXY
[2026-01-20 21:19:51,567] ERROR: Unexpected status 403 for https://api.hh.ru/vacancies/129646079: {"errors":[{"value":"captcha_required","captcha_url":"https://hh.ru/account/captcha?state=pxvcxBozfu7ry7R4QCetFmUA3SFZr_Pa4yXPQEusAiQIVW2lajVtNll6OObEQw_9kbOPkbKbHHm7t-XIJMQfyKjZhRZ3aNNLxCMIKgHp65HTFb
[2026-01-20 21:19:51,568] ERROR: Unexpected status 403 for https://api.hh.ru/vacancies/129358948: {"errors":[{"value":"captcha_required","captcha_url":"https://hh.ru/account/captcha?state=pxvcxBozfu7ry7R4QCetFmUA3SFZr_Pa4yXPQEusAiQIVW2lajVtNll6OObEQw_9kbOPkbKbHHm7t-XIJMQfyP7kbBTqsTtiGZIgZke6xAt8la
[2026-01-20 21:19:51,602] ERROR: Unexpected status 403 for https://api.hh.ru/vacancies/129047221: {"errors":[{"value":"captcha_required","captcha_url":"https://hh.ru/account/captcha?state=pxvcxBozfu7ry7R4QCetFmUA3SFZr_Pa4yXPQEusAiQIVW2lajVtNll6OObEQw_9kbOPkbKbHHm7t-XIJMQfyEkINy1DNKtHOc3mBYmn5UNqI0
[2026-01-20 21:19:51,615] ERROR: Unexpected status 403 for https://api.hh.ru/vacancies/129597325: {"errors":[{"value":"captcha_required","captcha_url":"https://hh.ru/account/captcha?state=pxvcxBozfu7ry7R4QCetFmUA3SFZr_Pa4yXPQEusAiQIVW2lajVtNll6OObEQw_9kbOPkbKbHHm7t-XIJMQfyEJtdB5BLqjSeHF5rghvh0o1o4
[2026-01-20 21:19:51,617] ERROR: Unexpected status 403 for https://api.hh.ru/vacancies/129151177: {"errors":[{"value":"captcha_required","captcha_url":"https://hh.ru/account/captcha?state=pxvcxBozfu7ry7R4QCetFmUA3SFZr_Pa4yXPQEusAiQIVW2lajVtNll6OObEQw_9kbOPkbKbHHm7t-XIJMQfyCgj5BY1lIzxldkRVUqJQDQfA2
[2026-01-20 21:19:51,619] ERROR: Unexpected status 403 for https://api.hh.ru/vacancies/129395931: {"errors":[{"value":"captcha_required","captcha_url":"https://hh.ru/account/captcha?state=pxvcxBozfu7ry7R4QCetFmUA3SFZr_Pa4yXPQEusAiQIVW2lajVtNll6OObEQw_9kbOPkbKbHHm7t-XIJMQfyMlEviYTt1pRaNOFF4sEQD_v_B
[2026-01-20 21:19:51,622] ERROR: Unexpected status 403 for https://api.hh.ru/vacancies/129467351: {"errors":[{"value":"captcha_required","captcha_url":"https://hh.ru/account/captcha?state=pxvcxBozfu7ry7R4QCetFmUA3SFZr_Pa4yXPQEusAiQIVW2lajVtNll6OObEQw_9kbOPkbKbHHm7t-XIJMQfyOMTncJU1t_-Vl9Q-1Qhtng4mr
[2026-01-20 21:19:51,628] ERROR: Unexpected status 403 for https://api.hh.ru/vacancies/129319589: {"errors":[{"value":"captcha_required","captcha_url":"https://hh.ru/account/captcha?state=pxvcxBozfu7ry7R4QCetFmUA3SFZr_Pa4yXPQEusAiQIVW2lajVtNll6OObEQw_9kbOPkbKbHHm7t-XIJMQfyBtcDpxAegPV4DKOUMclMiRbjr
[2026-01-20 21:19:51,637] ERROR: Unexpected status 403 for https://api.hh.ru/vacancies/129300003: {"errors":[{"value":"captcha_required","captcha_url":"https://hh.ru/account/captcha?state=pxvcxBozfu7ry7R4QCetFmUA3SFZr_Pa4yXPQEusAiQIVW2lajVtNll6OObEQw_9kbOPkbKbHHm7t-XIJMQfyIiRa23e4cdwaEQ9V0sWFAvqiz
[2026-01-20 21:19:51,649] ERROR: Unexpected status 403 for https://api.hh.ru/vacancies/129145760: {"errors":[{"value":"captcha_required","captcha_url":"https://hh.ru/account/captcha?state=pxvcxBozfu7ry7R4QCetFmUA3SFZr_Pa4yXPQEusAiQIVW2lajVtNll6OObEQw_9kbOPkbKbHHm7t-XIJMQfyBviMz1X-UTJyKHzyHzcNP5_qe
[2026-01-20 21:19:51,651] ERROR: Unexpected status 403 for https://api.hh.ru/vacancies/129331258: {"errors":[{"value":"captcha_required","captcha_url":"https://hh.ru/account/captcha?state=pxvcxBozfu7ry7R4QCetFmUA3SFZr_Pa4yXPQEusAiQIVW2lajVtNll6OObEQw_9kbOPkbKbHHm7t-XIJMQfyMoRt1L1knc_JD8n_Xglg0d1tj
[2026-01-20 21:19:51,654] ERROR: Unexpected status 403 for https://api.hh.ru/vacancies/128624176: {"errors":[{"value":"captcha_required","captcha_url":"https://hh.ru/account/captcha?state=pxvcxBozfu7ry7R4QCetFmUA3SFZr_Pa4yXPQEusAiQIVW2lajVtNll6OObEQw_9kbOPkbKbHHm7t-XIJMQfyG9qF81YmWf6S6Z0_O6SpGU04N
[2026-01-20 21:19:51,676] ERROR: Unexpected status 403 for https://api.hh.ru/vacancies/129608861: {"errors":[{"value":"captcha_required","captcha_url":"https://hh.ru/account/captcha?state=pxvcxBozfu7ry7R4QCetFmUA3SFZr_Pa4yXPQEusAiQIVW2lajVtNll6OObEQw_9kbOPkbKbHHm7t-XIJMQfyJfVjk6k9FcEy0MoWLfDU3TtFk
[2026-01-20 21:19:51,701] ERROR: Unexpected status 403 for https://api.hh.ru/vacancies/129588167: {"errors":[{"value":"captcha_required","captcha_url":"https://hh.ru/account/captcha?state=pxvcxBozfu7ry7R4QCetFmUA3SFZr_Pa4yXPQEusAiQIVW2lajVtNll6OObEQw_9kbOPkbKbHHm7t-XIJMQfyEO0UtITaI1G1_XYgyEy0ISPOT
[2026-01-20 21:19:51,711] ERROR: Unexpected status 403 for https://api.hh.ru/vacancies/129242636: {"errors":[{"value":"captcha_required","captcha_url":"https://hh.ru/account/captcha?state=pxvcxBozfu7ry7R4QCetFmUA3SFZr_Pa4yXPQEusAiQIVW2lajVtNll6OObEQw_9kbOPkbKbHHm7t-XIJMQfyCusEK4JyTzs-rb3J5KeaRhfKt
[2026-01-20 21:19:51,717] ERROR: Unexpected status 403 for https://api.hh.ru/vacancies/129151225: {"errors":[{"value":"captcha_required","captcha_url":"https://hh.ru/account/captcha?state=pxvcxBozfu7ry7R4QCetFmUA3SFZr_Pa4yXPQEusAiQIVW2lajVtNll6OObEQw_9kbOPkbKbHHm7t-XIJMQfyABgdmOFxniM5sdfxsun57geFD
[2026-01-20 21:19:51,722] ERROR: Unexpected status 403 for https://api.hh.ru/vacancies/129073951: {"errors":[{"value":"captcha_required","captcha_url":"https://hh.ru/account/captcha?state=pxvcxBozfu7ry7R4QCetFmUA3SFZr_Pa4yXPQEusAiQIVW2lajVtNll6OObEQw_9kbOPkbKbHHm7t-XIJMQfyHF9AIbiBLEaTbZPB9tDypuEu8
[2026-01-20 21:19:51,726] ERROR: Unexpected status 403 for https://api.hh.ru/vacancies/129475693: {"errors":[{"value":"captcha_required","captcha_url":"https://hh.ru/account/captcha?state=pxvcxBozfu7ry7R4QCetFmUA3SFZr_Pa4yXPQEusAiQIVW2lajVtNll6OObEQw_9kbOPkbKbHHm7t-XIJMQfyLx5-sle7OmVHxIOEwuk_a5WF0
[2026-01-20 21:19:51,731] ERROR: Unexpected status 403 for https://api.hh.ru/vacancies/128813284: {"errors":[{"value":"captcha_required","captcha_url":"https://hh.ru/account/captcha?state=pxvcxBozfu7ry7R4QCetFmUA3SFZr_Pa4yXPQEusAiQIVW2lajVtNll6OObEQw_9kbOPkbKbHHm7t-XIJMQfyDEjo1sHlmS6tWX_ze7M6zcDTE
[2026-01-20 21:19:51,734] ERROR: Unexpected status 403 for https://api.hh.ru/vacancies/129587693: {"errors":[{"value":"captcha_required","captcha_url":"https://hh.ru/account/captcha?state=pxvcxBozfu7ry7R4QCetFmUA3SFZr_Pa4yXPQEusAiQIVW2lajVtNll6OObEQw_9kbOPkbKbHHm7t-XIJMQfyK6ExqNEY6unjn6x6DZ0eJ6htw
[2026-01-20 21:19:51,744] ERROR: Unexpected status 403 for https://api.hh.ru/vacancies/129412461: {"errors":[{"value":"captcha_required","captcha_url":"https://hh.ru/account/captcha?state=pxvcxBozfu7ry7R4QCetFmUA3SFZr_Pa4yXPQEusAiQIVW2lajVtNll6OObEQw_9kbOPkbKbHHm7t-XIJMQfyM1WwGqByL_SpObej8Orov8TxD
[2026-01-20 21:19:51,745] ERROR: Unexpected status 403 for https://api.hh.ru/vacancies/129606346: {"errors":[{"value":"captcha_required","captcha_url":"https://hh.ru/account/captcha?state=pxvcxBozfu7ry7R4QCetFmUA3SFZr_Pa4yXPQEusAiQIVW2lajVtNll6OObEQw_9kbOPkbKbHHm7t-XIJMQfyBH6hPVdEESQTvhX5Ij74Vanit
[2026-01-20 21:19:51,745] INFO: Worker 3 finished area Морки; total collected 119
[2026-01-20 21:19:51,745] INFO: Worker 3 scanning area Пектубаево (7142)
[2026-01-20 21:19:51,753] ERROR: Unexpected status 403 for https://api.hh.ru/vacancies/129613194: {"errors":[{"value":"captcha_required","captcha_url":"https://hh.ru/account/captcha?state=pxvcxBozfu7ry7R4QCetFmUA3SFZr_Pa4yXPQEusAiQIVW2lajVtNll6OObEQw_9kbOPkbKbHHm7t-XIJMQfyJiDMkqzbtkJavY8esjJpE18PA
[2026-01-20 21:19:51,771] ERROR: Unexpected status 403 for https://api.hh.ru/vacancies/129611646: {"errors":[{"value":"captcha_required","captcha_url":"https://hh.ru/account/captcha?state=pxvcxBozfu7ry7R4QCetFmUA3SFZr_Pa4yXPQEusAiQIVW2lajVtNll6OObEQw_9kbOPkbKbHHm7t-XIJMQfyDfRIOM5kXHoFJGEKknL-7q0be
[2026-01-20 21:19:51,787] ERROR: Unexpected status 403 for https://api.hh.ru/vacancies/125592459: {"errors":[{"value":"captcha_required","captcha_url":"https://hh.ru/account/captcha?state=pxvcxBozfu7ry7R4QCetFmUA3SFZr_Pa4yXPQEusAiQIVW2lajVtNll6OObEQw_9kbOPkbKbHHm7t-XIJMQfyEZCHaKqSAjQD4h1NVolWmYlOQ
[2026-01-20 21:19:51,789] ERROR: Unexpected status 403 for https://api.hh.ru/vacancies/129351855: {"errors":[{"value":"captcha_required","captcha_url":"https://hh.ru/account/captcha?state=pxvcxBozfu7ry7R4QCetFmUA3SFZr_Pa4yXPQEusAiQIVW2lajVtNll6OObEQw_9kbOPkbKbHHm7t-XIJMQfyEpP-UXYipCbp93xd8510Dc0NX
[2026-01-20 21:19:51,793] ERROR: Unexpected status 403 for https://api.hh.ru/vacancies/129371455: {"errors":[{"value":"captcha_required","captcha_url":"https://hh.ru/account/captcha?state=pxvcxBozfu7ry7R4QCetFmUA3SFZr_Pa4yXPQEusAiQIVW2lajVtNll6OObEQw_9kbOPkbKbHHm7t-XIJMQfyPb4YrOJOOLv3zoOjG-l0QJ1FG
[2026-01-20 21:19:51,800] ERROR: Unexpected status 403 for https://api.hh.ru/vacancies/129242798: {"errors":[{"value":"captcha_required","captcha_url":"https://hh.ru/account/captcha?state=pxvcxBozfu7ry7R4QCetFmUA3SFZr_Pa4yXPQEusAiQIVW2lajVtNll6OObEQw_9kbOPkbKbHHm7t-XIJMQfyLxuK_J9o-zQIgtBd7sgZMGWW9
[2026-01-20 21:19:51,802] ERROR: Unexpected status 403 for https://api.hh.ru/vacancies/129310866: {"errors":[{"value":"captcha_required","captcha_url":"https://hh.ru/account/captcha?state=pxvcxBozfu7ry7R4QCetFmUA3SFZr_Pa4yXPQEusAiQIVW2lajVtNll6OObEQw_9kbOPkbKbHHm7t-XIJMQfyMCldCGjabLZdE-AzlA-VbugDq
[2026-01-20 21:19:51,806] ERROR: Unexpected status 403 for https://api.hh.ru/vacancies/128677785: {"errors":[{"value":"captcha_required","captcha_url":"https://hh.ru/account/captcha?state=pxvcxBozfu7ry7R4QCetFmUA3SFZr_Pa4yXPQEusAiQIVW2lajVtNll6OObEQw_9kbOPkbKbHHm7t-XIJMQfyAo1Xp2BOglTwbuPqkxgMkmYyi
[2026-01-20 21:19:51,808] ERROR: Unexpected status 403 for https://api.hh.ru/vacancies/129525425: {"errors":[{"value":"captcha_required","captcha_url":"https://hh.ru/account/captcha?state=pxvcxBozfu7ry7R4QCetFmUA3SFZr_Pa4yXPQEusAiQIVW2lajVtNll6OObEQw_9kbOPkbKbHHm7t-XIJMQfyAAkk--KnQa1DH-XkiYmlSTN3q
[2026-01-20 21:19:51,834] ERROR: Unexpected status 403 for https://api.hh.ru/vacancies/129318398: {"errors":[{"value":"captcha_required","captcha_url":"https://hh.ru/account/captcha?state=pxvcxBozfu7ry7R4QCetFmUA3SFZr_Pa4yXPQEusAiQIVW2lajVtNll6OObEQw_9kbOPkbKbHHm7t-XIJMQfyIZ_u5dU1h8BOYZcZTlY2I0c_b
[2026-01-20 21:19:51,851] ERROR: Unexpected status 403 for https://api.hh.ru/vacancies/129617693: {"errors":[{"value":"captcha_required","captcha_url":"https://hh.ru/account/captcha?state=pxvcxBozfu7ry7R4QCetFmUA3SFZr_Pa4yXPQEusAiQIVW2lajVtNll6OObEQw_9kbOPkbKbHHm7t-XIJMQfyDUEiy7cSOyMOTekoL6oAkOnXO
[2026-01-20 21:19:51,857] ERROR: Unexpected status 403 for https://api.hh.ru/vacancies/129363536: {"errors":[{"value":"captcha_required","captcha_url":"https://hh.ru/account/captcha?state=pxvcxBozfu7ry7R4QCetFmUA3SFZr_Pa4yXPQEusAiQIVW2lajVtNll6OObEQw_9kbOPkbKbHHm7t-XIJMQfyF7jNc_6-QT039F6CT3FBlqjWh
[2026-01-20 21:19:51,857] ERROR: Unexpected status 403 for https://api.hh.ru/vacancies/129011101: {"errors":[{"value":"captcha_required","captcha_url":"https://hh.ru/account/captcha?state=pxvcxBozfu7ry7R4QCetFmUA3SFZr_Pa4yXPQEusAiQIVW2lajVtNll6OObEQw_9kbOPkbKbHHm7t-XIJMQfyIFpRWdqynXL1AS3dFvCUb1Blm
[2026-01-20 21:19:51,857] INFO: Worker 7 finished area Медведево; total collected 119
[2026-01-20 21:19:51,857] INFO: Worker 7 scanning area Приволжский (Республика Марий Эл) (4240)
[2026-01-20 21:19:51,866] ERROR: Unexpected status 403 for https://api.hh.ru/vacancies/129485639: {"errors":[{"value":"captcha_required","captcha_url":"https://hh.ru/account/captcha?state=pxvcxBozfu7ry7R4QCetFmUA3SFZr_Pa4yXPQEusAiQIVW2lajVtNll6OObEQw_9kbOPkbKbHHm7t-XIJMQfyHFLB0OP2X4uFfDepb7AcoQuoo
[2026-01-20 21:19:51,868] ERROR: Unexpected status 403 for https://api.hh.ru/vacancies/129274510: {"errors":[{"value":"captcha_required","captcha_url":"https://hh.ru/account/captcha?state=pxvcxBozfu7ry7R4QCetFmUA3SFZr_Pa4yXPQEusAiQIVW2lajVtNll6OObEQw_9kbOPkbKbHHm7t-XIJMQfyDz5Ls_0H2cqEpwxyN0YABSHPt
[2026-01-20 21:19:51,880] ERROR: Unexpected status 403 for https://api.hh.ru/vacancies/129448450: {"errors":[{"value":"captcha_required","captcha_url":"https://hh.ru/account/captcha?state=pxvcxBozfu7ry7R4QCetFmUA3SFZr_Pa4yXPQEusAiQIVW2lajVtNll6OObEQw_9kbOPkbKbHHm7t-XIJMQfyJyPAZu62slpy_66VdIjpIjgwk
[2026-01-20 21:19:51,900] ERROR: Unexpected status 403 for https://api.hh.ru/vacancies/129073992: {"errors":[{"value":"captcha_required","captcha_url":"https://hh.ru/account/captcha?state=pxvcxBozfu7ry7R4QCetFmUA3SFZr_Pa4yXPQEusAiQIVW2lajVtNll6OObEQw_9kbOPkbKbHHm7t-XIJMQfyLn9k0A--6E7-qZlGwGB8gfZCR
[2026-01-20 21:19:51,900] ERROR: Unexpected status 403 for https://api.hh.ru/vacancies/129268529: {"errors":[{"value":"captcha_required","captcha_url":"https://hh.ru/account/captcha?state=pxvcxBozfu7ry7R4QCetFmUA3SFZr_Pa4yXPQEusAiQIVW2lajVtNll6OObEQw_9kbOPkbKbHHm7t-XIJMQfyLNzhJo5MOG8geuVh58dn1UiRe
[2026-01-20 21:19:51,913] ERROR: Unexpected status 403 for https://api.hh.ru/vacancies/129565500: {"errors":[{"value":"captcha_required","captcha_url":"https://hh.ru/account/captcha?state=pxvcxBozfu7ry7R4QCetFmUA3SFZr_Pa4yXPQEusAiQIVW2lajVtNll6OObEQw_9kbOPkbKbHHm7t-XIJMQfyBWSRYz7_ZjqDqlYxSzUQZs52c
[2026-01-20 21:19:51,915] ERROR: Unexpected status 403 for https://api.hh.ru/vacancies/129445678: {"errors":[{"value":"captcha_required","captcha_url":"https://hh.ru/account/captcha?state=pxvcxBozfu7ry7R4QCetFmUA3SFZr_Pa4yXPQEusAiQIVW2lajVtNll6OObEQw_9kbOPkbKbHHm7t-XIJMQfyAfiDZxCVtoCTXFTxFucacveju
[2026-01-20 21:19:51,943] ERROR: Unexpected status 403 for https://api.hh.ru/vacancies/129602730: {"errors":[{"value":"captcha_required","captcha_url":"https://hh.ru/account/captcha?state=pxvcxBozfu7ry7R4QCetFmUA3SFZr_Pa4yXPQEusAiQIVW2lajVtNll6OObEQw_9kbOPkbKbHHm7t-XIJMQfyDEktdpP3Vk6Bp_7lIxoUmpEuh
[2026-01-20 21:19:51,976] ERROR: Unexpected status 403 for https://api.hh.ru/vacancies/129073964: {"errors":[{"value":"captcha_required","captcha_url":"https://hh.ru/account/captcha?state=pxvcxBozfu7ry7R4QCetFmUA3SFZr_Pa4yXPQEusAiQIVW2lajVtNll6OObEQw_9kbOPkbKbHHm7t-XIJMQfyJCcghma412IQsNsLvqgiXcZUO
[2026-01-20 21:19:51,986] ERROR: Unexpected status 403 for https://api.hh.ru/vacancies/129441097: {"errors":[{"value":"captcha_required","captcha_url":"https://hh.ru/account/captcha?state=pxvcxBozfu7ry7R4QCetFmUA3SFZr_Pa4yXPQEusAiQIVW2lajVtNll6OObEQw_9kbOPkbKbHHm7t-XIJMQfyFin4OuJfE_vIwa6mQuC4hhk2r
[2026-01-20 21:19:51,987] ERROR: Unexpected status 403 for https://api.hh.ru/vacancies/129565622: {"errors":[{"value":"captcha_required","captcha_url":"https://hh.ru/account/captcha?state=pxvcxBozfu7ry7R4QCetFmUA3SFZr_Pa4yXPQEusAiQIVW2lajVtNll6OObEQw_9kbOPkbKbHHm7t-XIJMQfyIH-CVQhp2EwQ_dXc4m3jH8IWh
[2026-01-20 21:19:51,994] ERROR: Unexpected status 403 for https://api.hh.ru/vacancies/129400210: {"errors":[{"value":"captcha_required","captcha_url":"https://hh.ru/account/captcha?state=pxvcxBozfu7ry7R4QCetFmUA3SFZr_Pa4yXPQEusAiQIVW2lajVtNll6OObEQw_9kbOPkbKbHHm7t-XIJMQfyHasNVxUbGhZQQwcy9Om-UGfYH
[2026-01-20 21:19:51,995] ERROR: Unexpected status 403 for https://api.hh.ru/vacancies/129264666: {"errors":[{"value":"captcha_required","captcha_url":"https://hh.ru/account/captcha?state=pxvcxBozfu7ry7R4QCetFmUA3SFZr_Pa4yXPQEusAiQIVW2lajVtNll6OObEQw_9kbOPkbKbHHm7t-XIJMQfyDQ13kJrwy0BGokkAYhB_lFrIF
[2026-01-20 21:19:52,017] ERROR: Unexpected status 403 for https://api.hh.ru/vacancies/129440751: {"errors":[{"value":"captcha_required","captcha_url":"https://hh.ru/account/captcha?state=pxvcxBozfu7ry7R4QCetFmUA3SFZr_Pa4yXPQEusAiQIVW2lajVtNll6OObEQw_9kbOPkbKbHHm7t-XIJMQfyANzC2zwZlS8q0aiJee5h3B_ck
[2026-01-20 21:19:52,050] ERROR: Unexpected status 403 for https://api.hh.ru/vacancies/129334570: {"errors":[{"value":"captcha_required","captcha_url":"https://hh.ru/account/captcha?state=pxvcxBozfu7ry7R4QCetFmUA3SFZr_Pa4yXPQEusAiQIVW2lajVtNll6OObEQw_9kbOPkbKbHHm7t-XIJMQfyJ6JyB0-orrR_nY8uUc28U15Gx
[2026-01-20 21:19:52,050] ERROR: Unexpected status 403 for https://api.hh.ru/vacancies/128741152: {"errors":[{"value":"captcha_required","captcha_url":"https://hh.ru/account/captcha?state=pxvcxBozfu7ry7R4QCetFmUA3SFZr_Pa4yXPQEusAiQIVW2lajVtNll6OObEQw_9kbOPkbKbHHm7t-XIJMQfyKATIT-RtkC1Oz6Jl3UcZG2Iow
[2026-01-20 21:19:52,050] INFO: Worker 2 finished area Параньга; total collected 119
[2026-01-20 21:19:52,050] INFO: Worker 2 scanning area Семеновка (Республика Марий Эл) (7012)
[2026-01-20 21:19:52,054] ERROR: Unexpected status 403 for https://api.hh.ru/vacancies/129363922: {"errors":[{"value":"captcha_required","captcha_url":"https://hh.ru/account/captcha?state=pxvcxBozfu7ry7R4QCetFmUA3SFZr_Pa4yXPQEusAiQIVW2lajVtNll6OObEQw_9kbOPkbKbHHm7t-XIJMQfyEpA2UE7foWb-uEREpbr_XZGQZ
[2026-01-20 21:19:52,058] ERROR: Unexpected status 403 for https://api.hh.ru/vacancies/129310866: {"errors":[{"value":"captcha_required","captcha_url":"https://hh.ru/account/captcha?state=pxvcxBozfu7ry7R4QCetFmUA3SFZr_Pa4yXPQEusAiQIVW2lajVtNll6OObEQw_9kbOPkbKbHHm7t-XIJMQfyMCldCGjabLZdE-AzlA-Vbu5AM
[2026-01-20 21:19:52,066] ERROR: Unexpected status 403 for https://api.hh.ru/vacancies/129502414: {"errors":[{"value":"captcha_required","captcha_url":"https://hh.ru/account/captcha?state=pxvcxBozfu7ry7R4QCetFmUA3SFZr_Pa4yXPQEusAiQIVW2lajVtNll6OObEQw_9kbOPkbKbHHm7t-XIJMQfyFeV0s1ts3u4n5fX_MjYG1mCAm
[2026-01-20 21:19:52,075] ERROR: Unexpected status 403 for https://api.hh.ru/vacancies/129074068: {"errors":[{"value":"captcha_required","captcha_url":"https://hh.ru/account/captcha?state=pxvcxBozfu7ry7R4QCetFmUA3SFZr_Pa4yXPQEusAiQIVW2lajVtNll6OObEQw_9kbOPkbKbHHm7t-XIJMQfyIbqKo3DmPQwdITNKJQec87xMc
[2026-01-20 21:19:52,081] ERROR: Unexpected status 403 for https://api.hh.ru/vacancies/128237092: {"errors":[{"value":"captcha_required","captcha_url":"https://hh.ru/account/captcha?state=pxvcxBozfu7ry7R4QCetFmUA3SFZr_Pa4yXPQEusAiQIVW2lajVtNll6OObEQw_9kbOPkbKbHHm7t-XIJMQfyAULj9kDGGBKP9YZN4iiWb3o0y
[2026-01-20 21:19:52,094] ERROR: Unexpected status 403 for https://api.hh.ru/vacancies/128947492: {"errors":[{"value":"captcha_required","captcha_url":"https://hh.ru/account/captcha?state=pxvcxBozfu7ry7R4QCetFmUA3SFZr_Pa4yXPQEusAiQIVW2lajVtNll6OObEQw_9kbOPkbKbHHm7t-XIJMQfyKlR_S1bQd7cg7LEvpUxJpd7Cg
[2026-01-20 21:19:52,100] ERROR: Unexpected status 403 for https://api.hh.ru/vacancies/129647099: {"errors":[{"value":"captcha_required","captcha_url":"https://hh.ru/account/captcha?state=pxvcxBozfu7ry7R4QCetFmUA3SFZr_Pa4yXPQEusAiQIVW2lajVtNll6OObEQw_9kbOPkbKbHHm7t-XIJMQfyF6cm2Dz6rvTe_X0UnSyoinhkH
[2026-01-20 21:19:52,115] ERROR: Unexpected status 403 for https://api.hh.ru/vacancies/129587399: {"errors":[{"value":"captcha_required","captcha_url":"https://hh.ru/account/captcha?state=pxvcxBozfu7ry7R4QCetFmUA3SFZr_Pa4yXPQEusAiQIVW2lajVtNll6OObEQw_9kbOPkbKbHHm7t-XIJMQfyCnQ0Do8VX5qLo7StytTMABKOP
[2026-01-20 21:19:52,116] ERROR: Unexpected status 403 for https://api.hh.ru/vacancies/129242636: {"errors":[{"value":"captcha_required","captcha_url":"https://hh.ru/account/captcha?state=pxvcxBozfu7ry7R4QCetFmUA3SFZr_Pa4yXPQEusAiQIVW2lajVtNll6OObEQw_9kbOPkbKbHHm7t-XIJMQfyCusEK4JyTzs-rb3J5KeaRhqQ-
[2026-01-20 21:19:52,134] ERROR: Unexpected status 403 for https://api.hh.ru/vacancies/129334672: {"errors":[{"value":"captcha_required","captcha_url":"https://hh.ru/account/captcha?state=pxvcxBozfu7ry7R4QCetFmUA3SFZr_Pa4yXPQEusAiQIVW2lajVtNll6OObEQw_9kbOPkbKbHHm7t-XIJMQfyCcyusHZNnBcAHGvnxqDWXeIVX
[2026-01-20 21:19:52,151] ERROR: Unexpected status 403 for https://api.hh.ru/vacancies/129134440: {"errors":[{"value":"captcha_required","captcha_url":"https://hh.ru/account/captcha?state=pxvcxBozfu7ry7R4QCetFmUA3SFZr_Pa4yXPQEusAiQIVW2lajVtNll6OObEQw_9kbOPkbKbHHm7t-XIJMQfyMRf0bPXzh46Tfl3ALY9psc4bW
[2026-01-20 21:19:52,154] ERROR: Unexpected status 403 for https://api.hh.ru/vacancies/129599567: {"errors":[{"value":"captcha_required","captcha_url":"https://hh.ru/account/captcha?state=pxvcxBozfu7ry7R4QCetFmUA3SFZr_Pa4yXPQEusAiQIVW2lajVtNll6OObEQw_9kbOPkbKbHHm7t-XIJMQfyOZr_DWsn2Llsmus-c_to-y7TR
[2026-01-20 21:19:52,160] ERROR: Unexpected status 403 for https://api.hh.ru/vacancies/129595003: {"errors":[{"value":"captcha_required","captcha_url":"https://hh.ru/account/captcha?state=pxvcxBozfu7ry7R4QCetFmUA3SFZr_Pa4yXPQEusAiQIVW2lajVtNll6OObEQw_9kbOPkbKbHHm7t-XIJMQfyDqRdWx5R2lnTnQZcgVJuhZOKw
[2026-01-20 21:19:52,175] ERROR: Unexpected status 403 for https://api.hh.ru/vacancies/129448450: {"errors":[{"value":"captcha_required","captcha_url":"https://hh.ru/account/captcha?state=pxvcxBozfu7ry7R4QCetFmUA3SFZr_Pa4yXPQEusAiQIVW2lajVtNll6OObEQw_9kbOPkbKbHHm7t-XIJMQfyJyPAZu62slpy_66VdIjpIjMNB
[2026-01-20 21:19:52,238] ERROR: Unexpected status 403 for https://api.hh.ru/vacancies/129455909: {"errors":[{"value":"captcha_required","captcha_url":"https://hh.ru/account/captcha?state=pxvcxBozfu7ry7R4QCetFmUA3SFZr_Pa4yXPQEusAiQIVW2lajVtNll6OObEQw_9kbOPkbKbHHm7t-XIJMQfyIsvt7Y0sCLTj5kJzk2WjF2bbY
[2026-01-20 21:19:52,246] ERROR: Unexpected status 403 for https://api.hh.ru/vacancies/129140983: {"errors":[{"value":"captcha_required","captcha_url":"https://hh.ru/account/captcha?state=pxvcxBozfu7ry7R4QCetFmUA3SFZr_Pa4yXPQEusAiQIVW2lajVtNll6OObEQw_9kbOPkbKbHHm7t-XIJMQfyFXNCCRiEyHIAWcx8mYjZjsjMW
[2026-01-20 21:19:52,272] ERROR: Unexpected status 403 for https://api.hh.ru/vacancies/129526061: {"errors":[{"value":"captcha_required","captcha_url":"https://hh.ru/account/captcha?state=pxvcxBozfu7ry7R4QCetFmUA3SFZr_Pa4yXPQEusAiQIVW2lajVtNll6OObEQw_9kbOPkbKbHHm7t-XIJMQfyBlj45aum3W7PgrXVs1QRdkusO
[2026-01-20 21:19:52,316] ERROR: Unexpected status 403 for https://api.hh.ru/vacancies/129465059: {"errors":[{"value":"captcha_required","captcha_url":"https://hh.ru/account/captcha?state=pxvcxBozfu7ry7R4QCetFmUA3SFZr_Pa4yXPQEusAiQIVW2lajVtNll6OObEQw_9kbOPkbKbHHm7t-XIJMQfyE39AhH5MeEwfFGElKndCCO5IG
[2026-01-20 21:19:52,327] ERROR: Unexpected status 403 for https://api.hh.ru/vacancies/128679289: {"errors":[{"value":"captcha_required","captcha_url":"https://hh.ru/account/captcha?state=pxvcxBozfu7ry7R4QCetFmUA3SFZr_Pa4yXPQEusAiQIVW2lajVtNll6OObEQw_9kbOPkbKbHHm7t-XIJMQfyO93S9S6k23XC4gXLLMszO2ron
[2026-01-20 21:19:52,338] ERROR: Unexpected status 403 for https://api.hh.ru/vacancies/129542528: {"errors":[{"value":"captcha_required","captcha_url":"https://hh.ru/account/captcha?state=pxvcxBozfu7ry7R4QCetFmUA3SFZr_Pa4yXPQEusAiQIVW2lajVtNll6OObEQw_9kbOPkbKbHHm7t-XIJMQfyN-rMmF5MPay84zzd_hH66_Ig_
[2026-01-20 21:19:52,346] ERROR: Unexpected status 403 for https://api.hh.ru/vacancies/129640801: {"errors":[{"value":"captcha_required","captcha_url":"https://hh.ru/account/captcha?state=pxvcxBozfu7ry7R4QCetFmUA3SFZr_Pa4yXPQEusAiQIVW2lajVtNll6OObEQw_9kbOPkbKbHHm7t-XIJMQfyFZALRNcKjw6-bWMGL02eIdI5B
[2026-01-20 21:19:52,364] ERROR: Unexpected status 403 for https://api.hh.ru/vacancies/129427404: {"errors":[{"value":"captcha_required","captcha_url":"https://hh.ru/account/captcha?state=pxvcxBozfu7ry7R4QCetFmUA3SFZr_Pa4yXPQEusAiQIVW2lajVtNll6OObEQw_9kbOPkbKbHHm7t-XIJMQfyFVac7VDxaIsFJ9JCDFeYz82UL
[2026-01-20 21:19:52,387] ERROR: Unexpected status 403 for https://api.hh.ru/vacancies/129553177: {"errors":[{"value":"captcha_required","captcha_url":"https://hh.ru/account/captcha?state=pxvcxBozfu7ry7R4QCetFmUA3SFZr_Pa4yXPQEusAiQIVW2lajVtNll6OObEQw_9kbOPkbKbHHm7t-XIJMQfyFemCEZGdBVqVdw5S-_qnfSZPG
[2026-01-20 21:19:52,420] ERROR: Unexpected status 403 for https://api.hh.ru/vacancies/129270920: {"errors":[{"value":"captcha_required","captcha_url":"https://hh.ru/account/captcha?state=pxvcxBozfu7ry7R4QCetFmUA3SFZr_Pa4yXPQEusAiQIVW2lajVtNll6OObEQw_9kbOPkbKbHHm7t-XIJMQfyLq8gUU-s16K3R-XwbrCVh1M-9
[2026-01-20 21:19:52,462] ERROR: Unexpected status 403 for https://api.hh.ru/vacancies/129598382: {"errors":[{"value":"captcha_required","captcha_url":"https://hh.ru/account/captcha?state=pxvcxBozfu7ry7R4QCetFmUA3SFZr_Pa4yXPQEusAiQIVW2lajVtNll6OObEQw_9kbOPkbKbHHm7t-XIJMQfyHccj-zc2ZIE9larJ4K5EWOoSR
[2026-01-20 21:19:52,485] ERROR: Unexpected status 403 for https://api.hh.ru/vacancies/116702524: {"errors":[{"value":"captcha_required","captcha_url":"https://hh.ru/account/captcha?state=pxvcxBozfu7ry7R4QCetFmUA3SFZr_Pa4yXPQEusAiQIVW2lajVtNll6OObEQw_9kbOPkbKbHHm7t-XIJMQfyPk5xbcs19jAw-wQFhM_iXf8_8
[2026-01-20 21:19:52,501] ERROR: Unexpected status 403 for https://api.hh.ru/vacancies/129431007: {"errors":[{"value":"captcha_required","captcha_url":"https://hh.ru/account/captcha?state=pxvcxBozfu7ry7R4QCetFmUA3SFZr_Pa4yXPQEusAiQIVW2lajVtNll6OObEQw_9kbOPkbKbHHm7t-XIJMQfyAYu0p9zgx5QMCBQJNlY9K72DZ
[2026-01-20 21:19:52,602] ERROR: Unexpected status 403 for https://api.hh.ru/vacancies/129651368: {"errors":[{"value":"captcha_required","captcha_url":"https://hh.ru/account/captcha?state=pxvcxBozfu7ry7R4QCetFmUA3SFZr_Pa4yXPQEusAiQIVW2lajVtNll6OObEQw_9kbOPkbKbHHm7t-XIJMQfyAQiPMsUiJX-GzGMjCZZ26yb9E
[2026-01-20 21:19:52,639] ERROR: Unexpected status 403 for https://api.hh.ru/vacancies/129606188: {"errors":[{"value":"captcha_required","captcha_url":"https://hh.ru/account/captcha?state=pxvcxBozfu7ry7R4QCetFmUA3SFZr_Pa4yXPQEusAiQIVW2lajVtNll6OObEQw_9kbOPkbKbHHm7t-XIJMQfyDj0j6Cf3GyLUfLidWtHeqajiU
[2026-01-20 21:19:52,661] ERROR: Unexpected status 403 for https://api.hh.ru/vacancies/128036259: {"errors":[{"value":"captcha_required","captcha_url":"https://hh.ru/account/captcha?state=pxvcxBozfu7ry7R4QCetFmUA3SFZr_Pa4yXPQEusAiQIVW2lajVtNll6OObEQw_9kbOPkbKbHHm7t-XIJMQfyIEZjYon5wTtepe9J2gVfzhsaR
[2026-01-20 21:19:52,661] INFO: Worker 4 finished area Оршанка; total collected 119
[2026-01-20 21:19:52,661] INFO: Worker 4 scanning area Сернур (4241)
[2026-01-20 21:19:52,666] ERROR: Unexpected status 403 for https://api.hh.ru/vacancies/129353665: {"errors":[{"value":"captcha_required","captcha_url":"https://hh.ru/account/captcha?state=pxvcxBozfu7ry7R4QCetFmUA3SFZr_Pa4yXPQEusAiQIVW2lajVtNll6OObEQw_9kbOPkbKbHHm7t-XIJMQfyGpC8XVl0oigGStwLBh2OYx5D_
[2026-01-20 21:19:52,666] INFO: Worker 5 finished area Новый Торъял; total collected 119
[2026-01-20 21:19:52,666] INFO: Worker 5 scanning area Силикатный (7260)
[2026-01-20 21:19:52,701] ERROR: Unexpected status 403 for https://api.hh.ru/vacancies/129507766: {"errors":[{"value":"captcha_required","captcha_url":"https://hh.ru/account/captcha?state=pxvcxBozfu7ry7R4QCetFmUA3SFZr_Pa4yXPQEusAiQIVW2lajVtNll6OObEQw_9kbOPkbKbHHm7t-XIJMQfyEwCSwPApaYU3WlRJPTBrKmH5z
[2026-01-20 21:19:52,703] ERROR: Unexpected status 403 for https://api.hh.ru/vacancies/129435846: {"errors":[{"value":"captcha_required","captcha_url":"https://hh.ru/account/captcha?state=pxvcxBozfu7ry7R4QCetFmUA3SFZr_Pa4yXPQEusAiQIVW2lajVtNll6OObEQw_9kbOPkbKbHHm7t-XIJMQfyIx1APELzblYbKzn7bZtTQsElu
[2026-01-20 21:19:52,715] ERROR: Unexpected status 403 for https://api.hh.ru/vacancies/129285036: {"errors":[{"value":"captcha_required","captcha_url":"https://hh.ru/account/captcha?state=pxvcxBozfu7ry7R4QCetFmUA3SFZr_Pa4yXPQEusAiQIVW2lajVtNll6OObEQw_9kbOPkbKbHHm7t-XIJMQfyE8sTHF7Rlr7QW102ognKe3eLa
[2026-01-20 21:19:52,770] ERROR: Unexpected status 403 for https://api.hh.ru/vacancies/129387471: {"errors":[{"value":"captcha_required","captcha_url":"https://hh.ru/account/captcha?state=pxvcxBozfu7ry7R4QCetFmUA3SFZr_Pa4yXPQEusAiQIVW2lajVtNll6OObEQw_9kbOPkbKbHHm7t-XIJMQfyB-bA42d5gjmzNqZ6H-Yaw4VtJ
[2026-01-20 21:19:52,910] ERROR: Unexpected status 403 for https://api.hh.ru/vacancies/129184396: {"errors":[{"value":"captcha_required","captcha_url":"https://hh.ru/account/captcha?state=pxvcxBozfu7ry7R4QCetFmUA3SFZr_Pa4yXPQEusAiQIVW2lajVtNll6OObEQw_9kbOPkbKbHHm7t-XIJMQfyHuYQZYmjf96g8TH-Z8fOXWPld
[2026-01-20 21:19:52,919] ERROR: Unexpected status 403 for https://api.hh.ru/vacancies/129597602: {"errors":[{"value":"captcha_required","captcha_url":"https://hh.ru/account/captcha?state=pxvcxBozfu7ry7R4QCetFmUA3SFZr_Pa4yXPQEusAiQIVW2lajVtNll6OObEQw_9kbOPkbKbHHm7t-XIJMQfyNo4L3yfAtrsH4mPOEAzotjayi
[2026-01-20 21:19:52,941] ERROR: Unexpected status 403 for https://api.hh.ru/vacancies/128559925: {"errors":[{"value":"captcha_required","captcha_url":"https://hh.ru/account/captcha?state=pxvcxBozfu7ry7R4QCetFmUA3SFZr_Pa4yXPQEusAiQIVW2lajVtNll6OObEQw_9kbOPkbKbHHm7t-XIJMQfyOwCYwes7RdarBf-IenTsWcKzs
[2026-01-20 21:19:52,968] ERROR: Unexpected status 403 for https://api.hh.ru/vacancies/129627907: {"errors":[{"value":"captcha_required","captcha_url":"https://hh.ru/account/captcha?state=pxvcxBozfu7ry7R4QCetFmUA3SFZr_Pa4yXPQEusAiQIVW2lajVtNll6OObEQw_9kbOPkbKbHHm7t-XIJMQfyLI3sP42sKOwTFbJ0VqlrP53b2
[2026-01-20 21:19:53,103] ERROR: Unexpected status 403 for https://api.hh.ru/vacancies/129507899: {"errors":[{"value":"captcha_required","captcha_url":"https://hh.ru/account/captcha?state=pxvcxBozfu7ry7R4QCetFmUA3SFZr_Pa4yXPQEusAiQIVW2lajVtNll6OObEQw_9kbOPkbKbHHm7t-XIJMQfyL-P5pryMhAZxkXBrwjSK9AgVu
[2026-01-20 21:19:53,136] INFO: Splitting range 2025-03-30-2026-01-20 into 2025-03-30-2025-08-25 and 2025-08-26-2026-01-20 (found=722484)
[2026-01-20 21:19:53,139] ERROR: Unexpected status 403 for https://api.hh.ru/vacancies/128938292: {"errors":[{"value":"captcha_required","captcha_url":"https://hh.ru/account/captcha?state=pxvcxBozfu7ry7R4QCetFmUA3SFZr_Pa4yXPQEusAiQIVW2lajVtNll6OObEQw_9kbOPkbKbHHm7t-XIJMQfyPa7YIQvtTLPtimjd9I__c2sPn
[2026-01-20 21:19:53,263] ERROR: Unexpected status 403 for https://api.hh.ru/vacancies/129542510: {"errors":[{"value":"captcha_required","captcha_url":"https://hh.ru/account/captcha?state=pxvcxBozfu7ry7R4QCetFmUA3SFZr_Pa4yXPQEusAiQIVW2lajVtNll6OObEQw_9kbOPkbKbHHm7t-XIJMQfyP9obV642pyL7ArqNBzXwo6bdW
[2026-01-20 21:19:53,299] ERROR: Unexpected status 403 for https://api.hh.ru/vacancies/129301726: {"errors":[{"value":"captcha_required","captcha_url":"https://hh.ru/account/captcha?state=pxvcxBozfu7ry7R4QCetFmUA3SFZr_Pa4yXPQEusAiQIVW2lajVtNll6OObEQw_9kbOPkbKbHHm7t-XIJMQfyHvzxSorKf8oSWkPAeK7yEGEdG
[2026-01-20 21:19:53,300] ERROR: Unexpected status 403 for https://api.hh.ru/vacancies/129625759: {"errors":[{"value":"captcha_required","captcha_url":"https://hh.ru/account/captcha?state=pxvcxBozfu7ry7R4QCetFmUA3SFZr_Pa4yXPQEusAiQIVW2lajVtNll6OObEQw_9kbOPkbKbHHm7t-XIJMQfyBkqnQ9a6qc31s-YMZw6LinBA_
[2026-01-20 21:19:53,309] ERROR: Unexpected status 403 for https://api.hh.ru/vacancies/128978198: {"errors":[{"value":"captcha_required","captcha_url":"https://hh.ru/account/captcha?state=pxvcxBozfu7ry7R4QCetFmUA3SFZr_Pa4yXPQEusAiQIVW2lajVtNll6OObEQw_9kbOPkbKbHHm7t-XIJMQfyP1lZFrU6rVqRvIxp87KA_O2jm
[2026-01-20 21:19:53,314] INFO: Worker 3 finished area Пектубаево; total collected 119
[2026-01-20 21:19:53,314] INFO: Worker 3 scanning area Советский (Республика Марий Эл) (4242)
[2026-01-20 21:19:53,354] ERROR: Unexpected status 403 for https://api.hh.ru/vacancies/129228169: {"errors":[{"value":"captcha_required","captcha_url":"https://hh.ru/account/captcha?state=pxvcxBozfu7ry7R4QCetFmUA3SFZr_Pa4yXPQEusAiQIVW2lajVtNll6OObEQw_9kbOPkbKbHHm7t-XIJMQfyNaROfZPVHKxOfliAJzcaCy3s7
[2026-01-20 21:19:53,368] ERROR: Unexpected status 403 for https://api.hh.ru/vacancies/120032210: {"errors":[{"value":"captcha_required","captcha_url":"https://hh.ru/account/captcha?state=pxvcxBozfu7ry7R4QCetFmUA3SFZr_Pa4yXPQEusAiQIVW2lajVtNll6OObEQw_9kbOPkbKbHHm7t-XIJMQfyMznl2pUZspNm0T8Afn3N72E_5
[2026-01-20 21:19:53,369] ERROR: Unexpected status 403 for https://api.hh.ru/vacancies/129010739: {"errors":[{"value":"captcha_required","captcha_url":"https://hh.ru/account/captcha?state=pxvcxBozfu7ry7R4QCetFmUA3SFZr_Pa4yXPQEusAiQIVW2lajVtNll6OObEQw_9kbOPkbKbHHm7t-XIJMQfyCHp9moqqo1VDc9X6SK15snO2u
[2026-01-20 21:19:53,399] ERROR: Unexpected status 403 for https://api.hh.ru/vacancies/129560402: {"errors":[{"value":"captcha_required","captcha_url":"https://hh.ru/account/captcha?state=pxvcxBozfu7ry7R4QCetFmUA3SFZr_Pa4yXPQEusAiQIVW2lajVtNll6OObEQw_9kbOPkbKbHHm7t-XIJMQfyNk3YAfb_98aAJG3mFJ1OJp3-Z
[2026-01-20 21:19:53,408] ERROR: Unexpected status 403 for https://api.hh.ru/vacancies/129040663: {"errors":[{"value":"captcha_required","captcha_url":"https://hh.ru/account/captcha?state=pxvcxBozfu7ry7R4QCetFmUA3SFZr_Pa4yXPQEusAiQIVW2lajVtNll6OObEQw_9kbOPkbKbHHm7t-XIJMQfyCQ58_x9luB2PfvM1DC80m-Z9B
[2026-01-20 21:19:53,411] ERROR: Unexpected status 403 for https://api.hh.ru/vacancies/129228168: {"errors":[{"value":"captcha_required","captcha_url":"https://hh.ru/account/captcha?state=pxvcxBozfu7ry7R4QCetFmUA3SFZr_Pa4yXPQEusAiQIVW2lajVtNll6OObEQw_9kbOPkbKbHHm7t-XIJMQfyHQ3zDfQajHg5RaRNeD6Tuxzfz
[2026-01-20 21:19:53,414] ERROR: Unexpected status 403 for https://api.hh.ru/vacancies/129533819: {"errors":[{"value":"captcha_required","captcha_url":"https://hh.ru/account/captcha?state=pxvcxBozfu7ry7R4QCetFmUA3SFZr_Pa4yXPQEusAiQIVW2lajVtNll6OObEQw_9kbOPkbKbHHm7t-XIJMQfyEOPPRZFLzY7Sh7wGNCy5Q5-rE
[2026-01-20 21:19:53,422] ERROR: Unexpected status 403 for https://api.hh.ru/vacancies/129020904: {"errors":[{"value":"captcha_required","captcha_url":"https://hh.ru/account/captcha?state=pxvcxBozfu7ry7R4QCetFmUA3SFZr_Pa4yXPQEusAiQIVW2lajVtNll6OObEQw_9kbOPkbKbHHm7t-XIJMQfyH7NuWguvTT67XPtL691ndzSaH
[2026-01-20 21:19:53,435] ERROR: Unexpected status 403 for https://api.hh.ru/vacancies/129030213: {"errors":[{"value":"captcha_required","captcha_url":"https://hh.ru/account/captcha?state=pxvcxBozfu7ry7R4QCetFmUA3SFZr_Pa4yXPQEusAiQIVW2lajVtNll6OObEQw_9kbOPkbKbHHm7t-XIJMQfyGvu5WrwTypPGJJTZYQTkpcond
[2026-01-20 21:19:53,455] ERROR: Unexpected status 403 for https://api.hh.ru/vacancies/129073906: {"errors":[{"value":"captcha_required","captcha_url":"https://hh.ru/account/captcha?state=pxvcxBozfu7ry7R4QCetFmUA3SFZr_Pa4yXPQEusAiQIVW2lajVtNll6OObEQw_9kbOPkbKbHHm7t-XIJMQfyHwrYHoQWpF1s1XDbJMHRo2Zsi
[2026-01-20 21:19:53,456] ERROR: Unexpected status 403 for https://api.hh.ru/vacancies/128917295: {"errors":[{"value":"captcha_required","captcha_url":"https://hh.ru/account/captcha?state=pxvcxBozfu7ry7R4QCetFmUA3SFZr_Pa4yXPQEusAiQIVW2lajVtNll6OObEQw_9kbOPkbKbHHm7t-XIJMQfyAOW3r-my8a4Jv1-FLrTS42dMr
[2026-01-20 21:19:53,492] ERROR: Unexpected status 403 for https://api.hh.ru/vacancies/128541528: {"errors":[{"value":"captcha_required","captcha_url":"https://hh.ru/account/captcha?state=pxvcxBozfu7ry7R4QCetFmUA3SFZr_Pa4yXPQEusAiQIVW2lajVtNll6OObEQw_9kbOPkbKbHHm7t-XIJMQfyBTEHTWq0hQv7TbX3jcQHZM770
[2026-01-20 21:19:53,509] ERROR: Unexpected status 403 for https://api.hh.ru/vacancies/129175778: {"errors":[{"value":"captcha_required","captcha_url":"https://hh.ru/account/captcha?state=pxvcxBozfu7ry7R4QCetFmUA3SFZr_Pa4yXPQEusAiQIVW2lajVtNll6OObEQw_9kbOPkbKbHHm7t-XIJMQfyL_e2dkNJrRP9A8rzGm9djvEo_
[2026-01-20 21:19:53,515] ERROR: Unexpected status 403 for https://api.hh.ru/vacancies/128988120: {"errors":[{"value":"captcha_required","captcha_url":"https://hh.ru/account/captcha?state=pxvcxBozfu7ry7R4QCetFmUA3SFZr_Pa4yXPQEusAiQIVW2lajVtNll6OObEQw_9kbOPkbKbHHm7t-XIJMQfyJ9Kx6Q4fdChVW27vkMyhabuCy
[2026-01-20 21:19:53,538] ERROR: Unexpected status 403 for https://api.hh.ru/vacancies/129262573: {"errors":[{"value":"captcha_required","captcha_url":"https://hh.ru/account/captcha?state=pxvcxBozfu7ry7R4QCetFmUA3SFZr_Pa4yXPQEusAiQIVW2lajVtNll6OObEQw_9kbOPkbKbHHm7t-XIJMQfyFLnuppiTjiQ9LVudIcF2I2n76
[2026-01-20 21:19:53,538] INFO: Worker 7 finished area Приволжский (Республика Марий Эл); total collected 119
[2026-01-20 21:19:53,538] INFO: Worker 7 scanning area Сотнур (7123)
[2026-01-20 21:19:53,549] ERROR: Unexpected status 403 for https://api.hh.ru/vacancies/129590802: {"errors":[{"value":"captcha_required","captcha_url":"https://hh.ru/account/captcha?state=pxvcxBozfu7ry7R4QCetFmUA3SFZr_Pa4yXPQEusAiQIVW2lajVtNll6OObEQw_9kbOPkbKbHHm7t-XIJMQfyN7icwZKdzr0geoxY_uwh5IhjX
[2026-01-20 21:19:53,550] ERROR: Unexpected status 403 for https://api.hh.ru/vacancies/129367721: {"errors":[{"value":"captcha_required","captcha_url":"https://hh.ru/account/captcha?state=pxvcxBozfu7ry7R4QCetFmUA3SFZr_Pa4yXPQEusAiQIVW2lajVtNll6OObEQw_9kbOPkbKbHHm7t-XIJMQfyMxUlXpwKY3kHia2tqCFOJSI8V
[2026-01-20 21:19:53,550] ERROR: Unexpected status 403 for https://api.hh.ru/vacancies/128467839: {"errors":[{"value":"captcha_required","captcha_url":"https://hh.ru/account/captcha?state=pxvcxBozfu7ry7R4QCetFmUA3SFZr_Pa4yXPQEusAiQIVW2lajVtNll6OObEQw_9kbOPkbKbHHm7t-XIJMQfyCD6o9ACG-hBxIjfCv8rDKB0Yi
[2026-01-20 21:19:53,557] ERROR: Unexpected status 403 for https://api.hh.ru/vacancies/129638904: {"errors":[{"value":"captcha_required","captcha_url":"https://hh.ru/account/captcha?state=pxvcxBozfu7ry7R4QCetFmUA3SFZr_Pa4yXPQEusAiQIVW2lajVtNll6OObEQw_9kbOPkbKbHHm7t-XIJMQfyFgMlWJ9PoNBa_0o3oIt3nRt6q
[2026-01-20 21:19:53,557] ERROR: Unexpected status 403 for https://api.hh.ru/vacancies/129148498: {"errors":[{"value":"captcha_required","captcha_url":"https://hh.ru/account/captcha?state=pxvcxBozfu7ry7R4QCetFmUA3SFZr_Pa4yXPQEusAiQIVW2lajVtNll6OObEQw_9kbOPkbKbHHm7t-XIJMQfyMiwD21rpD3f9Ot8hvBITniB5T
[2026-01-20 21:19:53,558] ERROR: Unexpected status 403 for https://api.hh.ru/vacancies/128714723: {"errors":[{"value":"captcha_required","captcha_url":"https://hh.ru/account/captcha?state=pxvcxBozfu7ry7R4QCetFmUA3SFZr_Pa4yXPQEusAiQIVW2lajVtNll6OObEQw_9kbOPkbKbHHm7t-XIJMQfyONKHLk5QFyqVs2ST9fKPdITZL
[2026-01-20 21:19:53,568] ERROR: Unexpected status 403 for https://api.hh.ru/vacancies/128151064: {"errors":[{"value":"captcha_required","captcha_url":"https://hh.ru/account/captcha?state=pxvcxBozfu7ry7R4QCetFmUA3SFZr_Pa4yXPQEusAiQIVW2lajVtNll6OObEQw_9kbOPkbKbHHm7t-XIJMQfyNDsU-tYMv9okhihSlvtvxNEkj
[2026-01-20 21:19:53,570] ERROR: Unexpected status 403 for https://api.hh.ru/vacancies/128174812: {"errors":[{"value":"captcha_required","captcha_url":"https://hh.ru/account/captcha?state=pxvcxBozfu7ry7R4QCetFmUA3SFZr_Pa4yXPQEusAiQIVW2lajVtNll6OObEQw_9kbOPkbKbHHm7t-XIJMQfyJdZRgwO4jZX2DMaoF95GqLwpD
[2026-01-20 21:19:53,593] ERROR: Unexpected status 403 for https://api.hh.ru/vacancies/129473829: {"errors":[{"value":"captcha_required","captcha_url":"https://hh.ru/account/captcha?state=pxvcxBozfu7ry7R4QCetFmUA3SFZr_Pa4yXPQEusAiQIVW2lajVtNll6OObEQw_9kbOPkbKbHHm7t-XIJMQfyEKlKHj6g2-SPpKyuKPPoo0ndy
[2026-01-20 21:19:53,596] ERROR: Unexpected status 403 for https://api.hh.ru/vacancies/129389445: {"errors":[{"value":"captcha_required","captcha_url":"https://hh.ru/account/captcha?state=pxvcxBozfu7ry7R4QCetFmUA3SFZr_Pa4yXPQEusAiQIVW2lajVtNll6OObEQw_9kbOPkbKbHHm7t-XIJMQfyOOSTOFSJT92uHLqhcRXkPFh7n
[2026-01-20 21:19:53,609] ERROR: Unexpected status 403 for https://api.hh.ru/vacancies/129001975: {"errors":[{"value":"captcha_required","captcha_url":"https://hh.ru/account/captcha?state=pxvcxBozfu7ry7R4QCetFmUA3SFZr_Pa4yXPQEusAiQIVW2lajVtNll6OObEQw_9kbOPkbKbHHm7t-XIJMQfyLoSycFGh3E1asftCfZYhp30OM
[2026-01-20 21:19:53,613] ERROR: Unexpected status 403 for https://api.hh.ru/vacancies/129638150: {"errors":[{"value":"captcha_required","captcha_url":"https://hh.ru/account/captcha?state=pxvcxBozfu7ry7R4QCetFmUA3SFZr_Pa4yXPQEusAiQIVW2lajVtNll6OObEQw_9kbOPkbKbHHm7t-XIJMQfyANpZM9Gr2yuGCDgiJvMt4hrIj
[2026-01-20 21:19:53,644] ERROR: Unexpected status 403 for https://api.hh.ru/vacancies/129430344: {"errors":[{"value":"captcha_required","captcha_url":"https://hh.ru/account/captcha?state=pxvcxBozfu7ry7R4QCetFmUA3SFZr_Pa4yXPQEusAiQIVW2lajVtNll6OObEQw_9kbOPkbKbHHm7t-XIJMQfyBunKv6eLUeZD0Qv9HOtggTr7w
[2026-01-20 21:19:53,667] ERROR: Unexpected status 403 for https://api.hh.ru/vacancies/129183032: {"errors":[{"value":"captcha_required","captcha_url":"https://hh.ru/account/captcha?state=pxvcxBozfu7ry7R4QCetFmUA3SFZr_Pa4yXPQEusAiQIVW2lajVtNll6OObEQw_9kbOPkbKbHHm7t-XIJMQfyHTLYpOo81ePUaHuUxIkuSJE46
[2026-01-20 21:19:53,670] ERROR: Unexpected status 403 for https://api.hh.ru/vacancies/129031099: {"errors":[{"value":"captcha_required","captcha_url":"https://hh.ru/account/captcha?state=pxvcxBozfu7ry7R4QCetFmUA3SFZr_Pa4yXPQEusAiQIVW2lajVtNll6OObEQw_9kbOPkbKbHHm7t-XIJMQfyAW1O2VIzIp2jX5RYABetdoPRw
[2026-01-20 21:19:53,683] ERROR: Unexpected status 403 for https://api.hh.ru/vacancies/129352272: {"errors":[{"value":"captcha_required","captcha_url":"https://hh.ru/account/captcha?state=pxvcxBozfu7ry7R4QCetFmUA3SFZr_Pa4yXPQEusAiQIVW2lajVtNll6OObEQw_9kbOPkbKbHHm7t-XIJMQfyMLSZoyy5s9V0yEyfaW8Lp4Ur4
[2026-01-20 21:19:53,704] ERROR: Unexpected status 403 for https://api.hh.ru/vacancies/128715954: {"errors":[{"value":"captcha_required","captcha_url":"https://hh.ru/account/captcha?state=pxvcxBozfu7ry7R4QCetFmUA3SFZr_Pa4yXPQEusAiQIVW2lajVtNll6OObEQw_9kbOPkbKbHHm7t-XIJMQfyFcuzdn6gR12OnEV4aeE3j1gks
[2026-01-20 21:19:53,711] ERROR: Unexpected status 403 for https://api.hh.ru/vacancies/129580849: {"errors":[{"value":"captcha_required","captcha_url":"https://hh.ru/account/captcha?state=pxvcxBozfu7ry7R4QCetFmUA3SFZr_Pa4yXPQEusAiQIVW2lajVtNll6OObEQw_9kbOPkbKbHHm7t-XIJMQfyKkoIM0hnk1ZX6sX56oyjIn_X2
[2026-01-20 21:19:53,711] ERROR: Unexpected status 403 for https://api.hh.ru/vacancies/129167624: {"errors":[{"value":"captcha_required","captcha_url":"https://hh.ru/account/captcha?state=pxvcxBozfu7ry7R4QCetFmUA3SFZr_Pa4yXPQEusAiQIVW2lajVtNll6OObEQw_9kbOPkbKbHHm7t-XIJMQfyJupYJoidsHzU4iqICYixadfZK
[2026-01-20 21:19:53,712] ERROR: Unexpected status 403 for https://api.hh.ru/vacancies/129565980: {"errors":[{"value":"captcha_required","captcha_url":"https://hh.ru/account/captcha?state=pxvcxBozfu7ry7R4QCetFmUA3SFZr_Pa4yXPQEusAiQIVW2lajVtNll6OObEQw_9kbOPkbKbHHm7t-XIJMQfyK3nJLK2Ix1r_xZwLznFZNPssi
[2026-01-20 21:19:53,714] ERROR: Unexpected status 403 for https://api.hh.ru/vacancies/129617316: {"errors":[{"value":"captcha_required","captcha_url":"https://hh.ru/account/captcha?state=pxvcxBozfu7ry7R4QCetFmUA3SFZr_Pa4yXPQEusAiQIVW2lajVtNll6OObEQw_9kbOPkbKbHHm7t-XIJMQfyDFZ8sdfE0ci2o7aoP9FPCwXqV
[2026-01-20 21:19:53,715] ERROR: Unexpected status 403 for https://api.hh.ru/vacancies/129434416: {"errors":[{"value":"captcha_required","captcha_url":"https://hh.ru/account/captcha?state=pxvcxBozfu7ry7R4QCetFmUA3SFZr_Pa4yXPQEusAiQIVW2lajVtNll6OObEQw_9kbOPkbKbHHm7t-XIJMQfyP3qGB_XCKmj3Edz5y9SWDwdVS
[2026-01-20 21:19:53,724] ERROR: Unexpected status 403 for https://api.hh.ru/vacancies/127791775: {"errors":[{"value":"captcha_required","captcha_url":"https://hh.ru/account/captcha?state=pxvcxBozfu7ry7R4QCetFmUA3SFZr_Pa4yXPQEusAiQIVW2lajVtNll6OObEQw_9kbOPkbKbHHm7t-XIJMQfyDU2cm1ogPmG26IVJLBz695fxt
[2026-01-20 21:19:53,728] ERROR: Unexpected status 403 for https://api.hh.ru/vacancies/129273675: {"errors":[{"value":"captcha_required","captcha_url":"https://hh.ru/account/captcha?state=pxvcxBozfu7ry7R4QCetFmUA3SFZr_Pa4yXPQEusAiQIVW2lajVtNll6OObEQw_9kbOPkbKbHHm7t-XIJMQfyEUQErsSD7mQe4X3bi_xA4927T
[2026-01-20 21:19:53,749] ERROR: Unexpected status 403 for https://api.hh.ru/vacancies/129359691: {"errors":[{"value":"captcha_required","captcha_url":"https://hh.ru/account/captcha?state=pxvcxBozfu7ry7R4QCetFmUA3SFZr_Pa4yXPQEusAiQIVW2lajVtNll6OObEQw_9kbOPkbKbHHm7t-XIJMQfyChcKx-diQUTf3AkdMkpnJhdpn
[2026-01-20 21:19:53,766] ERROR: Unexpected status 403 for https://api.hh.ru/vacancies/129448281: {"errors":[{"value":"captcha_required","captcha_url":"https://hh.ru/account/captcha?state=pxvcxBozfu7ry7R4QCetFmUA3SFZr_Pa4yXPQEusAiQIVW2lajVtNll6OObEQw_9kbOPkbKbHHm7t-XIJMQfyL7qYlybgRiXxtNLOSgMHKW0A7
[2026-01-20 21:19:53,774] ERROR: Unexpected status 403 for https://api.hh.ru/vacancies/129184111: {"errors":[{"value":"captcha_required","captcha_url":"https://hh.ru/account/captcha?state=pxvcxBozfu7ry7R4QCetFmUA3SFZr_Pa4yXPQEusAiQIVW2lajVtNll6OObEQw_9kbOPkbKbHHm7t-XIJMQfyEyFpRvHe58dYsVJpFfdPb-NTg
[2026-01-20 21:19:53,789] ERROR: Unexpected status 403 for https://api.hh.ru/vacancies/129287065: {"errors":[{"value":"captcha_required","captcha_url":"https://hh.ru/account/captcha?state=pxvcxBozfu7ry7R4QCetFmUA3SFZr_Pa4yXPQEusAiQIVW2lajVtNll6OObEQw_9kbOPkbKbHHm7t-XIJMQfyBmshCGsrLp1H2QHx3sT5lj3K5
[2026-01-20 21:19:53,791] ERROR: Unexpected status 403 for https://api.hh.ru/vacancies/129402316: {"errors":[{"value":"captcha_required","captcha_url":"https://hh.ru/account/captcha?state=pxvcxBozfu7ry7R4QCetFmUA3SFZr_Pa4yXPQEusAiQIVW2lajVtNll6OObEQw_9kbOPkbKbHHm7t-XIJMQfyIgkty5XGEU8VW5uoXRaehqab1
[2026-01-20 21:19:53,800] ERROR: Unexpected status 403 for https://api.hh.ru/vacancies/129472855: {"errors":[{"value":"captcha_required","captcha_url":"https://hh.ru/account/captcha?state=pxvcxBozfu7ry7R4QCetFmUA3SFZr_Pa4yXPQEusAiQIVW2lajVtNll6OObEQw_9kbOPkbKbHHm7t-XIJMQfyFrA7QOp9KRN4O2SLFUT95FMjg
[2026-01-20 21:19:53,803] ERROR: Unexpected status 403 for https://api.hh.ru/vacancies/128678265: {"errors":[{"value":"captcha_required","captcha_url":"https://hh.ru/account/captcha?state=pxvcxBozfu7ry7R4QCetFmUA3SFZr_Pa4yXPQEusAiQIVW2lajVtNll6OObEQw_9kbOPkbKbHHm7t-XIJMQfyNGsyssLHCXxb0QJtRjV1oiKb8
[2026-01-20 21:19:53,809] ERROR: Unexpected status 403 for https://api.hh.ru/vacancies/129400433: {"errors":[{"value":"captcha_required","captcha_url":"https://hh.ru/account/captcha?state=pxvcxBozfu7ry7R4QCetFmUA3SFZr_Pa4yXPQEusAiQIVW2lajVtNll6OObEQw_9kbOPkbKbHHm7t-XIJMQfyL5z300BM4c11_Xj_vJizjDgyz
[2026-01-20 21:19:53,813] ERROR: Unexpected status 403 for https://api.hh.ru/vacancies/129423531: {"errors":[{"value":"captcha_required","captcha_url":"https://hh.ru/account/captcha?state=pxvcxBozfu7ry7R4QCetFmUA3SFZr_Pa4yXPQEusAiQIVW2lajVtNll6OObEQw_9kbOPkbKbHHm7t-XIJMQfyCtL19s9yysBUZnBjqx5Kb-Dlm
[2026-01-20 21:19:53,816] ERROR: Unexpected status 403 for https://api.hh.ru/vacancies/129414102: {"errors":[{"value":"captcha_required","captcha_url":"https://hh.ru/account/captcha?state=pxvcxBozfu7ry7R4QCetFmUA3SFZr_Pa4yXPQEusAiQIVW2lajVtNll6OObEQw_9kbOPkbKbHHm7t-XIJMQfyJcIS3txuAZX8htciYYowoLrVB
[2026-01-20 21:19:53,825] ERROR: Unexpected status 403 for https://api.hh.ru/vacancies/129654363: {"errors":[{"value":"captcha_required","captcha_url":"https://hh.ru/account/captcha?state=pxvcxBozfu7ry7R4QCetFmUA3SFZr_Pa4yXPQEusAiQIVW2lajVtNll6OObEQw_9kbOPkbKbHHm7t-XIJMQfyNpk81bksfUP0uoT9Y_l8zYbiy
[2026-01-20 21:19:53,893] ERROR: Unexpected status 403 for https://api.hh.ru/vacancies/129033194: {"errors":[{"value":"captcha_required","captcha_url":"https://hh.ru/account/captcha?state=pxvcxBozfu7ry7R4QCetFmUA3SFZr_Pa4yXPQEusAiQIVW2lajVtNll6OObEQw_9kbOPkbKbHHm7t-XIJMQfyE9GtjjCzi5pzyNin4BX0DZoSK
[2026-01-20 21:19:53,893] ERROR: Unexpected status 403 for https://api.hh.ru/vacancies/129474115: {"errors":[{"value":"captcha_required","captcha_url":"https://hh.ru/account/captcha?state=pxvcxBozfu7ry7R4QCetFmUA3SFZr_Pa4yXPQEusAiQIVW2lajVtNll6OObEQw_9kbOPkbKbHHm7t-XIJMQfyJSpAi3gXJu2g_Eb0LxZ_I7-bU
[2026-01-20 21:19:53,893] ERROR: Unexpected status 403 for https://api.hh.ru/vacancies/129395608: {"errors":[{"value":"captcha_required","captcha_url":"https://hh.ru/account/captcha?state=pxvcxBozfu7ry7R4QCetFmUA3SFZr_Pa4yXPQEusAiQIVW2lajVtNll6OObEQw_9kbOPkbKbHHm7t-XIJMQfyK4PZdDf_hcZ0PF_KO5WGLmxxH
[2026-01-20 21:19:53,894] ERROR: Unexpected status 403 for https://api.hh.ru/vacancies/129281908: {"errors":[{"value":"captcha_required","captcha_url":"https://hh.ru/account/captcha?state=pxvcxBozfu7ry7R4QCetFmUA3SFZr_Pa4yXPQEusAiQIVW2lajVtNll6OObEQw_9kbOPkbKbHHm7t-XIJMQfyK1ui1M47RzuaPlR6lQtyhjPmm
[2026-01-20 21:19:53,894] ERROR: Unexpected status 403 for https://api.hh.ru/vacancies/129334562: {"errors":[{"value":"captcha_required","captcha_url":"https://hh.ru/account/captcha?state=pxvcxBozfu7ry7R4QCetFmUA3SFZr_Pa4yXPQEusAiQIVW2lajVtNll6OObEQw_9kbOPkbKbHHm7t-XIJMQfyBtpcSslT9jitnHCdg568NNyYO
[2026-01-20 21:19:53,895] ERROR: Unexpected status 403 for https://api.hh.ru/vacancies/129374347: {"errors":[{"value":"captcha_required","captcha_url":"https://hh.ru/account/captcha?state=pxvcxBozfu7ry7R4QCetFmUA3SFZr_Pa4yXPQEusAiQIVW2lajVtNll6OObEQw_9kbOPkbKbHHm7t-XIJMQfyGCf9FT4FSYsxaAQFqkTl7HeAq
[2026-01-20 21:19:53,896] ERROR: Unexpected status 403 for https://api.hh.ru/vacancies/129618494: {"errors":[{"value":"captcha_required","captcha_url":"https://hh.ru/account/captcha?state=pxvcxBozfu7ry7R4QCetFmUA3SFZr_Pa4yXPQEusAiQIVW2lajVtNll6OObEQw_9kbOPkbKbHHm7t-XIJMQfyD_R1xqikyySsFLQLOBwWml3xP
[2026-01-20 21:19:53,904] ERROR: Unexpected status 403 for https://api.hh.ru/vacancies/129184343: {"errors":[{"value":"captcha_required","captcha_url":"https://hh.ru/account/captcha?state=pxvcxBozfu7ry7R4QCetFmUA3SFZr_Pa4yXPQEusAiQIVW2lajVtNll6OObEQw_9kbOPkbKbHHm7t-XIJMQfyNmGDAU7iGqUhfa9OHoxO5-O6i
[2026-01-20 21:19:53,914] ERROR: Unexpected status 403 for https://api.hh.ru/vacancies/129397796: {"errors":[{"value":"captcha_required","captcha_url":"https://hh.ru/account/captcha?state=pxvcxBozfu7ry7R4QCetFmUA3SFZr_Pa4yXPQEusAiQIVW2lajVtNll6OObEQw_9kbOPkbKbHHm7t-XIJMQfyD-Q1xq_eXgOSP8TQZ3FDlukzZ
[2026-01-20 21:19:53,926] ERROR: Unexpected status 403 for https://api.hh.ru/vacancies/127358517: {"errors":[{"value":"captcha_required","captcha_url":"https://hh.ru/account/captcha?state=pxvcxBozfu7ry7R4QCetFmUA3SFZr_Pa4yXPQEusAiQIVW2lajVtNll6OObEQw_9kbOPkbKbHHm7t-XIJMQfyCiItaNnuD_i6d3QyPnlRTHUN8
[2026-01-20 21:19:53,938] ERROR: Unexpected status 403 for https://api.hh.ru/vacancies/129553163: {"errors":[{"value":"captcha_required","captcha_url":"https://hh.ru/account/captcha?state=pxvcxBozfu7ry7R4QCetFmUA3SFZr_Pa4yXPQEusAiQIVW2lajVtNll6OObEQw_9kbOPkbKbHHm7t-XIJMQfyMWeKLyQoG139RjpZqeCMXF7lR
[2026-01-20 21:19:53,951] ERROR: Unexpected status 403 for https://api.hh.ru/vacancies/129252125: {"errors":[{"value":"captcha_required","captcha_url":"https://hh.ru/account/captcha?state=pxvcxBozfu7ry7R4QCetFmUA3SFZr_Pa4yXPQEusAiQIVW2lajVtNll6OObEQw_9kbOPkbKbHHm7t-XIJMQfyDnWWgop2fllBzozyfblP6Mswr
[2026-01-20 21:19:53,986] ERROR: Unexpected status 403 for https://api.hh.ru/vacancies/129144551: {"errors":[{"value":"captcha_required","captcha_url":"https://hh.ru/account/captcha?state=pxvcxBozfu7ry7R4QCetFmUA3SFZr_Pa4yXPQEusAiQIVW2lajVtNll6OObEQw_9kbOPkbKbHHm7t-XIJMQfyIYfmDv07sAOUn3j3gapdCSvW0
[2026-01-20 21:19:53,991] ERROR: Unexpected status 403 for https://api.hh.ru/vacancies/129423321: {"errors":[{"value":"captcha_required","captcha_url":"https://hh.ru/account/captcha?state=pxvcxBozfu7ry7R4QCetFmUA3SFZr_Pa4yXPQEusAiQIVW2lajVtNll6OObEQw_9kbOPkbKbHHm7t-XIJMQfyItvXXmBi1pfh32Tz21978hUx4
[2026-01-20 21:19:54,001] ERROR: Unexpected status 403 for https://api.hh.ru/vacancies/129574332: {"errors":[{"value":"captcha_required","captcha_url":"https://hh.ru/account/captcha?state=pxvcxBozfu7ry7R4QCetFmUA3SFZr_Pa4yXPQEusAiQIVW2lajVtNll6OObEQw_9kbOPkbKbHHm7t-XIJMQfyJsPbUmnPv3CpKWuxS8OGd2UWO
[2026-01-20 21:19:54,002] ERROR: Unexpected status 403 for https://api.hh.ru/vacancies/128988499: {"errors":[{"value":"captcha_required","captcha_url":"https://hh.ru/account/captcha?state=pxvcxBozfu7ry7R4QCetFmUA3SFZr_Pa4yXPQEusAiQIVW2lajVtNll6OObEQw_9kbOPkbKbHHm7t-XIJMQfyAqzm7fIVi6YilCKu4ev5f4Sf0
[2026-01-20 21:19:54,013] ERROR: Unexpected status 403 for https://api.hh.ru/vacancies/128937884: {"errors":[{"value":"captcha_required","captcha_url":"https://hh.ru/account/captcha?state=pxvcxBozfu7ry7R4QCetFmUA3SFZr_Pa4yXPQEusAiQIVW2lajVtNll6OObEQw_9kbOPkbKbHHm7t-XIJMQfyNQcTg68JYZix8QiSYn0tmu9MQ
[2026-01-20 21:19:54,017] ERROR: Unexpected status 403 for https://api.hh.ru/vacancies/129597629: {"errors":[{"value":"captcha_required","captcha_url":"https://hh.ru/account/captcha?state=pxvcxBozfu7ry7R4QCetFmUA3SFZr_Pa4yXPQEusAiQIVW2lajVtNll6OObEQw_9kbOPkbKbHHm7t-XIJMQfyCSKmrPdyLN3iBO7d-41eh7br3
[2026-01-20 21:19:54,025] ERROR: Unexpected status 403 for https://api.hh.ru/vacancies/129311478: {"errors":[{"value":"captcha_required","captcha_url":"https://hh.ru/account/captcha?state=pxvcxBozfu7ry7R4QCetFmUA3SFZr_Pa4yXPQEusAiQIVW2lajVtNll6OObEQw_9kbOPkbKbHHm7t-XIJMQfyEqyjAs3Y9sUwRbFLUsKZomADP
[2026-01-20 21:19:54,026] ERROR: Unexpected status 403 for https://api.hh.ru/vacancies/129362507: {"errors":[{"value":"captcha_required","captcha_url":"https://hh.ru/account/captcha?state=pxvcxBozfu7ry7R4QCetFmUA3SFZr_Pa4yXPQEusAiQIVW2lajVtNll6OObEQw_9kbOPkbKbHHm7t-XIJMQfyOlvjXA_SKStzUYBJq4_blunPz
[2026-01-20 21:19:54,031] ERROR: Unexpected status 403 for https://api.hh.ru/vacancies/129027920: {"errors":[{"value":"captcha_required","captcha_url":"https://hh.ru/account/captcha?state=pxvcxBozfu7ry7R4QCetFmUA3SFZr_Pa4yXPQEusAiQIVW2lajVtNll6OObEQw_9kbOPkbKbHHm7t-XIJMQfyGil4_ULH_6czWNMVDu1FUUyjj
[2026-01-20 21:19:54,036] ERROR: Unexpected status 403 for https://api.hh.ru/vacancies/129286221: {"errors":[{"value":"captcha_required","captcha_url":"https://hh.ru/account/captcha?state=pxvcxBozfu7ry7R4QCetFmUA3SFZr_Pa4yXPQEusAiQIVW2lajVtNll6OObEQw_9kbOPkbKbHHm7t-XIJMQfyNw6RpoPzZEynGG-7z2F1nmMH7
[2026-01-20 21:19:54,038] ERROR: Unexpected status 403 for https://api.hh.ru/vacancies/127764027: {"errors":[{"value":"captcha_required","captcha_url":"https://hh.ru/account/captcha?state=pxvcxBozfu7ry7R4QCetFmUA3SFZr_Pa4yXPQEusAiQIVW2lajVtNll6OObEQw_9kbOPkbKbHHm7t-XIJMQfyDaD_TscKY11BfmT9N6lseM0jp
[2026-01-20 21:19:54,058] ERROR: Unexpected status 403 for https://api.hh.ru/vacancies/129577068: {"errors":[{"value":"captcha_required","captcha_url":"https://hh.ru/account/captcha?state=pxvcxBozfu7ry7R4QCetFmUA3SFZr_Pa4yXPQEusAiQIVW2lajVtNll6OObEQw_9kbOPkbKbHHm7t-XIJMQfyOLDZnnCrL1VN0pfyBzJM9Y9Tw
[2026-01-20 21:19:54,058] ERROR: Unexpected status 403 for https://api.hh.ru/vacancies/128300896: {"errors":[{"value":"captcha_required","captcha_url":"https://hh.ru/account/captcha?state=pxvcxBozfu7ry7R4QCetFmUA3SFZr_Pa4yXPQEusAiQIVW2lajVtNll6OObEQw_9kbOPkbKbHHm7t-XIJMQfyKyRv9gSqn2SD2r9AsmoYP1U-L
[2026-01-20 21:19:54,086] ERROR: Unexpected status 403 for https://api.hh.ru/vacancies/129502982: {"errors":[{"value":"captcha_required","captcha_url":"https://hh.ru/account/captcha?state=pxvcxBozfu7ry7R4QCetFmUA3SFZr_Pa4yXPQEusAiQIVW2lajVtNll6OObEQw_9kbOPkbKbHHm7t-XIJMQfyAe27NIpRrc3G81utti3fXHupZ
[2026-01-20 21:19:54,115] ERROR: Unexpected status 403 for https://api.hh.ru/vacancies/129388768: {"errors":[{"value":"captcha_required","captcha_url":"https://hh.ru/account/captcha?state=pxvcxBozfu7ry7R4QCetFmUA3SFZr_Pa4yXPQEusAiQIVW2lajVtNll6OObEQw_9kbOPkbKbHHm7t-XIJMQfyLqpq7NQKyhW3Z48UEQsLZPQMJ
[2026-01-20 21:19:54,119] ERROR: Unexpected status 403 for https://api.hh.ru/vacancies/129276798: {"errors":[{"value":"captcha_required","captcha_url":"https://hh.ru/account/captcha?state=pxvcxBozfu7ry7R4QCetFmUA3SFZr_Pa4yXPQEusAiQIVW2lajVtNll6OObEQw_9kbOPkbKbHHm7t-XIJMQfyBdeqHNT7KeYCInHnV7jUdUCGd
[2026-01-20 21:19:54,129] ERROR: Unexpected status 403 for https://api.hh.ru/vacancies/129179917: {"errors":[{"value":"captcha_required","captcha_url":"https://hh.ru/account/captcha?state=pxvcxBozfu7ry7R4QCetFmUA3SFZr_Pa4yXPQEusAiQIVW2lajVtNll6OObEQw_9kbOPkbKbHHm7t-XIJMQfyAhRGMtyYEHOyCJSKuhgvlwxr5
[2026-01-20 21:19:54,142] ERROR: Unexpected status 403 for https://api.hh.ru/vacancies/128978307: {"errors":[{"value":"captcha_required","captcha_url":"https://hh.ru/account/captcha?state=pxvcxBozfu7ry7R4QCetFmUA3SFZr_Pa4yXPQEusAiQIVW2lajVtNll6OObEQw_9kbOPkbKbHHm7t-XIJMQfyAqe4FySNelQwL00m46gCcG8um
[2026-01-20 21:19:54,161] ERROR: Unexpected status 403 for https://api.hh.ru/vacancies/129271566: {"errors":[{"value":"captcha_required","captcha_url":"https://hh.ru/account/captcha?state=pxvcxBozfu7ry7R4QCetFmUA3SFZr_Pa4yXPQEusAiQIVW2lajVtNll6OObEQw_9kbOPkbKbHHm7t-XIJMQfyEGt222JtEU1g-GcGbnMakUJrN
[2026-01-20 21:19:54,169] ERROR: Unexpected status 403 for https://api.hh.ru/vacancies/129284444: {"errors":[{"value":"captcha_required","captcha_url":"https://hh.ru/account/captcha?state=pxvcxBozfu7ry7R4QCetFmUA3SFZr_Pa4yXPQEusAiQIVW2lajVtNll6OObEQw_9kbOPkbKbHHm7t-XIJMQfyIpehfGiipcoe-0p4nIWxlQXLG
[2026-01-20 21:19:54,175] ERROR: Unexpected status 403 for https://api.hh.ru/vacancies/128954895: {"errors":[{"value":"captcha_required","captcha_url":"https://hh.ru/account/captcha?state=pxvcxBozfu7ry7R4QCetFmUA3SFZr_Pa4yXPQEusAiQIVW2lajVtNll6OObEQw_9kbOPkbKbHHm7t-XIJMQfyEpuMLbAUN6rCKNiZw3QDlFSkA
[2026-01-20 21:19:54,184] ERROR: Unexpected status 403 for https://api.hh.ru/vacancies/129577210: {"errors":[{"value":"captcha_required","captcha_url":"https://hh.ru/account/captcha?state=pxvcxBozfu7ry7R4QCetFmUA3SFZr_Pa4yXPQEusAiQIVW2lajVtNll6OObEQw_9kbOPkbKbHHm7t-XIJMQfyA5kEBms0PdbyxPZ19mfZ3yvGP
[2026-01-20 21:19:54,186] ERROR: Unexpected status 403 for https://api.hh.ru/vacancies/129647290: {"errors":[{"value":"captcha_required","captcha_url":"https://hh.ru/account/captcha?state=pxvcxBozfu7ry7R4QCetFmUA3SFZr_Pa4yXPQEusAiQIVW2lajVtNll6OObEQw_9kbOPkbKbHHm7t-XIJMQfyB2Nuh9KMtIkZp74zZ-8GFxN6p
[2026-01-20 21:19:54,189] ERROR: Unexpected status 403 for https://api.hh.ru/vacancies/129450474: {"errors":[{"value":"captcha_required","captcha_url":"https://hh.ru/account/captcha?state=pxvcxBozfu7ry7R4QCetFmUA3SFZr_Pa4yXPQEusAiQIVW2lajVtNll6OObEQw_9kbOPkbKbHHm7t-XIJMQfyGxR_vilidZfZ6VwbgIWzhR7JK
[2026-01-20 21:19:54,219] ERROR: Unexpected status 403 for https://api.hh.ru/vacancies/129597066: {"errors":[{"value":"captcha_required","captcha_url":"https://hh.ru/account/captcha?state=pxvcxBozfu7ry7R4QCetFmUA3SFZr_Pa4yXPQEusAiQIVW2lajVtNll6OObEQw_9kbOPkbKbHHm7t-XIJMQfyHObGFlRQLzyzY_4qPeN284KTa
[2026-01-20 21:19:54,222] ERROR: Unexpected status 403 for https://api.hh.ru/vacancies/129180573: {"errors":[{"value":"captcha_required","captcha_url":"https://hh.ru/account/captcha?state=pxvcxBozfu7ry7R4QCetFmUA3SFZr_Pa4yXPQEusAiQIVW2lajVtNll6OObEQw_9kbOPkbKbHHm7t-XIJMQfyJwgFxGuNd7l8xnwroo1e_T-Xu
[2026-01-20 21:19:54,234] ERROR: Unexpected status 403 for https://api.hh.ru/vacancies/129346458: {"errors":[{"value":"captcha_required","captcha_url":"https://hh.ru/account/captcha?state=pxvcxBozfu7ry7R4QCetFmUA3SFZr_Pa4yXPQEusAiQIVW2lajVtNll6OObEQw_9kbOPkbKbHHm7t-XIJMQfyIeKY0F5USRIhQhrV6RcIL8lz6
[2026-01-20 21:19:54,234] ERROR: Unexpected status 403 for https://api.hh.ru/vacancies/129286221: {"errors":[{"value":"captcha_required","captcha_url":"https://hh.ru/account/captcha?state=pxvcxBozfu7ry7R4QCetFmUA3SFZr_Pa4yXPQEusAiQIVW2lajVtNll6OObEQw_9kbOPkbKbHHm7t-XIJMQfyNw6RpoPzZEynGG-7z2F1nmRDa
[2026-01-20 21:19:54,243] ERROR: Unexpected status 403 for https://api.hh.ru/vacancies/129319589: {"errors":[{"value":"captcha_required","captcha_url":"https://hh.ru/account/captcha?state=pxvcxBozfu7ry7R4QCetFmUA3SFZr_Pa4yXPQEusAiQIVW2lajVtNll6OObEQw_9kbOPkbKbHHm7t-XIJMQfyBtcDpxAegPV4DKOUMclMiSZ_H
[2026-01-20 21:19:54,253] ERROR: Unexpected status 403 for https://api.hh.ru/vacancies/122464695: {"errors":[{"value":"captcha_required","captcha_url":"https://hh.ru/account/captcha?state=pxvcxBozfu7ry7R4QCetFmUA3SFZr_Pa4yXPQEusAiQIVW2lajVtNll6OObEQw_9kbOPkbKbHHm7t-XIJMQfyJ3y4ptO7DPztZA33onP1eO2iL
[2026-01-20 21:19:54,262] INFO: Worker 5 finished area Силикатный; total collected 119
[2026-01-20 21:19:54,262] INFO: Worker 5 scanning area Сурок (7113)
[2026-01-20 21:19:54,273] ERROR: Unexpected status 403 for https://api.hh.ru/vacancies/128700949: {"errors":[{"value":"captcha_required","captcha_url":"https://hh.ru/account/captcha?state=pxvcxBozfu7ry7R4QCetFmUA3SFZr_Pa4yXPQEusAiQIVW2lajVtNll6OObEQw_9kbOPkbKbHHm7t-XIJMQfyBdIaVIdGvg4x3wZmaS9FOZP2g
[2026-01-20 21:19:54,275] ERROR: Unexpected status 403 for https://api.hh.ru/vacancies/128685907: {"errors":[{"value":"captcha_required","captcha_url":"https://hh.ru/account/captcha?state=pxvcxBozfu7ry7R4QCetFmUA3SFZr_Pa4yXPQEusAiQIVW2lajVtNll6OObEQw_9kbOPkbKbHHm7t-XIJMQfyKh3M-lqdUl3rzNa4wC05qMK0h
[2026-01-20 21:19:54,295] ERROR: Unexpected status 403 for https://api.hh.ru/vacancies/129481557: {"errors":[{"value":"captcha_required","captcha_url":"https://hh.ru/account/captcha?state=pxvcxBozfu7ry7R4QCetFmUA3SFZr_Pa4yXPQEusAiQIVW2lajVtNll6OObEQw_9kbOPkbKbHHm7t-XIJMQfyAamcHgzid9zNIDOCPbg4a48En
[2026-01-20 21:19:54,295] ERROR: Unexpected status 403 for https://api.hh.ru/vacancies/120621411: {"errors":[{"value":"captcha_required","captcha_url":"https://hh.ru/account/captcha?state=pxvcxBozfu7ry7R4QCetFmUA3SFZr_Pa4yXPQEusAiQIVW2lajVtNll6OObEQw_9kbOPkbKbHHm7t-XIJMQfyKb5OxDLRsCA-Uj3JxLHjqxhuF
[2026-01-20 21:19:54,333] ERROR: Unexpected status 403 for https://api.hh.ru/vacancies/129155928: {"errors":[{"value":"captcha_required","captcha_url":"https://hh.ru/account/captcha?state=pxvcxBozfu7ry7R4QCetFmUA3SFZr_Pa4yXPQEusAiQIVW2lajVtNll6OObEQw_9kbOPkbKbHHm7t-XIJMQfyOK9ANSG1AxoCsnPqbnNze6OZu
[2026-01-20 21:19:54,335] ERROR: Unexpected status 403 for https://api.hh.ru/vacancies/124439629: {"errors":[{"value":"captcha_required","captcha_url":"https://hh.ru/account/captcha?state=pxvcxBozfu7ry7R4QCetFmUA3SFZr_Pa4yXPQEusAiQIVW2lajVtNll6OObEQw_9kbOPkbKbHHm7t-XIJMQfyFZgJ5vL55-YmTMLRbcicIfREc
[2026-01-20 21:19:54,336] ERROR: Unexpected status 403 for https://api.hh.ru/vacancies/129465157: {"errors":[{"value":"captcha_required","captcha_url":"https://hh.ru/account/captcha?state=pxvcxBozfu7ry7R4QCetFmUA3SFZr_Pa4yXPQEusAiQIVW2lajVtNll6OObEQw_9kbOPkbKbHHm7t-XIJMQfyD3ePHowXoNTtxBBT25bxXsPTE
[2026-01-20 21:19:54,337] ERROR: Unexpected status 403 for https://api.hh.ru/vacancies/129270362: {"errors":[{"value":"captcha_required","captcha_url":"https://hh.ru/account/captcha?state=pxvcxBozfu7ry7R4QCetFmUA3SFZr_Pa4yXPQEusAiQIVW2lajVtNll6OObEQw_9kbOPkbKbHHm7t-XIJMQfyJkIrzOJwczMHvu42xI6GHYllU
[2026-01-20 21:19:54,349] ERROR: Unexpected status 403 for https://api.hh.ru/vacancies/129134596: {"errors":[{"value":"captcha_required","captcha_url":"https://hh.ru/account/captcha?state=pxvcxBozfu7ry7R4QCetFmUA3SFZr_Pa4yXPQEusAiQIVW2lajVtNll6OObEQw_9kbOPkbKbHHm7t-XIJMQfyDnAZxwB9H0pPnXPi3lhLwoSY_
[2026-01-20 21:19:54,376] ERROR: Unexpected status 403 for https://api.hh.ru/vacancies/129046517: {"errors":[{"value":"captcha_required","captcha_url":"https://hh.ru/account/captcha?state=pxvcxBozfu7ry7R4QCetFmUA3SFZr_Pa4yXPQEusAiQIVW2lajVtNll6OObEQw_9kbOPkbKbHHm7t-XIJMQfyPlO7GaQudVWdwlyf0D4Zof2Yu
[2026-01-20 21:19:54,381] ERROR: Unexpected status 403 for https://api.hh.ru/vacancies/129273675: {"errors":[{"value":"captcha_required","captcha_url":"https://hh.ru/account/captcha?state=pxvcxBozfu7ry7R4QCetFmUA3SFZr_Pa4yXPQEusAiQIVW2lajVtNll6OObEQw_9kbOPkbKbHHm7t-XIJMQfyEUQErsSD7mQe4X3bi_xA4-oeI
[2026-01-20 21:19:54,385] ERROR: Unexpected status 403 for https://api.hh.ru/vacancies/129315976: {"errors":[{"value":"captcha_required","captcha_url":"https://hh.ru/account/captcha?state=pxvcxBozfu7ry7R4QCetFmUA3SFZr_Pa4yXPQEusAiQIVW2lajVtNll6OObEQw_9kbOPkbKbHHm7t-XIJMQfyAJ_pnVL1xmNfZJ9yQgB6ztxA_
[2026-01-20 21:19:54,406] ERROR: Unexpected status 403 for https://api.hh.ru/vacancies/129292908: {"errors":[{"value":"captcha_required","captcha_url":"https://hh.ru/account/captcha?state=pxvcxBozfu7ry7R4QCetFmUA3SFZr_Pa4yXPQEusAiQIVW2lajVtNll6OObEQw_9kbOPkbKbHHm7t-XIJMQfyGgPJD-BUMvgUBDZZbu82elHp6
[2026-01-20 21:19:54,424] ERROR: Unexpected status 403 for https://api.hh.ru/vacancies/129134504: {"errors":[{"value":"captcha_required","captcha_url":"https://hh.ru/account/captcha?state=pxvcxBozfu7ry7R4QCetFmUA3SFZr_Pa4yXPQEusAiQIVW2lajVtNll6OObEQw_9kbOPkbKbHHm7t-XIJMQfyMA9nVHwhAytyEZegIGypBDhOZ
[2026-01-20 21:19:54,425] ERROR: Unexpected status 403 for https://api.hh.ru/vacancies/129167624: {"errors":[{"value":"captcha_required","captcha_url":"https://hh.ru/account/captcha?state=pxvcxBozfu7ry7R4QCetFmUA3SFZr_Pa4yXPQEusAiQIVW2lajVtNll6OObEQw_9kbOPkbKbHHm7t-XIJMQfyJupYJoidsHzU4iqICYixac1De
[2026-01-20 21:19:54,434] ERROR: Unexpected status 403 for https://api.hh.ru/vacancies/129073957: {"errors":[{"value":"captcha_required","captcha_url":"https://hh.ru/account/captcha?state=pxvcxBozfu7ry7R4QCetFmUA3SFZr_Pa4yXPQEusAiQIVW2lajVtNll6OObEQw_9kbOPkbKbHHm7t-XIJMQfyBEnXaEw6AWiIXrN-Akt_IsuW3
[2026-01-20 21:19:54,435] INFO: Worker 2 finished area Семеновка (Республика Марий Эл); total collected 119
[2026-01-20 21:19:54,435] INFO: Worker 2 scanning area Суслонгер (7244)
[2026-01-20 21:19:54,435] ERROR: Unexpected status 403 for https://api.hh.ru/vacancies/129565450: {"errors":[{"value":"captcha_required","captcha_url":"https://hh.ru/account/captcha?state=pxvcxBozfu7ry7R4QCetFmUA3SFZr_Pa4yXPQEusAiQIVW2lajVtNll6OObEQw_9kbOPkbKbHHm7t-XIJMQfyJAsxJvrmH2dK8wrFKylg1n1I8
[2026-01-20 21:19:54,438] ERROR: Unexpected status 403 for https://api.hh.ru/vacancies/129423531: {"errors":[{"value":"captcha_required","captcha_url":"https://hh.ru/account/captcha?state=pxvcxBozfu7ry7R4QCetFmUA3SFZr_Pa4yXPQEusAiQIVW2lajVtNll6OObEQw_9kbOPkbKbHHm7t-XIJMQfyCtL19s9yysBUZnBjqx5Kb-I-h
[2026-01-20 21:19:54,466] ERROR: Unexpected status 403 for https://api.hh.ru/vacancies/129273644: {"errors":[{"value":"captcha_required","captcha_url":"https://hh.ru/account/captcha?state=pxvcxBozfu7ry7R4QCetFmUA3SFZr_Pa4yXPQEusAiQIVW2lajVtNll6OObEQw_9kbOPkbKbHHm7t-XIJMQfyBxulIt2D77qY2y8gsNLN8tPYm
[2026-01-20 21:19:54,467] ERROR: Unexpected status 403 for https://api.hh.ru/vacancies/129565948: {"errors":[{"value":"captcha_required","captcha_url":"https://hh.ru/account/captcha?state=pxvcxBozfu7ry7R4QCetFmUA3SFZr_Pa4yXPQEusAiQIVW2lajVtNll6OObEQw_9kbOPkbKbHHm7t-XIJMQfyJTrYrpaM6iQ0O5wAx4e4zaqWE
[2026-01-20 21:19:54,474] ERROR: Unexpected status 403 for https://api.hh.ru/vacancies/129643770: {"errors":[{"value":"captcha_required","captcha_url":"https://hh.ru/account/captcha?state=pxvcxBozfu7ry7R4QCetFmUA3SFZr_Pa4yXPQEusAiQIVW2lajVtNll6OObEQw_9kbOPkbKbHHm7t-XIJMQfyGuh4sftbZGBT-dJ2c-1p7dUlr
[2026-01-20 21:19:54,480] ERROR: Unexpected status 403 for https://api.hh.ru/vacancies/129425382: {"errors":[{"value":"captcha_required","captcha_url":"https://hh.ru/account/captcha?state=pxvcxBozfu7ry7R4QCetFmUA3SFZr_Pa4yXPQEusAiQIVW2lajVtNll6OObEQw_9kbOPkbKbHHm7t-XIJMQfyDKQlHdvXGHf1ZsSkb1_5mdPoE
[2026-01-20 21:19:54,495] ERROR: Unexpected status 403 for https://api.hh.ru/vacancies/129250367: {"errors":[{"value":"captcha_required","captcha_url":"https://hh.ru/account/captcha?state=pxvcxBozfu7ry7R4QCetFmUA3SFZr_Pa4yXPQEusAiQIVW2lajVtNll6OObEQw_9kbOPkbKbHHm7t-XIJMQfyN2HtgS9cQZTAimtgjuOAa2XNc
[2026-01-20 21:19:54,500] ERROR: Unexpected status 403 for https://api.hh.ru/vacancies/129387477: {"errors":[{"value":"captcha_required","captcha_url":"https://hh.ru/account/captcha?state=pxvcxBozfu7ry7R4QCetFmUA3SFZr_Pa4yXPQEusAiQIVW2lajVtNll6OObEQw_9kbOPkbKbHHm7t-XIJMQfyLOxn5ippmeGujLbDYPsa8oM9l
[2026-01-20 21:19:54,501] ERROR: Unexpected status 403 for https://api.hh.ru/vacancies/128693420: {"errors":[{"value":"captcha_required","captcha_url":"https://hh.ru/account/captcha?state=pxvcxBozfu7ry7R4QCetFmUA3SFZr_Pa4yXPQEusAiQIVW2lajVtNll6OObEQw_9kbOPkbKbHHm7t-XIJMQfyNb3Wf2Dq96Zyt3PjKQSVJAa2q
[2026-01-20 21:19:54,502] ERROR: Unexpected status 403 for https://api.hh.ru/vacancies/129352086: {"errors":[{"value":"captcha_required","captcha_url":"https://hh.ru/account/captcha?state=pxvcxBozfu7ry7R4QCetFmUA3SFZr_Pa4yXPQEusAiQIVW2lajVtNll6OObEQw_9kbOPkbKbHHm7t-XIJMQfyHW8Q2wocKicFw2kGVhtE4OEnP
[2026-01-20 21:19:54,507] ERROR: Unexpected status 403 for https://api.hh.ru/vacancies/129459438: {"errors":[{"value":"captcha_required","captcha_url":"https://hh.ru/account/captcha?state=pxvcxBozfu7ry7R4QCetFmUA3SFZr_Pa4yXPQEusAiQIVW2lajVtNll6OObEQw_9kbOPkbKbHHm7t-XIJMQfyIu7g3SZb1TtHJS_I2w0C66JRo
[2026-01-20 21:19:54,521] ERROR: Unexpected status 403 for https://api.hh.ru/vacancies/129360472: {"errors":[{"value":"captcha_required","captcha_url":"https://hh.ru/account/captcha?state=pxvcxBozfu7ry7R4QCetFmUA3SFZr_Pa4yXPQEusAiQIVW2lajVtNll6OObEQw_9kbOPkbKbHHm7t-XIJMQfyIWrPHpgIVkJNFo57_QTBDU1uf
[2026-01-20 21:19:54,524] ERROR: Unexpected status 403 for https://api.hh.ru/vacancies/129510200: {"errors":[{"value":"captcha_required","captcha_url":"https://hh.ru/account/captcha?state=pxvcxBozfu7ry7R4QCetFmUA3SFZr_Pa4yXPQEusAiQIVW2lajVtNll6OObEQw_9kbOPkbKbHHm7t-XIJMQfyO68rPZnm3R--JYunY5Lsy23MZ
[2026-01-20 21:19:54,547] ERROR: Unexpected status 403 for https://api.hh.ru/vacancies/129590802: {"errors":[{"value":"captcha_required","captcha_url":"https://hh.ru/account/captcha?state=pxvcxBozfu7ry7R4QCetFmUA3SFZr_Pa4yXPQEusAiQIVW2lajVtNll6OObEQw_9kbOPkbKbHHm7t-XIJMQfyN7icwZKdzr0geoxY_uwh5JB6A
[2026-01-20 21:19:54,555] ERROR: Unexpected status 403 for https://api.hh.ru/vacancies/129615132: {"errors":[{"value":"captcha_required","captcha_url":"https://hh.ru/account/captcha?state=pxvcxBozfu7ry7R4QCetFmUA3SFZr_Pa4yXPQEusAiQIVW2lajVtNll6OObEQw_9kbOPkbKbHHm7t-XIJMQfyJgHgyNwoQwrky9a8PY-Iz49s-
[2026-01-20 21:19:54,557] ERROR: Unexpected status 403 for https://api.hh.ru/vacancies/117754419: {"errors":[{"value":"captcha_required","captcha_url":"https://hh.ru/account/captcha?state=pxvcxBozfu7ry7R4QCetFmUA3SFZr_Pa4yXPQEusAiQIVW2lajVtNll6OObEQw_9kbOPkbKbHHm7t-XIJMQfyKkuY7oI8_gB9A1eZ9ZNzigyZU
[2026-01-20 21:19:54,582] ERROR: Unexpected status 403 for https://api.hh.ru/vacancies/128174812: {"errors":[{"value":"captcha_required","captcha_url":"https://hh.ru/account/captcha?state=pxvcxBozfu7ry7R4QCetFmUA3SFZr_Pa4yXPQEusAiQIVW2lajVtNll6OObEQw_9kbOPkbKbHHm7t-XIJMQfyJdZRgwO4jZX2DMaoF95GqKVWk
[2026-01-20 21:19:54,592] ERROR: Unexpected status 403 for https://api.hh.ru/vacancies/129311478: {"errors":[{"value":"captcha_required","captcha_url":"https://hh.ru/account/captcha?state=pxvcxBozfu7ry7R4QCetFmUA3SFZr_Pa4yXPQEusAiQIVW2lajVtNll6OObEQw_9kbOPkbKbHHm7t-XIJMQfyEqyjAs3Y9sUwRbFLUsKZomvqo
[2026-01-20 21:19:54,626] ERROR: Unexpected status 403 for https://api.hh.ru/vacancies/129191630: {"errors":[{"value":"captcha_required","captcha_url":"https://hh.ru/account/captcha?state=pxvcxBozfu7ry7R4QCetFmUA3SFZr_Pa4yXPQEusAiQIVW2lajVtNll6OObEQw_9kbOPkbKbHHm7t-XIJMQfyCc8pca9ClN-moqjTvFp7R4vmT
[2026-01-20 21:19:54,627] ERROR: Unexpected status 403 for https://api.hh.ru/vacancies/128988120: {"errors":[{"value":"captcha_required","captcha_url":"https://hh.ru/account/captcha?state=pxvcxBozfu7ry7R4QCetFmUA3SFZr_Pa4yXPQEusAiQIVW2lajVtNll6OObEQw_9kbOPkbKbHHm7t-XIJMQfyJ9Kx6Q4fdChVW27vkMyhabuTe
[2026-01-20 21:19:54,634] ERROR: Unexpected status 403 for https://api.hh.ru/vacancies/129197445: {"errors":[{"value":"captcha_required","captcha_url":"https://hh.ru/account/captcha?state=pxvcxBozfu7ry7R4QCetFmUA3SFZr_Pa4yXPQEusAiQIVW2lajVtNll6OObEQw_9kbOPkbKbHHm7t-XIJMQfyCsAo6qqEFwRST_M2KQuD0lxwL
[2026-01-20 21:19:54,635] ERROR: Unexpected status 403 for https://api.hh.ru/vacancies/129587994: {"errors":[{"value":"captcha_required","captcha_url":"https://hh.ru/account/captcha?state=pxvcxBozfu7ry7R4QCetFmUA3SFZr_Pa4yXPQEusAiQIVW2lajVtNll6OObEQw_9kbOPkbKbHHm7t-XIJMQfyLaMFOgmWXNmthqvKGTW_JWxT1
[2026-01-20 21:19:54,635] ERROR: Unexpected status 403 for https://api.hh.ru/vacancies/129647290: {"errors":[{"value":"captcha_required","captcha_url":"https://hh.ru/account/captcha?state=pxvcxBozfu7ry7R4QCetFmUA3SFZr_Pa4yXPQEusAiQIVW2lajVtNll6OObEQw_9kbOPkbKbHHm7t-XIJMQfyB2Nuh9KMtIkZp74zZ-8GFxlnC
[2026-01-20 21:19:54,643] ERROR: Unexpected status 403 for https://api.hh.ru/vacancies/129452422: {"errors":[{"value":"captcha_required","captcha_url":"https://hh.ru/account/captcha?state=pxvcxBozfu7ry7R4QCetFmUA3SFZr_Pa4yXPQEusAiQIVW2lajVtNll6OObEQw_9kbOPkbKbHHm7t-XIJMQfyE7UIzZNfDujFT492529fqzFkr
[2026-01-20 21:19:54,665] ERROR: Unexpected status 403 for https://api.hh.ru/vacancies/129221177: {"errors":[{"value":"captcha_required","captcha_url":"https://hh.ru/account/captcha?state=pxvcxBozfu7ry7R4QCetFmUA3SFZr_Pa4yXPQEusAiQIVW2lajVtNll6OObEQw_9kbOPkbKbHHm7t-XIJMQfyJ3QVxQ_MV89NspZOMLj8UhncP
[2026-01-20 21:19:54,668] ERROR: Unexpected status 403 for https://api.hh.ru/vacancies/129040663: {"errors":[{"value":"captcha_required","captcha_url":"https://hh.ru/account/captcha?state=pxvcxBozfu7ry7R4QCetFmUA3SFZr_Pa4yXPQEusAiQIVW2lajVtNll6OObEQw_9kbOPkbKbHHm7t-XIJMQfyCQ58_x9luB2PfvM1DC80m_rby
[2026-01-20 21:19:54,669] ERROR: Unexpected status 403 for https://api.hh.ru/vacancies/129397796: {"errors":[{"value":"captcha_required","captcha_url":"https://hh.ru/account/captcha?state=pxvcxBozfu7ry7R4QCetFmUA3SFZr_Pa4yXPQEusAiQIVW2lajVtNll6OObEQw_9kbOPkbKbHHm7t-XIJMQfyD-Q1xq_eXgOSP8TQZ3FDluMfi
[2026-01-20 21:19:54,670] ERROR: Unexpected status 403 for https://api.hh.ru/vacancies/129199661: {"errors":[{"value":"captcha_required","captcha_url":"https://hh.ru/account/captcha?state=pxvcxBozfu7ry7R4QCetFmUA3SFZr_Pa4yXPQEusAiQIVW2lajVtNll6OObEQw_9kbOPkbKbHHm7t-XIJMQfyNR5UFanGmaToHkc-1CrWclfLB
[2026-01-20 21:19:54,676] ERROR: Unexpected status 403 for https://api.hh.ru/vacancies/129495491: {"errors":[{"value":"captcha_required","captcha_url":"https://hh.ru/account/captcha?state=pxvcxBozfu7ry7R4QCetFmUA3SFZr_Pa4yXPQEusAiQIVW2lajVtNll6OObEQw_9kbOPkbKbHHm7t-XIJMQfyADmpH85HEoCNNBiYkkhNJaIvb
[2026-01-20 21:19:54,685] ERROR: Unexpected status 403 for https://api.hh.ru/vacancies/128854845: {"errors":[{"value":"captcha_required","captcha_url":"https://hh.ru/account/captcha?state=pxvcxBozfu7ry7R4QCetFmUA3SFZr_Pa4yXPQEusAiQIVW2lajVtNll6OObEQw_9kbOPkbKbHHm7t-XIJMQfyKjFNE-Pq-MscAghgXZoqNcap2
[2026-01-20 21:19:54,703] ERROR: Unexpected status 403 for https://api.hh.ru/vacancies/129423321: {"errors":[{"value":"captcha_required","captcha_url":"https://hh.ru/account/captcha?state=pxvcxBozfu7ry7R4QCetFmUA3SFZr_Pa4yXPQEusAiQIVW2lajVtNll6OObEQw_9kbOPkbKbHHm7t-XIJMQfyItvXXmBi1pfh32Tz21978jweY
[2026-01-20 21:19:54,730] ERROR: Unexpected status 403 for https://api.hh.ru/vacancies/129284444: {"errors":[{"value":"captcha_required","captcha_url":"https://hh.ru/account/captcha?state=pxvcxBozfu7ry7R4QCetFmUA3SFZr_Pa4yXPQEusAiQIVW2lajVtNll6OObEQw_9kbOPkbKbHHm7t-XIJMQfyIpehfGiipcoe-0p4nIWxlRuFk
[2026-01-20 21:19:54,737] ERROR: Unexpected status 403 for https://api.hh.ru/vacancies/129533819: {"errors":[{"value":"captcha_required","captcha_url":"https://hh.ru/account/captcha?state=pxvcxBozfu7ry7R4QCetFmUA3SFZr_Pa4yXPQEusAiQIVW2lajVtNll6OObEQw_9kbOPkbKbHHm7t-XIJMQfyEOPPRZFLzY7Sh7wGNCy5Q5XNT
[2026-01-20 21:19:54,744] ERROR: Unexpected status 403 for https://api.hh.ru/vacancies/129271566: {"errors":[{"value":"captcha_required","captcha_url":"https://hh.ru/account/captcha?state=pxvcxBozfu7ry7R4QCetFmUA3SFZr_Pa4yXPQEusAiQIVW2lajVtNll6OObEQw_9kbOPkbKbHHm7t-XIJMQfyEGt222JtEU1g-GcGbnMakUdtm
[2026-01-20 21:19:54,747] ERROR: Unexpected status 403 for https://api.hh.ru/vacancies/128954895: {"errors":[{"value":"captcha_required","captcha_url":"https://hh.ru/account/captcha?state=pxvcxBozfu7ry7R4QCetFmUA3SFZr_Pa4yXPQEusAiQIVW2lajVtNll6OObEQw_9kbOPkbKbHHm7t-XIJMQfyEpuMLbAUN6rCKNiZw3QDlH5Fx
[2026-01-20 21:19:54,751] ERROR: Unexpected status 403 for https://api.hh.ru/vacancies/129179917: {"errors":[{"value":"captcha_required","captcha_url":"https://hh.ru/account/captcha?state=pxvcxBozfu7ry7R4QCetFmUA3SFZr_Pa4yXPQEusAiQIVW2lajVtNll6OObEQw_9kbOPkbKbHHm7t-XIJMQfyAhRGMtyYEHOyCJSKuhgvlzImw
[2026-01-20 21:19:54,763] ERROR: Unexpected status 403 for https://api.hh.ru/vacancies/129402316: {"errors":[{"value":"captcha_required","captcha_url":"https://hh.ru/account/captcha?state=pxvcxBozfu7ry7R4QCetFmUA3SFZr_Pa4yXPQEusAiQIVW2lajVtNll6OObEQw_9kbOPkbKbHHm7t-XIJMQfyIgkty5XGEU8VW5uoXRaehqyU5
[2026-01-20 21:19:54,792] ERROR: Unexpected status 403 for https://api.hh.ru/vacancies/129184343: {"errors":[{"value":"captcha_required","captcha_url":"https://hh.ru/account/captcha?state=pxvcxBozfu7ry7R4QCetFmUA3SFZr_Pa4yXPQEusAiQIVW2lajVtNll6OObEQw_9kbOPkbKbHHm7t-XIJMQfyNmGDAU7iGqUhfa9OHoxO5--Di
[2026-01-20 21:19:54,797] ERROR: Unexpected status 403 for https://api.hh.ru/vacancies/129373043: {"errors":[{"value":"captcha_required","captcha_url":"https://hh.ru/account/captcha?state=pxvcxBozfu7ry7R4QCetFmUA3SFZr_Pa4yXPQEusAiQIVW2lajVtNll6OObEQw_9kbOPkbKbHHm7t-XIJMQfyJ57FsH-OZbN0slaV9MyK9oxlB
[2026-01-20 21:19:54,800] ERROR: Unexpected status 403 for https://api.hh.ru/vacancies/129388768: {"errors":[{"value":"captcha_required","captcha_url":"https://hh.ru/account/captcha?state=pxvcxBozfu7ry7R4QCetFmUA3SFZr_Pa4yXPQEusAiQIVW2lajVtNll6OObEQw_9kbOPkbKbHHm7t-XIJMQfyLqpq7NQKyhW3Z48UEQsLZMoeW
[2026-01-20 21:19:54,814] ERROR: Unexpected status 403 for https://api.hh.ru/vacancies/129367721: {"errors":[{"value":"captcha_required","captcha_url":"https://hh.ru/account/captcha?state=pxvcxBozfu7ry7R4QCetFmUA3SFZr_Pa4yXPQEusAiQIVW2lajVtNll6OObEQw_9kbOPkbKbHHm7t-XIJMQfyMxUlXpwKY3kHia2tqCFOJSsN0
[2026-01-20 21:19:54,817] ERROR: Unexpected status 403 for https://api.hh.ru/vacancies/129362507: {"errors":[{"value":"captcha_required","captcha_url":"https://hh.ru/account/captcha?state=pxvcxBozfu7ry7R4QCetFmUA3SFZr_Pa4yXPQEusAiQIVW2lajVtNll6OObEQw_9kbOPkbKbHHm7t-XIJMQfyOlvjXA_SKStzUYBJq4_blv6S2
[2026-01-20 21:19:54,822] ERROR: Unexpected status 403 for https://api.hh.ru/vacancies/129334562: {"errors":[{"value":"captcha_required","captcha_url":"https://hh.ru/account/captcha?state=pxvcxBozfu7ry7R4QCetFmUA3SFZr_Pa4yXPQEusAiQIVW2lajVtNll6OObEQw_9kbOPkbKbHHm7t-XIJMQfyBtpcSslT9jitnHCdg568NPTmr
[2026-01-20 21:19:54,827] ERROR: Unexpected status 403 for https://api.hh.ru/vacancies/129148498: {"errors":[{"value":"captcha_required","captcha_url":"https://hh.ru/account/captcha?state=pxvcxBozfu7ry7R4QCetFmUA3SFZr_Pa4yXPQEusAiQIVW2lajVtNll6OObEQw_9kbOPkbKbHHm7t-XIJMQfyMiwD21rpD3f9Ot8hvBITnhCQB
[2026-01-20 21:19:54,832] ERROR: Unexpected status 403 for https://api.hh.ru/vacancies/129638904: {"errors":[{"value":"captcha_required","captcha_url":"https://hh.ru/account/captcha?state=pxvcxBozfu7ry7R4QCetFmUA3SFZr_Pa4yXPQEusAiQIVW2lajVtNll6OObEQw_9kbOPkbKbHHm7t-XIJMQfyFgMlWJ9PoNBa_0o3oIt3nTgeg
[2026-01-20 21:19:54,837] ERROR: Unexpected status 403 for https://api.hh.ru/vacancies/129175778: {"errors":[{"value":"captcha_required","captcha_url":"https://hh.ru/account/captcha?state=pxvcxBozfu7ry7R4QCetFmUA3SFZr_Pa4yXPQEusAiQIVW2lajVtNll6OObEQw_9kbOPkbKbHHm7t-XIJMQfyL_e2dkNJrRP9A8rzGm9djuOfH
[2026-01-20 21:19:54,854] ERROR: Unexpected status 403 for https://api.hh.ru/vacancies/129252125: {"errors":[{"value":"captcha_required","captcha_url":"https://hh.ru/account/captcha?state=pxvcxBozfu7ry7R4QCetFmUA3SFZr_Pa4yXPQEusAiQIVW2lajVtNll6OObEQw_9kbOPkbKbHHm7t-XIJMQfyDnWWgop2fllBzozyfblP6MdE9
[2026-01-20 21:19:54,858] ERROR: Unexpected status 403 for https://api.hh.ru/vacancies/122464695: {"errors":[{"value":"captcha_required","captcha_url":"https://hh.ru/account/captcha?state=pxvcxBozfu7ry7R4QCetFmUA3SFZr_Pa4yXPQEusAiQIVW2lajVtNll6OObEQw_9kbOPkbKbHHm7t-XIJMQfyJ3y4ptO7DPztZA33onP1eMugo
[2026-01-20 21:19:54,867] ERROR: Unexpected status 403 for https://api.hh.ru/vacancies/129565980: {"errors":[{"value":"captcha_required","captcha_url":"https://hh.ru/account/captcha?state=pxvcxBozfu7ry7R4QCetFmUA3SFZr_Pa4yXPQEusAiQIVW2lajVtNll6OObEQw_9kbOPkbKbHHm7t-XIJMQfyK3nJLK2Ix1r_xZwLznFZNNz0k
[2026-01-20 21:19:54,888] ERROR: Unexpected status 403 for https://api.hh.ru/vacancies/129560402: {"errors":[{"value":"captcha_required","captcha_url":"https://hh.ru/account/captcha?state=pxvcxBozfu7ry7R4QCetFmUA3SFZr_Pa4yXPQEusAiQIVW2lajVtNll6OObEQw_9kbOPkbKbHHm7t-XIJMQfyNk3YAfb_98aAJG3mFJ1OJpF2N
[2026-01-20 21:19:54,911] ERROR: Unexpected status 403 for https://api.hh.ru/vacancies/129001975: {"errors":[{"value":"captcha_required","captcha_url":"https://hh.ru/account/captcha?state=pxvcxBozfu7ry7R4QCetFmUA3SFZr_Pa4yXPQEusAiQIVW2lajVtNll6OObEQw_9kbOPkbKbHHm7t-XIJMQfyLoSycFGh3E1asftCfZYhp1N7r
[2026-01-20 21:19:54,933] ERROR: Unexpected status 403 for https://api.hh.ru/vacancies/127358517: {"errors":[{"value":"captcha_required","captcha_url":"https://hh.ru/account/captcha?state=pxvcxBozfu7ry7R4QCetFmUA3SFZr_Pa4yXPQEusAiQIVW2lajVtNll6OObEQw_9kbOPkbKbHHm7t-XIJMQfyCiItaNnuD_i6d3QyPnlRTFp8z
[2026-01-20 21:19:54,940] ERROR: Unexpected status 403 for https://api.hh.ru/vacancies/129191630: {"errors":[{"value":"captcha_required","captcha_url":"https://hh.ru/account/captcha?state=pxvcxBozfu7ry7R4QCetFmUA3SFZr_Pa4yXPQEusAiQIVW2lajVtNll6OObEQw_9kbOPkbKbHHm7t-XIJMQfyCc8pca9ClN-moqjTvFp7R6578
[2026-01-20 21:19:54,945] ERROR: Unexpected status 403 for https://api.hh.ru/vacancies/109474005: {"errors":[{"value":"captcha_required","captcha_url":"https://hh.ru/account/captcha?state=pxvcxBozfu7ry7R4QCetFmUA3SFZr_Pa4yXPQEusAiQIVW2lajVtNll6OObEQw_9kbOPkbKbHHm7t-XIJMQfyCujx1T7rgmZh4L5Ksdi2M3vQw
[2026-01-20 21:19:54,945] ERROR: Unexpected status 403 for https://api.hh.ru/vacancies/129414102: {"errors":[{"value":"captcha_required","captcha_url":"https://hh.ru/account/captcha?state=pxvcxBozfu7ry7R4QCetFmUA3SFZr_Pa4yXPQEusAiQIVW2lajVtNll6OObEQw_9kbOPkbKbHHm7t-XIJMQfyJcIS3txuAZX8htciYYowoIgox
[2026-01-20 21:19:54,963] ERROR: Unexpected status 403 for https://api.hh.ru/vacancies/129641784: {"errors":[{"value":"captcha_required","captcha_url":"https://hh.ru/account/captcha?state=pxvcxBozfu7ry7R4QCetFmUA3SFZr_Pa4yXPQEusAiQIVW2lajVtNll6OObEQw_9kbOPkbKbHHm7t-XIJMQfyDFlkS-H6HEdICBteSBJO79YeV
[2026-01-20 21:19:54,985] ERROR: Unexpected status 403 for https://api.hh.ru/vacancies/129472855: {"errors":[{"value":"captcha_required","captcha_url":"https://hh.ru/account/captcha?state=pxvcxBozfu7ry7R4QCetFmUA3SFZr_Pa4yXPQEusAiQIVW2lajVtNll6OObEQw_9kbOPkbKbHHm7t-XIJMQfyFrA7QOp9KRN4O2SLFUT95EBVH
[2026-01-20 21:19:54,994] ERROR: Unexpected status 403 for https://api.hh.ru/vacancies/129364658: {"errors":[{"value":"captcha_required","captcha_url":"https://hh.ru/account/captcha?state=pxvcxBozfu7ry7R4QCetFmUA3SFZr_Pa4yXPQEusAiQIVW2lajVtNll6OObEQw_9kbOPkbKbHHm7t-XIJMQfyBAac1tr9dhTaTy8_dl1pkI29L
[2026-01-20 21:19:55,004] ERROR: Unexpected status 403 for https://api.hh.ru/vacancies/129474115: {"errors":[{"value":"captcha_required","captcha_url":"https://hh.ru/account/captcha?state=pxvcxBozfu7ry7R4QCetFmUA3SFZr_Pa4yXPQEusAiQIVW2lajVtNll6OObEQw_9kbOPkbKbHHm7t-XIJMQfyJSpAi3gXJu2g_Eb0LxZ_I6UKY
[2026-01-20 21:19:55,006] ERROR: Unexpected status 403 for https://api.hh.ru/vacancies/128036259: {"errors":[{"value":"captcha_required","captcha_url":"https://hh.ru/account/captcha?state=pxvcxBozfu7ry7R4QCetFmUA3SFZr_Pa4yXPQEusAiQIVW2lajVtNll6OObEQw_9kbOPkbKbHHm7t-XIJMQfyIEZjYon5wTtepe9J2gVfzjiQr
[2026-01-20 21:19:55,014] ERROR: Unexpected status 403 for https://api.hh.ru/vacancies/128632771: {"errors":[{"value":"captcha_required","captcha_url":"https://hh.ru/account/captcha?state=pxvcxBozfu7ry7R4QCetFmUA3SFZr_Pa4yXPQEusAiQIVW2lajVtNll6OObEQw_9kbOPkbKbHHm7t-XIJMQfyJ7OFmCiVjP9nmF929lBzDE6mV
[2026-01-20 21:19:55,015] ERROR: Unexpected status 403 for https://api.hh.ru/vacancies/129654363: {"errors":[{"value":"captcha_required","captcha_url":"https://hh.ru/account/captcha?state=pxvcxBozfu7ry7R4QCetFmUA3SFZr_Pa4yXPQEusAiQIVW2lajVtNll6OObEQw_9kbOPkbKbHHm7t-XIJMQfyNpk81bksfUP0uoT9Y_l8zYLFJ
[2026-01-20 21:19:55,020] INFO: Worker 7 finished area Сотнур; total collected 119
[2026-01-20 21:19:55,020] INFO: Worker 7 scanning area Шелангер (11883)
[2026-01-20 21:19:55,025] ERROR: Unexpected status 403 for https://api.hh.ru/vacancies/129395608: {"errors":[{"value":"captcha_required","captcha_url":"https://hh.ru/account/captcha?state=pxvcxBozfu7ry7R4QCetFmUA3SFZr_Pa4yXPQEusAiQIVW2lajVtNll6OObEQw_9kbOPkbKbHHm7t-XIJMQfyK4PZdDf_hcZ0PF_KO5WGLlbw3
[2026-01-20 21:19:55,037] ERROR: Unexpected status 403 for https://api.hh.ru/vacancies/129183032: {"errors":[{"value":"captcha_required","captcha_url":"https://hh.ru/account/captcha?state=pxvcxBozfu7ry7R4QCetFmUA3SFZr_Pa4yXPQEusAiQIVW2lajVtNll6OObEQw_9kbOPkbKbHHm7t-XIJMQfyHTLYpOo81ePUaHuUxIkuSJPtk
[2026-01-20 21:19:55,060] ERROR: Unexpected status 403 for https://api.hh.ru/vacancies/129580849: {"errors":[{"value":"captcha_required","captcha_url":"https://hh.ru/account/captcha?state=pxvcxBozfu7ry7R4QCetFmUA3SFZr_Pa4yXPQEusAiQIVW2lajVtNll6OObEQw_9kbOPkbKbHHm7t-XIJMQfyKkoIM0hnk1ZX6sX56oyjIkVCc
[2026-01-20 21:19:55,062] ERROR: Unexpected status 403 for https://api.hh.ru/vacancies/129434416: {"errors":[{"value":"captcha_required","captcha_url":"https://hh.ru/account/captcha?state=pxvcxBozfu7ry7R4QCetFmUA3SFZr_Pa4yXPQEusAiQIVW2lajVtNll6OObEQw_9kbOPkbKbHHm7t-XIJMQfyP3qGB_XCKmj3Edz5y9SWDzQbW
[2026-01-20 21:19:55,077] ERROR: Unexpected status 403 for https://api.hh.ru/vacancies/129402453: {"errors":[{"value":"captcha_required","captcha_url":"https://hh.ru/account/captcha?state=pxvcxBozfu7ry7R4QCetFmUA3SFZr_Pa4yXPQEusAiQIVW2lajVtNll6OObEQw_9kbOPkbKbHHm7t-XIJMQfyBI0u8R69tLbDXB-18u7dbrPRc
[2026-01-20 21:19:55,082] ERROR: Unexpected status 403 for https://api.hh.ru/vacancies/129654260: {"errors":[{"value":"captcha_required","captcha_url":"https://hh.ru/account/captcha?state=pxvcxBozfu7ry7R4QCetFmUA3SFZr_Pa4yXPQEusAiQIVW2lajVtNll6OObEQw_9kbOPkbKbHHm7t-XIJMQfyEpEmn6c5r0DlphrZhTW-uAztE
[2026-01-20 21:19:55,087] ERROR: Unexpected status 403 for https://api.hh.ru/vacancies/129388799: {"errors":[{"value":"captcha_required","captcha_url":"https://hh.ru/account/captcha?state=pxvcxBozfu7ry7R4QCetFmUA3SFZr_Pa4yXPQEusAiQIVW2lajVtNll6OObEQw_9kbOPkbKbHHm7t-XIJMQfyByreLDmMNDZZxa4E0khqgDghd
[2026-01-20 21:19:55,088] ERROR: Unexpected status 403 for https://api.hh.ru/vacancies/129481557: {"errors":[{"value":"captcha_required","captcha_url":"https://hh.ru/account/captcha?state=pxvcxBozfu7ry7R4QCetFmUA3SFZr_Pa4yXPQEusAiQIVW2lajVtNll6OObEQw_9kbOPkbKbHHm7t-XIJMQfyAamcHgzid9zNIDOCPbg4a4uYw
[2026-01-20 21:19:55,092] ERROR: Unexpected status 403 for https://api.hh.ru/vacancies/128917295: {"errors":[{"value":"captcha_required","captcha_url":"https://hh.ru/account/captcha?state=pxvcxBozfu7ry7R4QCetFmUA3SFZr_Pa4yXPQEusAiQIVW2lajVtNll6OObEQw_9kbOPkbKbHHm7t-XIJMQfyAOW3r-my8a4Jv1-FLrTS4384O
[2026-01-20 21:19:55,096] ERROR: Unexpected status 403 for https://api.hh.ru/vacancies/129027920: {"errors":[{"value":"captcha_required","captcha_url":"https://hh.ru/account/captcha?state=pxvcxBozfu7ry7R4QCetFmUA3SFZr_Pa4yXPQEusAiQIVW2lajVtNll6OObEQw_9kbOPkbKbHHm7t-XIJMQfyGil4_ULH_6czWNMVDu1FUUDc5
[2026-01-20 21:19:55,128] ERROR: Unexpected status 403 for https://api.hh.ru/vacancies/129597629: {"errors":[{"value":"captcha_required","captcha_url":"https://hh.ru/account/captcha?state=pxvcxBozfu7ry7R4QCetFmUA3SFZr_Pa4yXPQEusAiQIVW2lajVtNll6OObEQw_9kbOPkbKbHHm7t-XIJMQfyCSKmrPdyLN3iBO7d-41eh4FgR
[2026-01-20 21:19:55,141] ERROR: Unexpected status 403 for https://api.hh.ru/vacancies/128714723: {"errors":[{"value":"captcha_required","captcha_url":"https://hh.ru/account/captcha?state=pxvcxBozfu7ry7R4QCetFmUA3SFZr_Pa4yXPQEusAiQIVW2lajVtNll6OObEQw_9kbOPkbKbHHm7t-XIJMQfyONKHLk5QFyqVs2ST9fKPdLWLv
[2026-01-20 21:19:55,156] ERROR: Unexpected status 403 for https://api.hh.ru/vacancies/128467839: {"errors":[{"value":"captcha_required","captcha_url":"https://hh.ru/account/captcha?state=pxvcxBozfu7ry7R4QCetFmUA3SFZr_Pa4yXPQEusAiQIVW2lajVtNll6OObEQw_9kbOPkbKbHHm7t-XIJMQfyCD6o9ACG-hBxIjfCv8rDKCcX7
[2026-01-20 21:19:55,167] ERROR: Unexpected status 403 for https://api.hh.ru/vacancies/129574332: {"errors":[{"value":"captcha_required","captcha_url":"https://hh.ru/account/captcha?state=pxvcxBozfu7ry7R4QCetFmUA3SFZr_Pa4yXPQEusAiQIVW2lajVtNll6OObEQw_9kbOPkbKbHHm7t-XIJMQfyJsPbUmnPv3CpKWuxS8OGd3EA-
[2026-01-20 21:19:55,175] ERROR: Unexpected status 403 for https://api.hh.ru/vacancies/127791775: {"errors":[{"value":"captcha_required","captcha_url":"https://hh.ru/account/captcha?state=pxvcxBozfu7ry7R4QCetFmUA3SFZr_Pa4yXPQEusAiQIVW2lajVtNll6OObEQw_9kbOPkbKbHHm7t-XIJMQfyDU2cm1ogPmG26IVJLBz696J3H
[2026-01-20 21:19:55,177] ERROR: Unexpected status 403 for https://api.hh.ru/vacancies/129448145: {"errors":[{"value":"captcha_required","captcha_url":"https://hh.ru/account/captcha?state=pxvcxBozfu7ry7R4QCetFmUA3SFZr_Pa4yXPQEusAiQIVW2lajVtNll6OObEQw_9kbOPkbKbHHm7t-XIJMQfyGifBwqU-9C9QkDBsHSm0DFppe
[2026-01-20 21:19:55,208] ERROR: Unexpected status 403 for https://api.hh.ru/vacancies/129473829: {"errors":[{"value":"captcha_required","captcha_url":"https://hh.ru/account/captcha?state=pxvcxBozfu7ry7R4QCetFmUA3SFZr_Pa4yXPQEusAiQIVW2lajVtNll6OObEQw_9kbOPkbKbHHm7t-XIJMQfyEKlKHj6g2-SPpKyuKPPoo2WT-
[2026-01-20 21:19:55,212] ERROR: Unexpected status 403 for https://api.hh.ru/vacancies/129281908: {"errors":[{"value":"captcha_required","captcha_url":"https://hh.ru/account/captcha?state=pxvcxBozfu7ry7R4QCetFmUA3SFZr_Pa4yXPQEusAiQIVW2lajVtNll6OObEQw_9kbOPkbKbHHm7t-XIJMQfyK1ui1M47RzuaPlR6lQtyhimq2
[2026-01-20 21:19:55,218] ERROR: Unexpected status 403 for https://api.hh.ru/vacancies/129033194: {"errors":[{"value":"captcha_required","captcha_url":"https://hh.ru/account/captcha?state=pxvcxBozfu7ry7R4QCetFmUA3SFZr_Pa4yXPQEusAiQIVW2lajVtNll6OObEQw_9kbOPkbKbHHm7t-XIJMQfyE9GtjjCzi5pzyNin4BX0DZKIE
[2026-01-20 21:19:55,220] ERROR: Unexpected status 403 for https://api.hh.ru/vacancies/129465157: {"errors":[{"value":"captcha_required","captcha_url":"https://hh.ru/account/captcha?state=pxvcxBozfu7ry7R4QCetFmUA3SFZr_Pa4yXPQEusAiQIVW2lajVtNll6OObEQw_9kbOPkbKbHHm7t-XIJMQfyD3ePHowXoNTtxBBT25bxXv5sp
[2026-01-20 21:19:55,251] ERROR: Unexpected status 403 for https://api.hh.ru/vacancies/129400433: {"errors":[{"value":"captcha_required","captcha_url":"https://hh.ru/account/captcha?state=pxvcxBozfu7ry7R4QCetFmUA3SFZr_Pa4yXPQEusAiQIVW2lajVtNll6OObEQw_9kbOPkbKbHHm7t-XIJMQfyL5z300BM4c11_Xj_vJizjBt6_
[2026-01-20 21:19:55,275] ERROR: Unexpected status 403 for https://api.hh.ru/vacancies/129277617: {"errors":[{"value":"captcha_required","captcha_url":"https://hh.ru/account/captcha?state=pxvcxBozfu7ry7R4QCetFmUA3SFZr_Pa4yXPQEusAiQIVW2lajVtNll6OObEQw_9kbOPkbKbHHm7t-XIJMQfyCC-YwWLJuVkNq-KBCn7eMgbN1
[2026-01-20 21:19:55,307] ERROR: Unexpected status 403 for https://api.hh.ru/vacancies/129553163: {"errors":[{"value":"captcha_required","captcha_url":"https://hh.ru/account/captcha?state=pxvcxBozfu7ry7R4QCetFmUA3SFZr_Pa4yXPQEusAiQIVW2lajVtNll6OObEQw_9kbOPkbKbHHm7t-XIJMQfyMWeKLyQoG139RjpZqeCMXEkHg
[2026-01-20 21:19:55,349] ERROR: Unexpected status 403 for https://api.hh.ru/vacancies/128937884: {"errors":[{"value":"captcha_required","captcha_url":"https://hh.ru/account/captcha?state=pxvcxBozfu7ry7R4QCetFmUA3SFZr_Pa4yXPQEusAiQIVW2lajVtNll6OObEQw_9kbOPkbKbHHm7t-XIJMQfyNQcTg68JYZix8QiSYn0tmsJKt
[2026-01-20 21:19:55,405] ERROR: Unexpected status 403 for https://api.hh.ru/vacancies/129617316: {"errors":[{"value":"captcha_required","captcha_url":"https://hh.ru/account/captcha?state=pxvcxBozfu7ry7R4QCetFmUA3SFZr_Pa4yXPQEusAiQIVW2lajVtNll6OObEQw_9kbOPkbKbHHm7t-XIJMQfyDFZ8sdfE0ci2o7aoP9FPCy8Qs
[2026-01-20 21:19:55,410] ERROR: Unexpected status 403 for https://api.hh.ru/vacancies/129311892: {"errors":[{"value":"captcha_required","captcha_url":"https://hh.ru/account/captcha?state=pxvcxBozfu7ry7R4QCetFmUA3SFZr_Pa4yXPQEusAiQIVW2lajVtNll6OObEQw_9kbOPkbKbHHm7t-XIJMQfyDH6BMbmYY9wUSGcx6WBt_T-DG
[2026-01-20 21:19:55,424] ERROR: Unexpected status 403 for https://api.hh.ru/vacancies/129184111: {"errors":[{"value":"captcha_required","captcha_url":"https://hh.ru/account/captcha?state=pxvcxBozfu7ry7R4QCetFmUA3SFZr_Pa4yXPQEusAiQIVW2lajVtNll6OObEQw_9kbOPkbKbHHm7t-XIJMQfyEyFpRvHe58dYsVJpFfdPb9b2k
[2026-01-20 21:19:55,424] ERROR: Unexpected status 403 for https://api.hh.ru/vacancies/129577068: {"errors":[{"value":"captcha_required","captcha_url":"https://hh.ru/account/captcha?state=pxvcxBozfu7ry7R4QCetFmUA3SFZr_Pa4yXPQEusAiQIVW2lajVtNll6OObEQw_9kbOPkbKbHHm7t-XIJMQfyOLDZnnCrL1VN0pfyBzJM9ZYqr
[2026-01-20 21:19:55,425] INFO: Worker 5 finished area Сурок; total collected 119
[2026-01-20 21:19:55,425] INFO: Worker 5 scanning area Юрино (4243)
[2026-01-20 21:19:55,441] ERROR: Unexpected status 403 for https://api.hh.ru/vacancies/129618494: {"errors":[{"value":"captcha_required","captcha_url":"https://hh.ru/account/captcha?state=pxvcxBozfu7ry7R4QCetFmUA3SFZr_Pa4yXPQEusAiQIVW2lajVtNll6OObEQw_9kbOPkbKbHHm7t-XIJMQfyD_R1xqikyySsFLQLOBwWmnLEv
[2026-01-20 21:19:55,462] ERROR: Unexpected status 403 for https://api.hh.ru/vacancies/129359691: {"errors":[{"value":"captcha_required","captcha_url":"https://hh.ru/account/captcha?state=pxvcxBozfu7ry7R4QCetFmUA3SFZr_Pa4yXPQEusAiQIVW2lajVtNll6OObEQw_9kbOPkbKbHHm7t-XIJMQfyChcKx-diQUTf3AkdMkpnJhrZR
[2026-01-20 21:19:55,462] ERROR: Unexpected status 403 for https://api.hh.ru/vacancies/128541528: {"errors":[{"value":"captcha_required","captcha_url":"https://hh.ru/account/captcha?state=pxvcxBozfu7ry7R4QCetFmUA3SFZr_Pa4yXPQEusAiQIVW2lajVtNll6OObEQw_9kbOPkbKbHHm7t-XIJMQfyBTEHTWq0hQv7TbX3jcQHZOfLX
[2026-01-20 21:19:55,477] ERROR: Unexpected status 403 for https://api.hh.ru/vacancies/129430344: {"errors":[{"value":"captcha_required","captcha_url":"https://hh.ru/account/captcha?state=pxvcxBozfu7ry7R4QCetFmUA3SFZr_Pa4yXPQEusAiQIVW2lajVtNll6OObEQw_9kbOPkbKbHHm7t-XIJMQfyBunKv6eLUeZD0Qv9HOtggQ8wd
[2026-01-20 21:19:55,532] ERROR: Unexpected status 403 for https://api.hh.ru/vacancies/129221177: {"errors":[{"value":"captcha_required","captcha_url":"https://hh.ru/account/captcha?state=pxvcxBozfu7ry7R4QCetFmUA3SFZr_Pa4yXPQEusAiQIVW2lajVtNll6OObEQw_9kbOPkbKbHHm7t-XIJMQfyJ3QVxQ_MV89NspZOMLj8Ugvut
[2026-01-20 21:19:55,548] ERROR: Unexpected status 403 for https://api.hh.ru/vacancies/129448281: {"errors":[{"value":"captcha_required","captcha_url":"https://hh.ru/account/captcha?state=pxvcxBozfu7ry7R4QCetFmUA3SFZr_Pa4yXPQEusAiQIVW2lajVtNll6OObEQw_9kbOPkbKbHHm7t-XIJMQfyL7qYlybgRiXxtNLOSgMHKXr2z
[2026-01-20 21:19:55,557] ERROR: Unexpected status 403 for https://api.hh.ru/vacancies/127182064: {"errors":[{"value":"captcha_required","captcha_url":"https://hh.ru/account/captcha?state=pxvcxBozfu7ry7R4QCetFmUA3SFZr_Pa4yXPQEusAiQIVW2lajVtNll6OObEQw_9kbOPkbKbHHm7t-XIJMQfyJNLdnIIikOoY4r0gxnug2S5ny
[2026-01-20 21:19:55,583] ERROR: Unexpected status 403 for https://api.hh.ru/vacancies/129638150: {"errors":[{"value":"captcha_required","captcha_url":"https://hh.ru/account/captcha?state=pxvcxBozfu7ry7R4QCetFmUA3SFZr_Pa4yXPQEusAiQIVW2lajVtNll6OObEQw_9kbOPkbKbHHm7t-XIJMQfyANpZM9Gr2yuGCDgiJvMt4jjpm
[2026-01-20 21:19:55,650] ERROR: Unexpected status 403 for https://api.hh.ru/vacancies/129533009: {"errors":[{"value":"captcha_required","captcha_url":"https://hh.ru/account/captcha?state=pxvcxBozfu7ry7R4QCetFmUA3SFZr_Pa4yXPQEusAiQIVW2lajVtNll6OObEQw_9kbOPkbKbHHm7t-XIJMQfyKr2q__pqogClPj_ZcNk04zM1r
[2026-01-20 21:19:55,664] ERROR: Unexpected status 403 for https://api.hh.ru/vacancies/129627801: {"errors":[{"value":"captcha_required","captcha_url":"https://hh.ru/account/captcha?state=pxvcxBozfu7ry7R4QCetFmUA3SFZr_Pa4yXPQEusAiQIVW2lajVtNll6OObEQw_9kbOPkbKbHHm7t-XIJMQfyEgX8PVKOYOgPlJo-8hmN4_L4S
[2026-01-20 21:19:55,685] ERROR: Unexpected status 403 for https://api.hh.ru/vacancies/129013287: {"errors":[{"value":"captcha_required","captcha_url":"https://hh.ru/account/captcha?state=pxvcxBozfu7ry7R4QCetFmUA3SFZr_Pa4yXPQEusAiQIVW2lajVtNll6OObEQw_9kbOPkbKbHHm7t-XIJMQfyPHWSQHeiXyrThos4HgvAwo1r9
[2026-01-20 21:19:55,715] ERROR: Unexpected status 403 for https://api.hh.ru/vacancies/128474708: {"errors":[{"value":"captcha_required","captcha_url":"https://hh.ru/account/captcha?state=pxvcxBozfu7ry7R4QCetFmUA3SFZr_Pa4yXPQEusAiQIVW2lajVtNll6OObEQw_9kbOPkbKbHHm7t-XIJMQfyC9lc1ZhvNUsN31wJUjgclJs2z
[2026-01-20 21:19:55,740] ERROR: Unexpected status 403 for https://api.hh.ru/vacancies/128678265: {"errors":[{"value":"captcha_required","captcha_url":"https://hh.ru/account/captcha?state=pxvcxBozfu7ry7R4QCetFmUA3SFZr_Pa4yXPQEusAiQIVW2lajVtNll6OObEQw_9kbOPkbKbHHm7t-XIJMQfyNGsyssLHCXxb0QJtRjV1oiybA
[2026-01-20 21:19:55,746] ERROR: Unexpected status 403 for https://api.hh.ru/vacancies/129534504: {"errors":[{"value":"captcha_required","captcha_url":"https://hh.ru/account/captcha?state=pxvcxBozfu7ry7R4QCetFmUA3SFZr_Pa4yXPQEusAiQIVW2lajVtNll6OObEQw_9kbOPkbKbHHm7t-XIJMQfyOV9d0KQX1GEUMI0w3yc-03X-N
[2026-01-20 21:19:55,762] ERROR: Unexpected status 403 for https://api.hh.ru/vacancies/129144551: {"errors":[{"value":"captcha_required","captcha_url":"https://hh.ru/account/captcha?state=pxvcxBozfu7ry7R4QCetFmUA3SFZr_Pa4yXPQEusAiQIVW2lajVtNll6OObEQw_9kbOPkbKbHHm7t-XIJMQfyIYfmDv07sAOUn3j3gapdCSdxu
[2026-01-20 21:19:55,850] ERROR: Unexpected status 403 for https://api.hh.ru/vacancies/129526250: {"errors":[{"value":"captcha_required","captcha_url":"https://hh.ru/account/captcha?state=pxvcxBozfu7ry7R4QCetFmUA3SFZr_Pa4yXPQEusAiQIVW2lajVtNll6OObEQw_9kbOPkbKbHHm7t-XIJMQfyNz2Aud1kz570ng5Je2bnoMzWY
[2026-01-20 21:19:55,866] ERROR: Unexpected status 403 for https://api.hh.ru/vacancies/129452422: {"errors":[{"value":"captcha_required","captcha_url":"https://hh.ru/account/captcha?state=pxvcxBozfu7ry7R4QCetFmUA3SFZr_Pa4yXPQEusAiQIVW2lajVtNll6OObEQw_9kbOPkbKbHHm7t-XIJMQfyE7UIzZNfDujFT492529fqwNef
[2026-01-20 21:19:55,891] ERROR: Unexpected status 403 for https://api.hh.ru/vacancies/129542496: {"errors":[{"value":"captcha_required","captcha_url":"https://hh.ru/account/captcha?state=pxvcxBozfu7ry7R4QCetFmUA3SFZr_Pa4yXPQEusAiQIVW2lajVtNll6OObEQw_9kbOPkbKbHHm7t-XIJMQfyOiZsSlzigpZPqbZ7w3xJE8VKM
[2026-01-20 21:19:55,893] ERROR: Unexpected status 403 for https://api.hh.ru/vacancies/129448145: {"errors":[{"value":"captcha_required","captcha_url":"https://hh.ru/account/captcha?state=pxvcxBozfu7ry7R4QCetFmUA3SFZr_Pa4yXPQEusAiQIVW2lajVtNll6OObEQw_9kbOPkbKbHHm7t-XIJMQfyGifBwqU-9C9QkDBsHSm0DGeDL
[2026-01-20 21:19:55,908] ERROR: Unexpected status 403 for https://api.hh.ru/vacancies/129394096: {"errors":[{"value":"captcha_required","captcha_url":"https://hh.ru/account/captcha?state=pxvcxBozfu7ry7R4QCetFmUA3SFZr_Pa4yXPQEusAiQIVW2lajVtNll6OObEQw_9kbOPkbKbHHm7t-XIJMQfyECCYtOYxb_cjVsQ5lyMCiSMsN
[2026-01-20 21:19:55,910] ERROR: Unexpected status 403 for https://api.hh.ru/vacancies/129533009: {"errors":[{"value":"captcha_required","captcha_url":"https://hh.ru/account/captcha?state=pxvcxBozfu7ry7R4QCetFmUA3SFZr_Pa4yXPQEusAiQIVW2lajVtNll6OObEQw_9kbOPkbKbHHm7t-XIJMQfyKr2q__pqogClPj_ZcNk04wfaF
[2026-01-20 21:19:55,916] ERROR: Unexpected status 403 for https://api.hh.ru/vacancies/127182165: {"errors":[{"value":"captcha_required","captcha_url":"https://hh.ru/account/captcha?state=pxvcxBozfu7ry7R4QCetFmUA3SFZr_Pa4yXPQEusAiQIVW2lajVtNll6OObEQw_9kbOPkbKbHHm7t-XIJMQfyAixtm1pULAyJZrIYt4yHtXaj6
[2026-01-20 21:19:55,945] ERROR: Unexpected status 403 for https://api.hh.ru/vacancies/129403517: {"errors":[{"value":"captcha_required","captcha_url":"https://hh.ru/account/captcha?state=pxvcxBozfu7ry7R4QCetFmUA3SFZr_Pa4yXPQEusAiQIVW2lajVtNll6OObEQw_9kbOPkbKbHHm7t-XIJMQfyGXqCdtlIFDzCtTxBH1RhSpAwz
[2026-01-20 21:19:55,977] ERROR: Unexpected status 403 for https://api.hh.ru/vacancies/129623735: {"errors":[{"value":"captcha_required","captcha_url":"https://hh.ru/account/captcha?state=pxvcxBozfu7ry7R4QCetFmUA3SFZr_Pa4yXPQEusAiQIVW2lajVtNll6OObEQw_9kbOPkbKbHHm7t-XIJMQfyAGGlIj3xBu-YMc4GYpnnAaKH2
[2026-01-20 21:19:55,977] ERROR: Unexpected status 403 for https://api.hh.ru/vacancies/128973737: {"errors":[{"value":"captcha_required","captcha_url":"https://hh.ru/account/captcha?state=pxvcxBozfu7ry7R4QCetFmUA3SFZr_Pa4yXPQEusAiQIVW2lajVtNll6OObEQw_9kbOPkbKbHHm7t-XIJMQfyBNh6XPqQ46S5wq-Kan758w3VJ
[2026-01-20 21:19:56,014] ERROR: Unexpected status 403 for https://api.hh.ru/vacancies/129396126: {"errors":[{"value":"captcha_required","captcha_url":"https://hh.ru/account/captcha?state=pxvcxBozfu7ry7R4QCetFmUA3SFZr_Pa4yXPQEusAiQIVW2lajVtNll6OObEQw_9kbOPkbKbHHm7t-XIJMQfyLzs6f8v8gUf9jkPmjCHsXwNA3
[2026-01-20 21:19:56,031] ERROR: Unexpected status 403 for https://api.hh.ru/vacancies/129549524: {"errors":[{"value":"captcha_required","captcha_url":"https://hh.ru/account/captcha?state=pxvcxBozfu7ry7R4QCetFmUA3SFZr_Pa4yXPQEusAiQIVW2lajVtNll6OObEQw_9kbOPkbKbHHm7t-XIJMQfyGUJ90unWc9Wc76G8AsVqWLreX
[2026-01-20 21:19:56,047] ERROR: Unexpected status 403 for https://api.hh.ru/vacancies/129353479: {"errors":[{"value":"captcha_required","captcha_url":"https://hh.ru/account/captcha?state=pxvcxBozfu7ry7R4QCetFmUA3SFZr_Pa4yXPQEusAiQIVW2lajVtNll6OObEQw_9kbOPkbKbHHm7t-XIJMQfyFtW5JrOi7p4PxCTsHG9_1qVxT
[2026-01-20 21:19:56,087] ERROR: Unexpected status 403 for https://api.hh.ru/vacancies/127098299: {"errors":[{"value":"captcha_required","captcha_url":"https://hh.ru/account/captcha?state=pxvcxBozfu7ry7R4QCetFmUA3SFZr_Pa4yXPQEusAiQIVW2lajVtNll6OObEQw_9kbOPkbKbHHm7t-XIJMQfyKVSvfpeDdi8-YPaXqH3XMxraD
[2026-01-20 21:19:56,110] ERROR: Unexpected status 403 for https://api.hh.ru/vacancies/129073774: {"errors":[{"value":"captcha_required","captcha_url":"https://hh.ru/account/captcha?state=pxvcxBozfu7ry7R4QCetFmUA3SFZr_Pa4yXPQEusAiQIVW2lajVtNll6OObEQw_9kbOPkbKbHHm7t-XIJMQfyAUes3cPJRz-sT7VCCOJc2VF0p
[2026-01-20 21:19:56,110] ERROR: Unexpected status 403 for https://api.hh.ru/vacancies/129137692: {"errors":[{"value":"captcha_required","captcha_url":"https://hh.ru/account/captcha?state=pxvcxBozfu7ry7R4QCetFmUA3SFZr_Pa4yXPQEusAiQIVW2lajVtNll6OObEQw_9kbOPkbKbHHm7t-XIJMQfyF_j2PcLnDBOFxpZ3oHpmRfQOd
[2026-01-20 21:19:56,163] ERROR: Unexpected status 403 for https://api.hh.ru/vacancies/129142819: {"errors":[{"value":"captcha_required","captcha_url":"https://hh.ru/account/captcha?state=pxvcxBozfu7ry7R4QCetFmUA3SFZr_Pa4yXPQEusAiQIVW2lajVtNll6OObEQw_9kbOPkbKbHHm7t-XIJMQfyBHz-CrEmNa0sDjl7XdG0TPtlK
[2026-01-20 21:19:56,214] ERROR: Unexpected status 403 for https://api.hh.ru/vacancies/129403021: {"errors":[{"value":"captcha_required","captcha_url":"https://hh.ru/account/captcha?state=pxvcxBozfu7ry7R4QCetFmUA3SFZr_Pa4yXPQEusAiQIVW2lajVtNll6OObEQw_9kbOPkbKbHHm7t-XIJMQfyGQWLphTOIgew3b2bMOBKguVzC
[2026-01-20 21:19:56,214] INFO: Worker 2 finished area Суслонгер; total collected 119
[2026-01-20 21:19:56,214] INFO: Worker 2 scanning area Руэм (11958)
[2026-01-20 21:19:56,240] ERROR: Unexpected status 403 for https://api.hh.ru/vacancies/128773344: {"errors":[{"value":"captcha_required","captcha_url":"https://hh.ru/account/captcha?state=pxvcxBozfu7ry7R4QCetFmUA3SFZr_Pa4yXPQEusAiQIVW2lajVtNll6OObEQw_9kbOPkbKbHHm7t-XIJMQfyLdFrAPiutCSD7BpCzAJFcKRhs
[2026-01-20 21:19:56,247] ERROR: Unexpected status 403 for https://api.hh.ru/vacancies/129065280: {"errors":[{"value":"captcha_required","captcha_url":"https://hh.ru/account/captcha?state=pxvcxBozfu7ry7R4QCetFmUA3SFZr_Pa4yXPQEusAiQIVW2lajVtNll6OObEQw_9kbOPkbKbHHm7t-XIJMQfyGmjaCt_4Rz3zZ76rb12xOemzo
[2026-01-20 21:19:56,254] ERROR: Unexpected status 403 for https://api.hh.ru/vacancies/129402453: {"errors":[{"value":"captcha_required","captcha_url":"https://hh.ru/account/captcha?state=pxvcxBozfu7ry7R4QCetFmUA3SFZr_Pa4yXPQEusAiQIVW2lajVtNll6OObEQw_9kbOPkbKbHHm7t-XIJMQfyBI0u8R69tLbDXB-18u7dboVsv
[2026-01-20 21:19:56,257] ERROR: Unexpected status 403 for https://api.hh.ru/vacancies/129653820: {"errors":[{"value":"captcha_required","captcha_url":"https://hh.ru/account/captcha?state=pxvcxBozfu7ry7R4QCetFmUA3SFZr_Pa4yXPQEusAiQIVW2lajVtNll6OObEQw_9kbOPkbKbHHm7t-XIJMQfyGhgd6rCBXC5Ra5I6xN0KmoAou
[2026-01-20 21:19:56,261] ERROR: Unexpected status 403 for https://api.hh.ru/vacancies/129456464: {"errors":[{"value":"captcha_required","captcha_url":"https://hh.ru/account/captcha?state=pxvcxBozfu7ry7R4QCetFmUA3SFZr_Pa4yXPQEusAiQIVW2lajVtNll6OObEQw_9kbOPkbKbHHm7t-XIJMQfyDwYulKCp6rxkLp4XNkFha8fXF
[2026-01-20 21:19:56,287] ERROR: Unexpected status 403 for https://api.hh.ru/vacancies/127193388: {"errors":[{"value":"captcha_required","captcha_url":"https://hh.ru/account/captcha?state=pxvcxBozfu7ry7R4QCetFmUA3SFZr_Pa4yXPQEusAiQIVW2lajVtNll6OObEQw_9kbOPkbKbHHm7t-XIJMQfyBWcoi7ZRwfromkslXnaqIxYsk
[2026-01-20 21:19:56,305] ERROR: Unexpected status 403 for https://api.hh.ru/vacancies/129518850: {"errors":[{"value":"captcha_required","captcha_url":"https://hh.ru/account/captcha?state=pxvcxBozfu7ry7R4QCetFmUA3SFZr_Pa4yXPQEusAiQIVW2lajVtNll6OObEQw_9kbOPkbKbHHm7t-XIJMQfyHzKU1G8-5ojTPDMe9SML-Kca2
[2026-01-20 21:19:56,311] ERROR: Unexpected status 403 for https://api.hh.ru/vacancies/128742131: {"errors":[{"value":"captcha_required","captcha_url":"https://hh.ru/account/captcha?state=pxvcxBozfu7ry7R4QCetFmUA3SFZr_Pa4yXPQEusAiQIVW2lajVtNll6OObEQw_9kbOPkbKbHHm7t-XIJMQfyLrVtDdjsCX9r5Np62BSElFRfJ
[2026-01-20 21:19:56,311] INFO: Worker 4 finished area Сернур; total collected 119
[2026-01-20 21:19:56,311] INFO: Worker 4 scanning area Республика Татарстан (1624)
[2026-01-20 21:19:56,327] ERROR: Unexpected status 403 for https://api.hh.ru/vacancies/129595863: {"errors":[{"value":"captcha_required","captcha_url":"https://hh.ru/account/captcha?state=pxvcxBozfu7ry7R4QCetFmUA3SFZr_Pa4yXPQEusAiQIVW2lajVtNll6OObEQw_9kbOPkbKbHHm7t-XIJMQfyDbF3X4DwC96JbFWtg73RtZA_B
[2026-01-20 21:19:56,335] ERROR: Unexpected status 403 for https://api.hh.ru/vacancies/129071845: {"errors":[{"value":"captcha_required","captcha_url":"https://hh.ru/account/captcha?state=pxvcxBozfu7ry7R4QCetFmUA3SFZr_Pa4yXPQEusAiQIVW2lajVtNll6OObEQw_9kbOPkbKbHHm7t-XIJMQfyDZ6me0fJxMEOJcbWvdT9P9CxG
[2026-01-20 21:19:56,341] ERROR: Unexpected status 403 for https://api.hh.ru/vacancies/128743532: {"errors":[{"value":"captcha_required","captcha_url":"https://hh.ru/account/captcha?state=pxvcxBozfu7ry7R4QCetFmUA3SFZr_Pa4yXPQEusAiQIVW2lajVtNll6OObEQw_9kbOPkbKbHHm7t-XIJMQfyIb4H-Lz_PYQEjaO1FBioqDOea
[2026-01-20 21:19:56,344] ERROR: Unexpected status 403 for https://api.hh.ru/vacancies/129349995: {"errors":[{"value":"captcha_required","captcha_url":"https://hh.ru/account/captcha?state=pxvcxBozfu7ry7R4QCetFmUA3SFZr_Pa4yXPQEusAiQIVW2lajVtNll6OObEQw_9kbOPkbKbHHm7t-XIJMQfyEfUj0EsSCYCUJ-K2zARlS3beD
[2026-01-20 21:19:56,345] ERROR: Unexpected status 403 for https://api.hh.ru/vacancies/129404906: {"errors":[{"value":"captcha_required","captcha_url":"https://hh.ru/account/captcha?state=pxvcxBozfu7ry7R4QCetFmUA3SFZr_Pa4yXPQEusAiQIVW2lajVtNll6OObEQw_9kbOPkbKbHHm7t-XIJMQfyJkX_f4xeuHvlphuB9puDdIkhu
[2026-01-20 21:19:56,348] ERROR: Unexpected status 403 for https://api.hh.ru/vacancies/129166912: {"errors":[{"value":"captcha_required","captcha_url":"https://hh.ru/account/captcha?state=pxvcxBozfu7ry7R4QCetFmUA3SFZr_Pa4yXPQEusAiQIVW2lajVtNll6OObEQw_9kbOPkbKbHHm7t-XIJMQfyD0FnCijDCcdRJj6rlvobtde5M
[2026-01-20 21:19:56,350] ERROR: Unexpected status 403 for https://api.hh.ru/vacancies/129483451: {"errors":[{"value":"captcha_required","captcha_url":"https://hh.ru/account/captcha?state=pxvcxBozfu7ry7R4QCetFmUA3SFZr_Pa4yXPQEusAiQIVW2lajVtNll6OObEQw_9kbOPkbKbHHm7t-XIJMQfyFw2Nsjtx9oHoJQPtm9Lv-Q6oW
[2026-01-20 21:19:56,355] ERROR: Unexpected status 403 for https://api.hh.ru/vacancies/128971833: {"errors":[{"value":"captcha_required","captcha_url":"https://hh.ru/account/captcha?state=pxvcxBozfu7ry7R4QCetFmUA3SFZr_Pa4yXPQEusAiQIVW2lajVtNll6OObEQw_9kbOPkbKbHHm7t-XIJMQfyLo7MElHnO5Qobv-eDzWOzpGy6
[2026-01-20 21:19:56,362] ERROR: Unexpected status 403 for https://api.hh.ru/vacancies/129398319: {"errors":[{"value":"captcha_required","captcha_url":"https://hh.ru/account/captcha?state=pxvcxBozfu7ry7R4QCetFmUA3SFZr_Pa4yXPQEusAiQIVW2lajVtNll6OObEQw_9kbOPkbKbHHm7t-XIJMQfyAzqESRhZiGvYfp48YESf-n-Zt
[2026-01-20 21:19:56,367] ERROR: Unexpected status 403 for https://api.hh.ru/vacancies/129653066: {"errors":[{"value":"captcha_required","captcha_url":"https://hh.ru/account/captcha?state=pxvcxBozfu7ry7R4QCetFmUA3SFZr_Pa4yXPQEusAiQIVW2lajVtNll6OObEQw_9kbOPkbKbHHm7t-XIJMQfyMHo-SXQcvhp23Jkl-j4gfir1e
[2026-01-20 21:19:56,381] ERROR: Unexpected status 403 for https://api.hh.ru/vacancies/129260930: {"errors":[{"value":"captcha_required","captcha_url":"https://hh.ru/account/captcha?state=pxvcxBozfu7ry7R4QCetFmUA3SFZr_Pa4yXPQEusAiQIVW2lajVtNll6OObEQw_9kbOPkbKbHHm7t-XIJMQfyE5eRaFNq0YDpEYpuu5WriFRYy
[2026-01-20 21:19:56,385] ERROR: Unexpected status 403 for https://api.hh.ru/vacancies/129400210: {"errors":[{"value":"captcha_required","captcha_url":"https://hh.ru/account/captcha?state=pxvcxBozfu7ry7R4QCetFmUA3SFZr_Pa4yXPQEusAiQIVW2lajVtNll6OObEQw_9kbOPkbKbHHm7t-XIJMQfyHasNVxUbGhZQQwcy9Om-UEwlj
[2026-01-20 21:19:56,408] ERROR: Unexpected status 403 for https://api.hh.ru/vacancies/128930884: {"errors":[{"value":"captcha_required","captcha_url":"https://hh.ru/account/captcha?state=pxvcxBozfu7ry7R4QCetFmUA3SFZr_Pa4yXPQEusAiQIVW2lajVtNll6OObEQw_9kbOPkbKbHHm7t-XIJMQfyO-9QMlUZjiDAqiD9mji4MOtA4
[2026-01-20 21:19:56,423] ERROR: Unexpected status 403 for https://api.hh.ru/vacancies/129651017: {"errors":[{"value":"captcha_required","captcha_url":"https://hh.ru/account/captcha?state=pxvcxBozfu7ry7R4QCetFmUA3SFZr_Pa4yXPQEusAiQIVW2lajVtNll6OObEQw_9kbOPkbKbHHm7t-XIJMQfyGnKQwMrCWzgILarz9MN_nNxSm
[2026-01-20 21:19:56,426] ERROR: Unexpected status 403 for https://api.hh.ru/vacancies/129618497: {"errors":[{"value":"captcha_required","captcha_url":"https://hh.ru/account/captcha?state=pxvcxBozfu7ry7R4QCetFmUA3SFZr_Pa4yXPQEusAiQIVW2lajVtNll6OObEQw_9kbOPkbKbHHm7t-XIJMQfyOBYaC3Q1B8IqgoahV4Sgoz0D3
[2026-01-20 21:19:56,428] ERROR: Unexpected status 403 for https://api.hh.ru/vacancies/128700724: {"errors":[{"value":"captcha_required","captcha_url":"https://hh.ru/account/captcha?state=pxvcxBozfu7ry7R4QCetFmUA3SFZr_Pa4yXPQEusAiQIVW2lajVtNll6OObEQw_9kbOPkbKbHHm7t-XIJMQfyGLJ4-7Wm8lHAlh7u6AN1MT4sI
[2026-01-20 21:19:56,430] ERROR: Unexpected status 403 for https://api.hh.ru/vacancies/129078238: {"errors":[{"value":"captcha_required","captcha_url":"https://hh.ru/account/captcha?state=pxvcxBozfu7ry7R4QCetFmUA3SFZr_Pa4yXPQEusAiQIVW2lajVtNll6OObEQw_9kbOPkbKbHHm7t-XIJMQfyD_VmTdnGtCGnaGVMwo3Xbixnx
[2026-01-20 21:19:56,441] ERROR: Unexpected status 403 for https://api.hh.ru/vacancies/129528276: {"errors":[{"value":"captcha_required","captcha_url":"https://hh.ru/account/captcha?state=pxvcxBozfu7ry7R4QCetFmUA3SFZr_Pa4yXPQEusAiQIVW2lajVtNll6OObEQw_9kbOPkbKbHHm7t-XIJMQfyGSgMJySmUd8ysvBC3rDRd2WmX
[2026-01-20 21:19:56,453] ERROR: Unexpected status 403 for https://api.hh.ru/vacancies/128807412: {"errors":[{"value":"captcha_required","captcha_url":"https://hh.ru/account/captcha?state=pxvcxBozfu7ry7R4QCetFmUA3SFZr_Pa4yXPQEusAiQIVW2lajVtNll6OObEQw_9kbOPkbKbHHm7t-XIJMQfyLwwOgCGgCNTBWLVBy0jRvFU92
[2026-01-20 21:19:56,473] ERROR: Unexpected status 403 for https://api.hh.ru/vacancies/128410380: {"errors":[{"value":"captcha_required","captcha_url":"https://hh.ru/account/captcha?state=pxvcxBozfu7ry7R4QCetFmUA3SFZr_Pa4yXPQEusAiQIVW2lajVtNll6OObEQw_9kbOPkbKbHHm7t-XIJMQfyFCXrteaWVde3NVObkAuORBrWl
[2026-01-20 21:19:56,486] ERROR: Unexpected status 403 for https://api.hh.ru/vacancies/128518476: {"errors":[{"value":"captcha_required","captcha_url":"https://hh.ru/account/captcha?state=pxvcxBozfu7ry7R4QCetFmUA3SFZr_Pa4yXPQEusAiQIVW2lajVtNll6OObEQw_9kbOPkbKbHHm7t-XIJMQfyBuUp1CVvUBREyx-lZPhpLD_Zb
[2026-01-20 21:19:56,509] ERROR: Unexpected status 403 for https://api.hh.ru/vacancies/127550319: {"errors":[{"value":"captcha_required","captcha_url":"https://hh.ru/account/captcha?state=pxvcxBozfu7ry7R4QCetFmUA3SFZr_Pa4yXPQEusAiQIVW2lajVtNll6OObEQw_9kbOPkbKbHHm7t-XIJMQfyKpVBtwUh1zXgSVwWF90wFDjXo
[2026-01-20 21:19:56,514] ERROR: Unexpected status 403 for https://api.hh.ru/vacancies/128923679: {"errors":[{"value":"captcha_required","captcha_url":"https://hh.ru/account/captcha?state=pxvcxBozfu7ry7R4QCetFmUA3SFZr_Pa4yXPQEusAiQIVW2lajVtNll6OObEQw_9kbOPkbKbHHm7t-XIJMQfyCyMSpdkdvBt9JeYO1xZJ73G7s
[2026-01-20 21:19:56,518] ERROR: Unexpected status 403 for https://api.hh.ru/vacancies/128715593: {"errors":[{"value":"captcha_required","captcha_url":"https://hh.ru/account/captcha?state=pxvcxBozfu7ry7R4QCetFmUA3SFZr_Pa4yXPQEusAiQIVW2lajVtNll6OObEQw_9kbOPkbKbHHm7t-XIJMQfyC0SXPDiGFkLDyvHzEZGOaMfFI
[2026-01-20 21:19:56,518] ERROR: Unexpected status 403 for https://api.hh.ru/vacancies/129637969: {"errors":[{"value":"captcha_required","captcha_url":"https://hh.ru/account/captcha?state=pxvcxBozfu7ry7R4QCetFmUA3SFZr_Pa4yXPQEusAiQIVW2lajVtNll6OObEQw_9kbOPkbKbHHm7t-XIJMQfyEqYYsuFo6nJnsyxkTR39rDI88
[2026-01-20 21:19:56,521] ERROR: Unexpected status 403 for https://api.hh.ru/vacancies/129574151: {"errors":[{"value":"captcha_required","captcha_url":"https://hh.ru/account/captcha?state=pxvcxBozfu7ry7R4QCetFmUA3SFZr_Pa4yXPQEusAiQIVW2lajVtNll6OObEQw_9kbOPkbKbHHm7t-XIJMQfyKDwb72NzympwUT2vrmTAXbPwQ
[2026-01-20 21:19:56,534] ERROR: Unexpected status 403 for https://api.hh.ru/vacancies/129073973: {"errors":[{"value":"captcha_required","captcha_url":"https://hh.ru/account/captcha?state=pxvcxBozfu7ry7R4QCetFmUA3SFZr_Pa4yXPQEusAiQIVW2lajVtNll6OObEQw_9kbOPkbKbHHm7t-XIJMQfyDpaDCDzYOXAspGtLip_BXdl4g
[2026-01-20 21:19:56,553] INFO: Splitting range 2025-08-26-2026-01-20 into 2025-08-26-2025-11-07 and 2025-11-08-2026-01-20 (found=722517)
[2026-01-20 21:19:56,555] ERROR: Unexpected status 403 for https://api.hh.ru/vacancies/129618133: {"errors":[{"value":"captcha_required","captcha_url":"https://hh.ru/account/captcha?state=pxvcxBozfu7ry7R4QCetFmUA3SFZr_Pa4yXPQEusAiQIVW2lajVtNll6OObEQw_9kbOPkbKbHHm7t-XIJMQfyJ7mgyvDqSBCqOul7M8Pdr59XG
[2026-01-20 21:19:56,556] ERROR: Unexpected status 403 for https://api.hh.ru/vacancies/128324684: {"errors":[{"value":"captcha_required","captcha_url":"https://hh.ru/account/captcha?state=pxvcxBozfu7ry7R4QCetFmUA3SFZr_Pa4yXPQEusAiQIVW2lajVtNll6OObEQw_9kbOPkbKbHHm7t-XIJMQfyCMnZVFBFmkDXCx5cDLl1wkMwn
[2026-01-20 21:19:56,556] ERROR: Unexpected status 403 for https://api.hh.ru/vacancies/129449485: {"errors":[{"value":"captcha_required","captcha_url":"https://hh.ru/account/captcha?state=pxvcxBozfu7ry7R4QCetFmUA3SFZr_Pa4yXPQEusAiQIVW2lajVtNll6OObEQw_9kbOPkbKbHHm7t-XIJMQfyKjfBQ58-anBlLF9crRObLpAtB
[2026-01-20 21:19:56,568] ERROR: Unexpected status 403 for https://api.hh.ru/vacancies/129652740: {"errors":[{"value":"captcha_required","captcha_url":"https://hh.ru/account/captcha?state=pxvcxBozfu7ry7R4QCetFmUA3SFZr_Pa4yXPQEusAiQIVW2lajVtNll6OObEQw_9kbOPkbKbHHm7t-XIJMQfyDO1OKhT1dXUcRssMtwDPZLwIF
[2026-01-20 21:19:56,577] ERROR: Unexpected status 403 for https://api.hh.ru/vacancies/129270362: {"errors":[{"value":"captcha_required","captcha_url":"https://hh.ru/account/captcha?state=pxvcxBozfu7ry7R4QCetFmUA3SFZr_Pa4yXPQEusAiQIVW2lajVtNll6OObEQw_9kbOPkbKbHHm7t-XIJMQfyJkIrzOJwczMHvu42xI6GHZoWn
[2026-01-20 21:19:56,577] INFO: Worker 3 finished area Советский (Республика Марий Эл); total collected 119
[2026-01-20 21:19:56,577] INFO: Worker 3 scanning area Агрыз (1625)
[2026-01-20 21:19:56,578] ERROR: Unexpected status 403 for https://api.hh.ru/vacancies/129615716: {"errors":[{"value":"captcha_required","captcha_url":"https://hh.ru/account/captcha?state=pxvcxBozfu7ry7R4QCetFmUA3SFZr_Pa4yXPQEusAiQIVW2lajVtNll6OObEQw_9kbOPkbKbHHm7t-XIJMQfyH3jr5kWk0PljQixveoorKjdhk
[2026-01-20 21:19:56,586] ERROR: Unexpected status 403 for https://api.hh.ru/vacancies/128674952: {"errors":[{"value":"captcha_required","captcha_url":"https://hh.ru/account/captcha?state=pxvcxBozfu7ry7R4QCetFmUA3SFZr_Pa4yXPQEusAiQIVW2lajVtNll6OObEQw_9kbOPkbKbHHm7t-XIJMQfyOe2V7n0zYt6Hi75dfAYhL5MbP
[2026-01-20 21:19:56,593] ERROR: Unexpected status 403 for https://api.hh.ru/vacancies/128770618: {"errors":[{"value":"captcha_required","captcha_url":"https://hh.ru/account/captcha?state=pxvcxBozfu7ry7R4QCetFmUA3SFZr_Pa4yXPQEusAiQIVW2lajVtNll6OObEQw_9kbOPkbKbHHm7t-XIJMQfyB1rhzae_JBmHn5mYoIw2CcglY
[2026-01-20 21:19:56,598] ERROR: Unexpected status 403 for https://api.hh.ru/vacancies/129649942: {"errors":[{"value":"captcha_required","captcha_url":"https://hh.ru/account/captcha?state=pxvcxBozfu7ry7R4QCetFmUA3SFZr_Pa4yXPQEusAiQIVW2lajVtNll6OObEQw_9kbOPkbKbHHm7t-XIJMQfyKEsSfqxYLlHSs1sRVqMeTC8E_
[2026-01-20 21:19:56,634] ERROR: Unexpected status 403 for https://api.hh.ru/vacancies/129549932: {"errors":[{"value":"captcha_required","captcha_url":"https://hh.ru/account/captcha?state=pxvcxBozfu7ry7R4QCetFmUA3SFZr_Pa4yXPQEusAiQIVW2lajVtNll6OObEQw_9kbOPkbKbHHm7t-XIJMQfyEMeI0mIQYJvODPDO_hwfPCL2s
[2026-01-20 21:19:56,641] ERROR: Unexpected status 403 for https://api.hh.ru/vacancies/129499756: {"errors":[{"value":"captcha_required","captcha_url":"https://hh.ru/account/captcha?state=pxvcxBozfu7ry7R4QCetFmUA3SFZr_Pa4yXPQEusAiQIVW2lajVtNll6OObEQw_9kbOPkbKbHHm7t-XIJMQfyFnIs9ya41Wm89vj3TH89KnSnR
[2026-01-20 21:19:56,641] ERROR: Unexpected status 403 for https://api.hh.ru/vacancies/129148485: {"errors":[{"value":"captcha_required","captcha_url":"https://hh.ru/account/captcha?state=pxvcxBozfu7ry7R4QCetFmUA3SFZr_Pa4yXPQEusAiQIVW2lajVtNll6OObEQw_9kbOPkbKbHHm7t-XIJMQfyAAP5bzSf1PLoKIwbraqTF_6Yj
[2026-01-20 21:19:56,652] ERROR: Unexpected status 403 for https://api.hh.ru/vacancies/129518913: {"errors":[{"value":"captcha_required","captcha_url":"https://hh.ru/account/captcha?state=pxvcxBozfu7ry7R4QCetFmUA3SFZr_Pa4yXPQEusAiQIVW2lajVtNll6OObEQw_9kbOPkbKbHHm7t-XIJMQfyPAJJGa75GkVKJEkKSnxeo4F1A
[2026-01-20 21:19:56,670] ERROR: Unexpected status 403 for https://api.hh.ru/vacancies/128693509: {"errors":[{"value":"captcha_required","captcha_url":"https://hh.ru/account/captcha?state=pxvcxBozfu7ry7R4QCetFmUA3SFZr_Pa4yXPQEusAiQIVW2lajVtNll6OObEQw_9kbOPkbKbHHm7t-XIJMQfyGSAndVPCCZrPVhrYjuQbQrpQ4
[2026-01-20 21:19:56,673] ERROR: Unexpected status 403 for https://api.hh.ru/vacancies/129219769: {"errors":[{"value":"captcha_required","captcha_url":"https://hh.ru/account/captcha?state=pxvcxBozfu7ry7R4QCetFmUA3SFZr_Pa4yXPQEusAiQIVW2lajVtNll6OObEQw_9kbOPkbKbHHm7t-XIJMQfyNkExTENjd6eYi0Hi4z8LReyzG
[2026-01-20 21:19:56,686] ERROR: Unexpected status 403 for https://api.hh.ru/vacancies/129239944: {"errors":[{"value":"captcha_required","captcha_url":"https://hh.ru/account/captcha?state=pxvcxBozfu7ry7R4QCetFmUA3SFZr_Pa4yXPQEusAiQIVW2lajVtNll6OObEQw_9kbOPkbKbHHm7t-XIJMQfyKMC6itS7KiBdM7M5sKWUWE8Ej
[2026-01-20 21:19:56,691] ERROR: Unexpected status 403 for https://api.hh.ru/vacancies/127623070: {"errors":[{"value":"captcha_required","captcha_url":"https://hh.ru/account/captcha?state=pxvcxBozfu7ry7R4QCetFmUA3SFZr_Pa4yXPQEusAiQIVW2lajVtNll6OObEQw_9kbOPkbKbHHm7t-XIJMQfyHNsxPHLtJFBNfPtp7vCwP-RYz
[2026-01-20 21:19:56,693] ERROR: Unexpected status 403 for https://api.hh.ru/vacancies/129305874: {"errors":[{"value":"captcha_required","captcha_url":"https://hh.ru/account/captcha?state=pxvcxBozfu7ry7R4QCetFmUA3SFZr_Pa4yXPQEusAiQIVW2lajVtNll6OObEQw_9kbOPkbKbHHm7t-XIJMQfyBoZviaCQXR74xv_dMWG44bCbl
[2026-01-20 21:19:56,705] ERROR: Unexpected status 403 for https://api.hh.ru/vacancies/128773834: {"errors":[{"value":"captcha_required","captcha_url":"https://hh.ru/account/captcha?state=pxvcxBozfu7ry7R4QCetFmUA3SFZr_Pa4yXPQEusAiQIVW2lajVtNll6OObEQw_9kbOPkbKbHHm7t-XIJMQfyKIJpdJN-zzbJD95l_Mh8T7hen
[2026-01-20 21:19:56,718] ERROR: Unexpected status 403 for https://api.hh.ru/vacancies/129528791: {"errors":[{"value":"captcha_required","captcha_url":"https://hh.ru/account/captcha?state=pxvcxBozfu7ry7R4QCetFmUA3SFZr_Pa4yXPQEusAiQIVW2lajVtNll6OObEQw_9kbOPkbKbHHm7t-XIJMQfyPNs0n_F6nGwzyOFdrfLxEA7hs
[2026-01-20 21:19:56,745] ERROR: Unexpected status 403 for https://api.hh.ru/vacancies/126506032: {"errors":[{"value":"captcha_required","captcha_url":"https://hh.ru/account/captcha?state=pxvcxBozfu7ry7R4QCetFmUA3SFZr_Pa4yXPQEusAiQIVW2lajVtNll6OObEQw_9kbOPkbKbHHm7t-XIJMQfyN7z1mJtzYv9WPRerIkNOGi0Av
[2026-01-20 21:19:56,769] ERROR: Unexpected status 403 for https://api.hh.ru/vacancies/129545831: {"errors":[{"value":"captcha_required","captcha_url":"https://hh.ru/account/captcha?state=pxvcxBozfu7ry7R4QCetFmUA3SFZr_Pa4yXPQEusAiQIVW2lajVtNll6OObEQw_9kbOPkbKbHHm7t-XIJMQfyKO4trhCL9PU0hfjiWD3U-XMDU
[2026-01-20 21:19:56,775] ERROR: Unexpected status 403 for https://api.hh.ru/vacancies/129572860: {"errors":[{"value":"captcha_required","captcha_url":"https://hh.ru/account/captcha?state=pxvcxBozfu7ry7R4QCetFmUA3SFZr_Pa4yXPQEusAiQIVW2lajVtNll6OObEQw_9kbOPkbKbHHm7t-XIJMQfyGKM4N9QTXo6oQOKEbcYSUTQOn
[2026-01-20 21:19:56,778] ERROR: Unexpected status 403 for https://api.hh.ru/vacancies/129642261: {"errors":[{"value":"captcha_required","captcha_url":"https://hh.ru/account/captcha?state=pxvcxBozfu7ry7R4QCetFmUA3SFZr_Pa4yXPQEusAiQIVW2lajVtNll6OObEQw_9kbOPkbKbHHm7t-XIJMQfyJc3T-wdtqYg6ePOFIvHbcMEXL
[2026-01-20 21:19:56,799] ERROR: Unexpected status 403 for https://api.hh.ru/vacancies/129357891: {"errors":[{"value":"captcha_required","captcha_url":"https://hh.ru/account/captcha?state=pxvcxBozfu7ry7R4QCetFmUA3SFZr_Pa4yXPQEusAiQIVW2lajVtNll6OObEQw_9kbOPkbKbHHm7t-XIJMQfyDcnVr7xoHS3qfw34RK8KHvmef
[2026-01-20 21:19:56,809] ERROR: Unexpected status 403 for https://api.hh.ru/vacancies/129037566: {"errors":[{"value":"captcha_required","captcha_url":"https://hh.ru/account/captcha?state=pxvcxBozfu7ry7R4QCetFmUA3SFZr_Pa4yXPQEusAiQIVW2lajVtNll6OObEQw_9kbOPkbKbHHm7t-XIJMQfyJYiurkHsT91i3D-woqoVWTNQQ
[2026-01-20 21:19:56,816] ERROR: Unexpected status 403 for https://api.hh.ru/vacancies/129461968: {"errors":[{"value":"captcha_required","captcha_url":"https://hh.ru/account/captcha?state=pxvcxBozfu7ry7R4QCetFmUA3SFZr_Pa4yXPQEusAiQIVW2lajVtNll6OObEQw_9kbOPkbKbHHm7t-XIJMQfyFe-kmo5pZr1ZW7UwgpDUdUzH_
[2026-01-20 21:19:56,817] ERROR: Unexpected status 403 for https://api.hh.ru/vacancies/129066964: {"errors":[{"value":"captcha_required","captcha_url":"https://hh.ru/account/captcha?state=pxvcxBozfu7ry7R4QCetFmUA3SFZr_Pa4yXPQEusAiQIVW2lajVtNll6OObEQw_9kbOPkbKbHHm7t-XIJMQfyAi7FbX2BrYsqFC3AadCfjXp4-
[2026-01-20 21:19:56,824] ERROR: Unexpected status 403 for https://api.hh.ru/vacancies/127550340: {"errors":[{"value":"captcha_required","captcha_url":"https://hh.ru/account/captcha?state=pxvcxBozfu7ry7R4QCetFmUA3SFZr_Pa4yXPQEusAiQIVW2lajVtNll6OObEQw_9kbOPkbKbHHm7t-XIJMQfyEH9pzMLgJNQEHSgzwb4HOSw2C
[2026-01-20 21:19:56,827] ERROR: Unexpected status 403 for https://api.hh.ru/vacancies/128074325: {"errors":[{"value":"captcha_required","captcha_url":"https://hh.ru/account/captcha?state=pxvcxBozfu7ry7R4QCetFmUA3SFZr_Pa4yXPQEusAiQIVW2lajVtNll6OObEQw_9kbOPkbKbHHm7t-XIJMQfyOGnPKy8M3mUvoQxXR2IfMID0R
[2026-01-20 21:19:56,850] ERROR: Unexpected status 403 for https://api.hh.ru/vacancies/129154000: {"errors":[{"value":"captcha_required","captcha_url":"https://hh.ru/account/captcha?state=pxvcxBozfu7ry7R4QCetFmUA3SFZr_Pa4yXPQEusAiQIVW2lajVtNll6OObEQw_9kbOPkbKbHHm7t-XIJMQfyFaCHrvlmadmy49y345KO6BwL4
[2026-01-20 21:19:56,857] ERROR: Unexpected status 403 for https://api.hh.ru/vacancies/128540612: {"errors":[{"value":"captcha_required","captcha_url":"https://hh.ru/account/captcha?state=pxvcxBozfu7ry7R4QCetFmUA3SFZr_Pa4yXPQEusAiQIVW2lajVtNll6OObEQw_9kbOPkbKbHHm7t-XIJMQfyFnftk7m_rI5GA66pK0uxdomt-
[2026-01-20 21:19:56,866] ERROR: Unexpected status 403 for https://api.hh.ru/vacancies/129639051: {"errors":[{"value":"captcha_required","captcha_url":"https://hh.ru/account/captcha?state=pxvcxBozfu7ry7R4QCetFmUA3SFZr_Pa4yXPQEusAiQIVW2lajVtNll6OObEQw_9kbOPkbKbHHm7t-XIJMQfyAXOBwjjEcukYSirYRQ28ozKG8
[2026-01-20 21:19:56,889] ERROR: Unexpected status 403 for https://api.hh.ru/vacancies/129071105: {"errors":[{"value":"captcha_required","captcha_url":"https://hh.ru/account/captcha?state=pxvcxBozfu7ry7R4QCetFmUA3SFZr_Pa4yXPQEusAiQIVW2lajVtNll6OObEQw_9kbOPkbKbHHm7t-XIJMQfyKG9x-fry0TW5aM3z-WCB1kMBB
[2026-01-20 21:19:56,894] ERROR: Unexpected status 403 for https://api.hh.ru/vacancies/129307491: {"errors":[{"value":"captcha_required","captcha_url":"https://hh.ru/account/captcha?state=pxvcxBozfu7ry7R4QCetFmUA3SFZr_Pa4yXPQEusAiQIVW2lajVtNll6OObEQw_9kbOPkbKbHHm7t-XIJMQfyFGFvsUuqfiAb7gnhKZ20qXtlf
[2026-01-20 21:19:56,918] ERROR: Unexpected status 403 for https://api.hh.ru/vacancies/129642819: {"errors":[{"value":"captcha_required","captcha_url":"https://hh.ru/account/captcha?state=pxvcxBozfu7ry7R4QCetFmUA3SFZr_Pa4yXPQEusAiQIVW2lajVtNll6OObEQw_9kbOPkbKbHHm7t-XIJMQfyF4wBRJR-9S9aHTvilRpSvrP5E
[2026-01-20 21:19:56,925] ERROR: Unexpected status 403 for https://api.hh.ru/vacancies/129602052: {"errors":[{"value":"captcha_required","captcha_url":"https://hh.ru/account/captcha?state=pxvcxBozfu7ry7R4QCetFmUA3SFZr_Pa4yXPQEusAiQIVW2lajVtNll6OObEQw_9kbOPkbKbHHm7t-XIJMQfyMu77lbMUyH6RUNETwB7-83kAV
[2026-01-20 21:19:56,926] ERROR: Unexpected status 403 for https://api.hh.ru/vacancies/128695088: {"errors":[{"value":"captcha_required","captcha_url":"https://hh.ru/account/captcha?state=pxvcxBozfu7ry7R4QCetFmUA3SFZr_Pa4yXPQEusAiQIVW2lajVtNll6OObEQw_9kbOPkbKbHHm7t-XIJMQfyNPlLKe7KiJKh1kXsKE_IuWUpA
[2026-01-20 21:19:56,955] INFO: Worker 7 finished area Шелангер; total collected 119
[2026-01-20 21:19:56,955] INFO: Worker 7 scanning area Азнакаево (1626)
[2026-01-20 21:19:56,960] ERROR: Unexpected status 403 for https://api.hh.ru/vacancies/129346428: {"errors":[{"value":"captcha_required","captcha_url":"https://hh.ru/account/captcha?state=pxvcxBozfu7ry7R4QCetFmUA3SFZr_Pa4yXPQEusAiQIVW2lajVtNll6OObEQw_9kbOPkbKbHHm7t-XIJMQfyNXGrUpZWi0XInumrZuNiFeYG3
[2026-01-20 21:19:57,018] ERROR: Unexpected status 403 for https://api.hh.ru/vacancies/129520327: {"errors":[{"value":"captcha_required","captcha_url":"https://hh.ru/account/captcha?state=pxvcxBozfu7ry7R4QCetFmUA3SFZr_Pa4yXPQEusAiQIVW2lajVtNll6OObEQw_9kbOPkbKbHHm7t-XIJMQfyOBwxbF0pHtfTmWFuaJ1m-3ziz
[2026-01-20 21:19:57,044] ERROR: Unexpected status 403 for https://api.hh.ru/vacancies/128230823: {"errors":[{"value":"captcha_required","captcha_url":"https://hh.ru/account/captcha?state=pxvcxBozfu7ry7R4QCetFmUA3SFZr_Pa4yXPQEusAiQIVW2lajVtNll6OObEQw_9kbOPkbKbHHm7t-XIJMQfyKXPwLbDLuMrRv_hun5lhVc_gz
[2026-01-20 21:19:57,056] ERROR: Unexpected status 403 for https://api.hh.ru/vacancies/129301823: {"errors":[{"value":"captcha_required","captcha_url":"https://hh.ru/account/captcha?state=pxvcxBozfu7ry7R4QCetFmUA3SFZr_Pa4yXPQEusAiQIVW2lajVtNll6OObEQw_9kbOPkbKbHHm7t-XIJMQfyLgyZi9XflhYd9O39dHcS4RD_X
[2026-01-20 21:19:57,057] ERROR: Unexpected status 403 for https://api.hh.ru/vacancies/129189346: {"errors":[{"value":"captcha_required","captcha_url":"https://hh.ru/account/captcha?state=pxvcxBozfu7ry7R4QCetFmUA3SFZr_Pa4yXPQEusAiQIVW2lajVtNll6OObEQw_9kbOPkbKbHHm7t-XIJMQfyIz9D_uZdh7RyOWP09-E5DliOq
[2026-01-20 21:19:57,068] ERROR: Unexpected status 403 for https://api.hh.ru/vacancies/129140847: {"errors":[{"value":"captcha_required","captcha_url":"https://hh.ru/account/captcha?state=pxvcxBozfu7ry7R4QCetFmUA3SFZr_Pa4yXPQEusAiQIVW2lajVtNll6OObEQw_9kbOPkbKbHHm7t-XIJMQfyGr7cO4GMUsX32CHM0YFug411g
[2026-01-20 21:19:57,069] ERROR: Unexpected status 403 for https://api.hh.ru/vacancies/129627709: {"errors":[{"value":"captcha_required","captcha_url":"https://hh.ru/account/captcha?state=pxvcxBozfu7ry7R4QCetFmUA3SFZr_Pa4yXPQEusAiQIVW2lajVtNll6OObEQw_9kbOPkbKbHHm7t-XIJMQfyEtPXcwhG7r0ZfjhZIE0tQkFGN
[2026-01-20 21:19:57,093] ERROR: Unexpected status 403 for https://api.hh.ru/vacancies/129400565: {"errors":[{"value":"captcha_required","captcha_url":"https://hh.ru/account/captcha?state=pxvcxBozfu7ry7R4QCetFmUA3SFZr_Pa4yXPQEusAiQIVW2lajVtNll6OObEQw_9kbOPkbKbHHm7t-XIJMQfyEPo8SUvptHLrlezJfqAQTR7pg
[2026-01-20 21:19:57,101] ERROR: Unexpected status 403 for https://api.hh.ru/vacancies/129171846: {"errors":[{"value":"captcha_required","captcha_url":"https://hh.ru/account/captcha?state=pxvcxBozfu7ry7R4QCetFmUA3SFZr_Pa4yXPQEusAiQIVW2lajVtNll6OObEQw_9kbOPkbKbHHm7t-XIJMQfyNeQzEjZxSFLyLzEnmPyqogxFQ
[2026-01-20 21:19:57,136] ERROR: Unexpected status 403 for https://api.hh.ru/vacancies/129249425: {"errors":[{"value":"captcha_required","captcha_url":"https://hh.ru/account/captcha?state=pxvcxBozfu7ry7R4QCetFmUA3SFZr_Pa4yXPQEusAiQIVW2lajVtNll6OObEQw_9kbOPkbKbHHm7t-XIJMQfyL-76Kpjc0pwXmLM0Rj9EIFOmE
[2026-01-20 21:19:57,184] ERROR: Unexpected status 403 for https://api.hh.ru/vacancies/128560976: {"errors":[{"value":"captcha_required","captcha_url":"https://hh.ru/account/captcha?state=pxvcxBozfu7ry7R4QCetFmUA3SFZr_Pa4yXPQEusAiQIVW2lajVtNll6OObEQw_9kbOPkbKbHHm7t-XIJMQfyKOcLeYG4nVqe9VR9t4nPRbWO0
[2026-01-20 21:19:57,190] ERROR: Unexpected status 403 for https://api.hh.ru/vacancies/129613712: {"errors":[{"value":"captcha_required","captcha_url":"https://hh.ru/account/captcha?state=pxvcxBozfu7ry7R4QCetFmUA3SFZr_Pa4yXPQEusAiQIVW2lajVtNll6OObEQw_9kbOPkbKbHHm7t-XIJMQfyIDu4WJunQTEwk7_a8z_V9fFHh
[2026-01-20 21:19:57,225] ERROR: Unexpected status 403 for https://api.hh.ru/vacancies/129395023: {"errors":[{"value":"captcha_required","captcha_url":"https://hh.ru/account/captcha?state=pxvcxBozfu7ry7R4QCetFmUA3SFZr_Pa4yXPQEusAiQIVW2lajVtNll6OObEQw_9kbOPkbKbHHm7t-XIJMQfyIsgfunQPdynHZgVBlJLROAoU1
[2026-01-20 21:19:57,241] ERROR: Unexpected status 403 for https://api.hh.ru/vacancies/129482071: {"errors":[{"value":"captcha_required","captcha_url":"https://hh.ru/account/captcha?state=pxvcxBozfu7ry7R4QCetFmUA3SFZr_Pa4yXPQEusAiQIVW2lajVtNll6OObEQw_9kbOPkbKbHHm7t-XIJMQfyIDKw9uLD2GpUrEtnNU7VXQZbH
[2026-01-20 21:19:57,250] ERROR: Unexpected status 403 for https://api.hh.ru/vacancies/129113750: {"errors":[{"value":"captcha_required","captcha_url":"https://hh.ru/account/captcha?state=pxvcxBozfu7ry7R4QCetFmUA3SFZr_Pa4yXPQEusAiQIVW2lajVtNll6OObEQw_9kbOPkbKbHHm7t-XIJMQfyNd8R6CwbVQtxRQ-fawfcpMilz
[2026-01-20 21:19:57,256] ERROR: Unexpected status 403 for https://api.hh.ru/vacancies/127728852: {"errors":[{"value":"captcha_required","captcha_url":"https://hh.ru/account/captcha?state=pxvcxBozfu7ry7R4QCetFmUA3SFZr_Pa4yXPQEusAiQIVW2lajVtNll6OObEQw_9kbOPkbKbHHm7t-XIJMQfyNnmnBYPppas0N7iIhieoLKeti
[2026-01-20 21:19:57,268] ERROR: Unexpected status 403 for https://api.hh.ru/vacancies/128715954: {"errors":[{"value":"captcha_required","captcha_url":"https://hh.ru/account/captcha?state=pxvcxBozfu7ry7R4QCetFmUA3SFZr_Pa4yXPQEusAiQIVW2lajVtNll6OObEQw_9kbOPkbKbHHm7t-XIJMQfyFcuzdn6gR12OnEV4aeE3j2iwQ
[2026-01-20 21:19:57,268] ERROR: Unexpected status 403 for https://api.hh.ru/vacancies/129315976: {"errors":[{"value":"captcha_required","captcha_url":"https://hh.ru/account/captcha?state=pxvcxBozfu7ry7R4QCetFmUA3SFZr_Pa4yXPQEusAiQIVW2lajVtNll6OObEQw_9kbOPkbKbHHm7t-XIJMQfyAJ_pnVL1xmNfZJ9yQgB6zsI3R
[2026-01-20 21:19:57,280] ERROR: Unexpected status 403 for https://api.hh.ru/vacancies/129031099: {"errors":[{"value":"captcha_required","captcha_url":"https://hh.ru/account/captcha?state=pxvcxBozfu7ry7R4QCetFmUA3SFZr_Pa4yXPQEusAiQIVW2lajVtNll6OObEQw_9kbOPkbKbHHm7t-XIJMQfyAW1O2VIzIp2jX5RYABetdpz1C
[2026-01-20 21:19:57,286] ERROR: Unexpected status 403 for https://api.hh.ru/vacancies/129606496: {"errors":[{"value":"captcha_required","captcha_url":"https://hh.ru/account/captcha?state=pxvcxBozfu7ry7R4QCetFmUA3SFZr_Pa4yXPQEusAiQIVW2lajVtNll6OObEQw_9kbOPkbKbHHm7t-XIJMQfyB7Uyt0xcLMYr1RU3ONxS1anyN
[2026-01-20 21:19:57,291] ERROR: Unexpected status 403 for https://api.hh.ru/vacancies/129352272: {"errors":[{"value":"captcha_required","captcha_url":"https://hh.ru/account/captcha?state=pxvcxBozfu7ry7R4QCetFmUA3SFZr_Pa4yXPQEusAiQIVW2lajVtNll6OObEQw_9kbOPkbKbHHm7t-XIJMQfyMLSZoyy5s9V0yEyfaW8Lp5_A-
[2026-01-20 21:19:57,297] ERROR: Unexpected status 403 for https://api.hh.ru/vacancies/129530450: {"errors":[{"value":"captcha_required","captcha_url":"https://hh.ru/account/captcha?state=pxvcxBozfu7ry7R4QCetFmUA3SFZr_Pa4yXPQEusAiQIVW2lajVtNll6OObEQw_9kbOPkbKbHHm7t-XIJMQfyA693x2wBkuMWUkAeECOAEz2q0
[2026-01-20 21:19:57,301] ERROR: Unexpected status 403 for https://api.hh.ru/vacancies/129199661: {"errors":[{"value":"captcha_required","captcha_url":"https://hh.ru/account/captcha?state=pxvcxBozfu7ry7R4QCetFmUA3SFZr_Pa4yXPQEusAiQIVW2lajVtNll6OObEQw_9kbOPkbKbHHm7t-XIJMQfyNR5UFanGmaToHkc-1CrWcneXy
[2026-01-20 21:19:57,306] ERROR: Unexpected status 403 for https://api.hh.ru/vacancies/129271964: {"errors":[{"value":"captcha_required","captcha_url":"https://hh.ru/account/captcha?state=pxvcxBozfu7ry7R4QCetFmUA3SFZr_Pa4yXPQEusAiQIVW2lajVtNll6OObEQw_9kbOPkbKbHHm7t-XIJMQfyLXJ1ctT8KOvpxJRNociq9WjF4
[2026-01-20 21:19:57,309] ERROR: Unexpected status 403 for https://api.hh.ru/vacancies/129512056: {"errors":[{"value":"captcha_required","captcha_url":"https://hh.ru/account/captcha?state=pxvcxBozfu7ry7R4QCetFmUA3SFZr_Pa4yXPQEusAiQIVW2lajVtNll6OObEQw_9kbOPkbKbHHm7t-XIJMQfyJEWGSmXDfYDMKve3WdzH32cY2
[2026-01-20 21:19:57,322] ERROR: Unexpected status 403 for https://api.hh.ru/vacancies/120621411: {"errors":[{"value":"captcha_required","captcha_url":"https://hh.ru/account/captcha?state=pxvcxBozfu7ry7R4QCetFmUA3SFZr_Pa4yXPQEusAiQIVW2lajVtNll6OObEQw_9kbOPkbKbHHm7t-XIJMQfyKb5OxDLRsCA-Uj3JxLHjqzgCC
[2026-01-20 21:19:57,333] ERROR: Unexpected status 403 for https://api.hh.ru/vacancies/129148011: {"errors":[{"value":"captcha_required","captcha_url":"https://hh.ru/account/captcha?state=pxvcxBozfu7ry7R4QCetFmUA3SFZr_Pa4yXPQEusAiQIVW2lajVtNll6OObEQw_9kbOPkbKbHHm7t-XIJMQfyDXnNpwdK8PSYnPb1rfhETe9WB
[2026-01-20 21:19:57,339] ERROR: Unexpected status 403 for https://api.hh.ru/vacancies/129264365: {"errors":[{"value":"captcha_required","captcha_url":"https://hh.ru/account/captcha?state=pxvcxBozfu7ry7R4QCetFmUA3SFZr_Pa4yXPQEusAiQIVW2lajVtNll6OObEQw_9kbOPkbKbHHm7t-XIJMQfyOXArUU0uS8AfFvj1Yk4IuiGNP
[2026-01-20 21:19:57,342] ERROR: Unexpected status 403 for https://api.hh.ru/vacancies/129542542: {"errors":[{"value":"captcha_required","captcha_url":"https://hh.ru/account/captcha?state=pxvcxBozfu7ry7R4QCetFmUA3SFZr_Pa4yXPQEusAiQIVW2lajVtNll6OObEQw_9kbOPkbKbHHm7t-XIJMQfyKccnnzS2q_hX-u6kmYCHmHSH7
[2026-01-20 21:19:57,362] ERROR: Unexpected status 403 for https://api.hh.ru/vacancies/129565674: {"errors":[{"value":"captcha_required","captcha_url":"https://hh.ru/account/captcha?state=pxvcxBozfu7ry7R4QCetFmUA3SFZr_Pa4yXPQEusAiQIVW2lajVtNll6OObEQw_9kbOPkbKbHHm7t-XIJMQfyFtk45roSZsTctts284SC_6Rw9
[2026-01-20 21:19:57,368] ERROR: Unexpected status 403 for https://api.hh.ru/vacancies/129046517: {"errors":[{"value":"captcha_required","captcha_url":"https://hh.ru/account/captcha?state=pxvcxBozfu7ry7R4QCetFmUA3SFZr_Pa4yXPQEusAiQIVW2lajVtNll6OObEQw_9kbOPkbKbHHm7t-XIJMQfyPlO7GaQudVWdwlyf0D4ZofcsH
[2026-01-20 21:19:57,417] ERROR: Unexpected status 403 for https://api.hh.ru/vacancies/129648279: {"errors":[{"value":"captcha_required","captcha_url":"https://hh.ru/account/captcha?state=pxvcxBozfu7ry7R4QCetFmUA3SFZr_Pa4yXPQEusAiQIVW2lajVtNll6OObEQw_9kbOPkbKbHHm7t-XIJMQfyLRvMVdg80RotSN4hgBVF3aAsD
[2026-01-20 21:19:57,430] ERROR: Unexpected status 403 for https://api.hh.ru/vacancies/129197585: {"errors":[{"value":"captcha_required","captcha_url":"https://hh.ru/account/captcha?state=pxvcxBozfu7ry7R4QCetFmUA3SFZr_Pa4yXPQEusAiQIVW2lajVtNll6OObEQw_9kbOPkbKbHHm7t-XIJMQfyAHgdXgksK_IB6hMUHBBFQ2BYa
[2026-01-20 21:19:57,432] ERROR: Unexpected status 403 for https://api.hh.ru/vacancies/129510200: {"errors":[{"value":"captcha_required","captcha_url":"https://hh.ru/account/captcha?state=pxvcxBozfu7ry7R4QCetFmUA3SFZr_Pa4yXPQEusAiQIVW2lajVtNll6OObEQw_9kbOPkbKbHHm7t-XIJMQfyO68rPZnm3R--JYunY5Lsy2-tu
[2026-01-20 21:19:57,433] ERROR: Unexpected status 403 for https://api.hh.ru/vacancies/129653066: {"errors":[{"value":"captcha_required","captcha_url":"https://hh.ru/account/captcha?state=pxvcxBozfu7ry7R4QCetFmUA3SFZr_Pa4yXPQEusAiQIVW2lajVtNll6OObEQw_9kbOPkbKbHHm7t-XIJMQfyMHo-SXQcvhp23Jkl-j4gfhTHq
[2026-01-20 21:19:57,437] ERROR: Unexpected status 403 for https://api.hh.ru/vacancies/128988499: {"errors":[{"value":"captcha_required","captcha_url":"https://hh.ru/account/captcha?state=pxvcxBozfu7ry7R4QCetFmUA3SFZr_Pa4yXPQEusAiQIVW2lajVtNll6OObEQw_9kbOPkbKbHHm7t-XIJMQfyAqzm7fIVi6YilCKu4ev5f4dZw
[2026-01-20 21:19:57,454] ERROR: Unexpected status 403 for https://api.hh.ru/vacancies/129502982: {"errors":[{"value":"captcha_required","captcha_url":"https://hh.ru/account/captcha?state=pxvcxBozfu7ry7R4QCetFmUA3SFZr_Pa4yXPQEusAiQIVW2lajVtNll6OObEQw_9kbOPkbKbHHm7t-XIJMQfyAe27NIpRrc3G81utti3fXHyS8
[2026-01-20 21:19:57,465] ERROR: Unexpected status 403 for https://api.hh.ru/vacancies/128700949: {"errors":[{"value":"captcha_required","captcha_url":"https://hh.ru/account/captcha?state=pxvcxBozfu7ry7R4QCetFmUA3SFZr_Pa4yXPQEusAiQIVW2lajVtNll6OObEQw_9kbOPkbKbHHm7t-XIJMQfyBdIaVIdGvg4x3wZmaS9FObz4y
[2026-01-20 21:19:57,481] ERROR: Unexpected status 403 for https://api.hh.ru/vacancies/129214449: {"errors":[{"value":"captcha_required","captcha_url":"https://hh.ru/account/captcha?state=pxvcxBozfu7ry7R4QCetFmUA3SFZr_Pa4yXPQEusAiQIVW2lajVtNll6OObEQw_9kbOPkbKbHHm7t-XIJMQfyO4eJogYFbfj5J1BXwDUbgpvYd
[2026-01-20 21:19:57,492] ERROR: Unexpected status 403 for https://api.hh.ru/vacancies/129480037: {"errors":[{"value":"captcha_required","captcha_url":"https://hh.ru/account/captcha?state=pxvcxBozfu7ry7R4QCetFmUA3SFZr_Pa4yXPQEusAiQIVW2lajVtNll6OObEQw_9kbOPkbKbHHm7t-XIJMQfyMUdZNYqsa8niB9AaqX9nQ8kHK
[2026-01-20 21:19:57,500] ERROR: Unexpected status 403 for https://api.hh.ru/vacancies/128776013: {"errors":[{"value":"captcha_required","captcha_url":"https://hh.ru/account/captcha?state=pxvcxBozfu7ry7R4QCetFmUA3SFZr_Pa4yXPQEusAiQIVW2lajVtNll6OObEQw_9kbOPkbKbHHm7t-XIJMQfyKuFbaV_jhkzCPs0A6yEU0s5Yf
[2026-01-20 21:19:57,513] ERROR: Unexpected status 403 for https://api.hh.ru/vacancies/129287065: {"errors":[{"value":"captcha_required","captcha_url":"https://hh.ru/account/captcha?state=pxvcxBozfu7ry7R4QCetFmUA3SFZr_Pa4yXPQEusAiQIVW2lajVtNll6OObEQw_9kbOPkbKbHHm7t-XIJMQfyBmshCGsrLp1H2QHx3sT5lgWnO
[2026-01-20 21:19:57,514] ERROR: Unexpected status 403 for https://api.hh.ru/vacancies/128300896: {"errors":[{"value":"captcha_required","captcha_url":"https://hh.ru/account/captcha?state=pxvcxBozfu7ry7R4QCetFmUA3SFZr_Pa4yXPQEusAiQIVW2lajVtNll6OObEQw_9kbOPkbKbHHm7t-XIJMQfyKyRv9gSqn2SD2r9AsmoYP1GiF
[2026-01-20 21:19:57,523] ERROR: Unexpected status 403 for https://api.hh.ru/vacancies/129374347: {"errors":[{"value":"captcha_required","captcha_url":"https://hh.ru/account/captcha?state=pxvcxBozfu7ry7R4QCetFmUA3SFZr_Pa4yXPQEusAiQIVW2lajVtNll6OObEQw_9kbOPkbKbHHm7t-XIJMQfyGCf9FT4FSYsxaAQFqkTl7FXY4
[2026-01-20 21:19:57,524] ERROR: Unexpected status 403 for https://api.hh.ru/vacancies/129425382: {"errors":[{"value":"captcha_required","captcha_url":"https://hh.ru/account/captcha?state=pxvcxBozfu7ry7R4QCetFmUA3SFZr_Pa4yXPQEusAiQIVW2lajVtNll6OObEQw_9kbOPkbKbHHm7t-XIJMQfyDKQlHdvXGHf1ZsSkb1_5meCTI
[2026-01-20 21:19:57,528] ERROR: Unexpected status 403 for https://api.hh.ru/vacancies/128973737: {"errors":[{"value":"captcha_required","captcha_url":"https://hh.ru/account/captcha?state=pxvcxBozfu7ry7R4QCetFmUA3SFZr_Pa4yXPQEusAiQIVW2lajVtNll6OObEQw_9kbOPkbKbHHm7t-XIJMQfyBNh6XPqQ46S5wq-Kan758xSyt
[2026-01-20 21:19:57,530] ERROR: Unexpected status 403 for https://api.hh.ru/vacancies/129643770: {"errors":[{"value":"captcha_required","captcha_url":"https://hh.ru/account/captcha?state=pxvcxBozfu7ry7R4QCetFmUA3SFZr_Pa4yXPQEusAiQIVW2lajVtNll6OObEQw_9kbOPkbKbHHm7t-XIJMQfyGuh4sftbZGBT-dJ2c-1p7cL7h
[2026-01-20 21:19:57,539] ERROR: Unexpected status 403 for https://api.hh.ru/vacancies/129348560: {"errors":[{"value":"captcha_required","captcha_url":"https://hh.ru/account/captcha?state=pxvcxBozfu7ry7R4QCetFmUA3SFZr_Pa4yXPQEusAiQIVW2lajVtNll6OObEQw_9kbOPkbKbHHm7t-XIJMQfyPvhvEkiDCDj5hcB6p3SCrQIaT
[2026-01-20 21:19:57,543] ERROR: Unexpected status 403 for https://api.hh.ru/vacancies/129625759: {"errors":[{"value":"captcha_required","captcha_url":"https://hh.ru/account/captcha?state=pxvcxBozfu7ry7R4QCetFmUA3SFZr_Pa4yXPQEusAiQIVW2lajVtNll6OObEQw_9kbOPkbKbHHm7t-XIJMQfyBkqnQ9a6qc31s-YMZw6Lilp4p
[2026-01-20 21:19:57,544] ERROR: Unexpected status 403 for https://api.hh.ru/vacancies/129512190: {"errors":[{"value":"captcha_required","captcha_url":"https://hh.ru/account/captcha?state=pxvcxBozfu7ry7R4QCetFmUA3SFZr_Pa4yXPQEusAiQIVW2lajVtNll6OObEQw_9kbOPkbKbHHm7t-XIJMQfyE9s3kqKAuxDti0HJZR6OlqRxw
[2026-01-20 21:19:57,548] ERROR: Unexpected status 403 for https://api.hh.ru/vacancies/129005446: {"errors":[{"value":"captcha_required","captcha_url":"https://hh.ru/account/captcha?state=pxvcxBozfu7ry7R4QCetFmUA3SFZr_Pa4yXPQEusAiQIVW2lajVtNll6OObEQw_9kbOPkbKbHHm7t-XIJMQfyK-_Q-XCey76nEOIbnatqaw3Ll
[2026-01-20 21:19:57,558] ERROR: Unexpected status 403 for https://api.hh.ru/vacancies/129134596: {"errors":[{"value":"captcha_required","captcha_url":"https://hh.ru/account/captcha?state=pxvcxBozfu7ry7R4QCetFmUA3SFZr_Pa4yXPQEusAiQIVW2lajVtNll6OObEQw_9kbOPkbKbHHm7t-XIJMQfyDnAZxwB9H0pPnXPi3lhLwofEa
[2026-01-20 21:19:57,563] ERROR: Unexpected status 403 for https://api.hh.ru/vacancies/129574151: {"errors":[{"value":"captcha_required","captcha_url":"https://hh.ru/account/captcha?state=pxvcxBozfu7ry7R4QCetFmUA3SFZr_Pa4yXPQEusAiQIVW2lajVtNll6OObEQw_9kbOPkbKbHHm7t-XIJMQfyKDwb72NzympwUT2vrmTAXbOje
[2026-01-20 21:19:57,563] ERROR: Unexpected status 403 for https://api.hh.ru/vacancies/129598336: {"errors":[{"value":"captcha_required","captcha_url":"https://hh.ru/account/captcha?state=pxvcxBozfu7ry7R4QCetFmUA3SFZr_Pa4yXPQEusAiQIVW2lajVtNll6OObEQw_9kbOPkbKbHHm7t-XIJMQfyKRg2B_Xuluu4u8rPUxRRQliXT
[2026-01-20 21:19:57,567] ERROR: Unexpected status 403 for https://api.hh.ru/vacancies/129180573: {"errors":[{"value":"captcha_required","captcha_url":"https://hh.ru/account/captcha?state=pxvcxBozfu7ry7R4QCetFmUA3SFZr_Pa4yXPQEusAiQIVW2lajVtNll6OObEQw_9kbOPkbKbHHm7t-XIJMQfyJwgFxGuNd7l8xnwroo1e_Sj2f
[2026-01-20 21:19:57,576] ERROR: Unexpected status 403 for https://api.hh.ru/vacancies/129373043: {"errors":[{"value":"captcha_required","captcha_url":"https://hh.ru/account/captcha?state=pxvcxBozfu7ry7R4QCetFmUA3SFZr_Pa4yXPQEusAiQIVW2lajVtNll6OObEQw_9kbOPkbKbHHm7t-XIJMQfyJ57FsH-OZbN0slaV9MyK9rYmd
[2026-01-20 21:19:57,580] ERROR: Unexpected status 403 for https://api.hh.ru/vacancies/129543363: {"errors":[{"value":"captcha_required","captcha_url":"https://hh.ru/account/captcha?state=pxvcxBozfu7ry7R4QCetFmUA3SFZr_Pa4yXPQEusAiQIVW2lajVtNll6OObEQw_9kbOPkbKbHHm7t-XIJMQfyD1fGVVC74ZWDTsXF4qoEi8NvR
[2026-01-20 21:19:57,609] ERROR: Unexpected status 403 for https://api.hh.ru/vacancies/129629287: {"errors":[{"value":"captcha_required","captcha_url":"https://hh.ru/account/captcha?state=pxvcxBozfu7ry7R4QCetFmUA3SFZr_Pa4yXPQEusAiQIVW2lajVtNll6OObEQw_9kbOPkbKbHHm7t-XIJMQfyFeiRCoQnafKTP-3aiF2JXOIDs
[2026-01-20 21:19:57,645] ERROR: Unexpected status 403 for https://api.hh.ru/vacancies/129134504: {"errors":[{"value":"captcha_required","captcha_url":"https://hh.ru/account/captcha?state=pxvcxBozfu7ry7R4QCetFmUA3SFZr_Pa4yXPQEusAiQIVW2lajVtNll6OObEQw_9kbOPkbKbHHm7t-XIJMQfyMA9nVHwhAytyEZegIGypBBG7r
[2026-01-20 21:19:57,647] ERROR: Unexpected status 403 for https://api.hh.ru/vacancies/128674952: {"errors":[{"value":"captcha_required","captcha_url":"https://hh.ru/account/captcha?state=pxvcxBozfu7ry7R4QCetFmUA3SFZr_Pa4yXPQEusAiQIVW2lajVtNll6OObEQw_9kbOPkbKbHHm7t-XIJMQfyOe2V7n0zYt6Hi75dfAYhL608r
[2026-01-20 21:19:57,654] ERROR: Unexpected status 403 for https://api.hh.ru/vacancies/129461968: {"errors":[{"value":"captcha_required","captcha_url":"https://hh.ru/account/captcha?state=pxvcxBozfu7ry7R4QCetFmUA3SFZr_Pa4yXPQEusAiQIVW2lajVtNll6OObEQw_9kbOPkbKbHHm7t-XIJMQfyFe-kmo5pZr1ZW7UwgpDUdUxIZ
[2026-01-20 21:19:57,662] ERROR: Unexpected status 403 for https://api.hh.ru/vacancies/127953943: {"errors":[{"value":"captcha_required","captcha_url":"https://hh.ru/account/captcha?state=pxvcxBozfu7ry7R4QCetFmUA3SFZr_Pa4yXPQEusAiQIVW2lajVtNll6OObEQw_9kbOPkbKbHHm7t-XIJMQfyE8pNjC78iuYvdaqjPNktodDHq
[2026-01-20 21:19:57,664] ERROR: Unexpected status 403 for https://api.hh.ru/vacancies/129623691: {"errors":[{"value":"captcha_required","captcha_url":"https://hh.ru/account/captcha?state=pxvcxBozfu7ry7R4QCetFmUA3SFZr_Pa4yXPQEusAiQIVW2lajVtNll6OObEQw_9kbOPkbKbHHm7t-XIJMQfyIKJP6l_AD3xh49oJKjQ79g5_z
[2026-01-20 21:19:57,676] ERROR: Unexpected status 403 for https://api.hh.ru/vacancies/129292908: {"errors":[{"value":"captcha_required","captcha_url":"https://hh.ru/account/captcha?state=pxvcxBozfu7ry7R4QCetFmUA3SFZr_Pa4yXPQEusAiQIVW2lajVtNll6OObEQw_9kbOPkbKbHHm7t-XIJMQfyGgPJD-BUMvgUBDZZbu82elmHg
[2026-01-20 21:19:57,684] ERROR: Unexpected status 403 for https://api.hh.ru/vacancies/129260930: {"errors":[{"value":"captcha_required","captcha_url":"https://hh.ru/account/captcha?state=pxvcxBozfu7ry7R4QCetFmUA3SFZr_Pa4yXPQEusAiQIVW2lajVtNll6OObEQw_9kbOPkbKbHHm7t-XIJMQfyE5eRaFNq0YDpEYpuu5WriFzp4
[2026-01-20 21:19:57,689] ERROR: Unexpected status 403 for https://api.hh.ru/vacancies/129360472: {"errors":[{"value":"captcha_required","captcha_url":"https://hh.ru/account/captcha?state=pxvcxBozfu7ry7R4QCetFmUA3SFZr_Pa4yXPQEusAiQIVW2lajVtNll6OObEQw_9kbOPkbKbHHm7t-XIJMQfyIWrPHpgIVkJNFo57_QTBDWZJY
[2026-01-20 21:19:57,689] ERROR: Unexpected status 403 for https://api.hh.ru/vacancies/128326601: {"errors":[{"value":"captcha_required","captcha_url":"https://hh.ru/account/captcha?state=pxvcxBozfu7ry7R4QCetFmUA3SFZr_Pa4yXPQEusAiQIVW2lajVtNll6OObEQw_9kbOPkbKbHHm7t-XIJMQfyJEhyFiQoimSxeG0hiA6nEFiNL
[2026-01-20 21:19:57,696] INFO: Splitting range 2000-01-01-2026-01-20 into 2000-01-01-2013-01-10 and 2013-01-11-2026-01-20 (found=20944)
[2026-01-20 21:19:57,700] ERROR: Unexpected status 403 for https://api.hh.ru/vacancies/128930884: {"errors":[{"value":"captcha_required","captcha_url":"https://hh.ru/account/captcha?state=pxvcxBozfu7ry7R4QCetFmUA3SFZr_Pa4yXPQEusAiQIVW2lajVtNll6OObEQw_9kbOPkbKbHHm7t-XIJMQfyO-9QMlUZjiDAqiD9mji4MMNTo
[2026-01-20 21:19:57,705] ERROR: Unexpected status 403 for https://api.hh.ru/vacancies/129626678: {"errors":[{"value":"captcha_required","captcha_url":"https://hh.ru/account/captcha?state=pxvcxBozfu7ry7R4QCetFmUA3SFZr_Pa4yXPQEusAiQIVW2lajVtNll6OObEQw_9kbOPkbKbHHm7t-XIJMQfyFo5dSTBgsRj2a1hRJeTEdoZv8
[2026-01-20 21:19:57,732] ERROR: Unexpected status 403 for https://api.hh.ru/vacancies/126123430: {"errors":[{"value":"captcha_required","captcha_url":"https://hh.ru/account/captcha?state=pxvcxBozfu7ry7R4QCetFmUA3SFZr_Pa4yXPQEusAiQIVW2lajVtNll6OObEQw_9kbOPkbKbHHm7t-XIJMQfyDP6yHqZ3ZUOvDF_tdo6_zwkgt
[2026-01-20 21:19:57,740] ERROR: Unexpected status 403 for https://api.hh.ru/vacancies/128674311: {"errors":[{"value":"captcha_required","captcha_url":"https://hh.ru/account/captcha?state=pxvcxBozfu7ry7R4QCetFmUA3SFZr_Pa4yXPQEusAiQIVW2lajVtNll6OObEQw_9kbOPkbKbHHm7t-XIJMQfyOUdtFnUklszniiDEpBe4KoJFw
[2026-01-20 21:19:57,744] ERROR: Unexpected status 403 for https://api.hh.ru/vacancies/127821638: {"errors":[{"value":"captcha_required","captcha_url":"https://hh.ru/account/captcha?state=pxvcxBozfu7ry7R4QCetFmUA3SFZr_Pa4yXPQEusAiQIVW2lajVtNll6OObEQw_9kbOPkbKbHHm7t-XIJMQfyHWwl6Ve_BB_kOgjEgiBAPSviD
[2026-01-20 21:19:57,756] ERROR: Unexpected status 403 for https://api.hh.ru/vacancies/129518913: {"errors":[{"value":"captcha_required","captcha_url":"https://hh.ru/account/captcha?state=pxvcxBozfu7ry7R4QCetFmUA3SFZr_Pa4yXPQEusAiQIVW2lajVtNll6OObEQw_9kbOPkbKbHHm7t-XIJMQfyPAJJGa75GkVKJEkKSnxeo4Zyx
[2026-01-20 21:19:57,772] ERROR: Unexpected status 403 for https://api.hh.ru/vacancies/129197445: {"errors":[{"value":"captcha_required","captcha_url":"https://hh.ru/account/captcha?state=pxvcxBozfu7ry7R4QCetFmUA3SFZr_Pa4yXPQEusAiQIVW2lajVtNll6OObEQw_9kbOPkbKbHHm7t-XIJMQfyCsAo6qqEFwRST_M2KQuD0lmNA
[2026-01-20 21:19:57,786] ERROR: Unexpected status 403 for https://api.hh.ru/vacancies/129518850: {"errors":[{"value":"captcha_required","captcha_url":"https://hh.ru/account/captcha?state=pxvcxBozfu7ry7R4QCetFmUA3SFZr_Pa4yXPQEusAiQIVW2lajVtNll6OObEQw_9kbOPkbKbHHm7t-XIJMQfyHzKU1G8-5ojTPDMe9SML-Lzk7
[2026-01-20 21:19:57,786] ERROR: Unexpected status 403 for https://api.hh.ru/vacancies/126506032: {"errors":[{"value":"captcha_required","captcha_url":"https://hh.ru/account/captcha?state=pxvcxBozfu7ry7R4QCetFmUA3SFZr_Pa4yXPQEusAiQIVW2lajVtNll6OObEQw_9kbOPkbKbHHm7t-XIJMQfyN7z1mJtzYv9WPRerIkNOGiqr_
[2026-01-20 21:19:57,790] ERROR: Unexpected status 403 for https://api.hh.ru/vacancies/129456464: {"errors":[{"value":"captcha_required","captcha_url":"https://hh.ru/account/captcha?state=pxvcxBozfu7ry7R4QCetFmUA3SFZr_Pa4yXPQEusAiQIVW2lajVtNll6OObEQw_9kbOPkbKbHHm7t-XIJMQfyDwYulKCp6rxkLp4XNkFha_4hG
[2026-01-20 21:19:57,810] ERROR: Unexpected status 403 for https://api.hh.ru/vacancies/129065280: {"errors":[{"value":"captcha_required","captcha_url":"https://hh.ru/account/captcha?state=pxvcxBozfu7ry7R4QCetFmUA3SFZr_Pa4yXPQEusAiQIVW2lajVtNll6OObEQw_9kbOPkbKbHHm7t-XIJMQfyGmjaCt_4Rz3zZ76rb12xOd_lJ
[2026-01-20 21:19:57,811] ERROR: Unexpected status 403 for https://api.hh.ru/vacancies/129499756: {"errors":[{"value":"captcha_required","captcha_url":"https://hh.ru/account/captcha?state=pxvcxBozfu7ry7R4QCetFmUA3SFZr_Pa4yXPQEusAiQIVW2lajVtNll6OObEQw_9kbOPkbKbHHm7t-XIJMQfyFnIs9ya41Wm89vj3TH89Kn3En
[2026-01-20 21:19:57,813] ERROR: Unexpected status 403 for https://api.hh.ru/vacancies/129598950: {"errors":[{"value":"captcha_required","captcha_url":"https://hh.ru/account/captcha?state=pxvcxBozfu7ry7R4QCetFmUA3SFZr_Pa4yXPQEusAiQIVW2lajVtNll6OObEQw_9kbOPkbKbHHm7t-XIJMQfyCP0zWa7S4I-q7hj0rYoCKvuoi
[2026-01-20 21:19:57,816] ERROR: Unexpected status 403 for https://api.hh.ru/vacancies/129433967: {"errors":[{"value":"captcha_required","captcha_url":"https://hh.ru/account/captcha?state=pxvcxBozfu7ry7R4QCetFmUA3SFZr_Pa4yXPQEusAiQIVW2lajVtNll6OObEQw_9kbOPkbKbHHm7t-XIJMQfyCpFzSxDrJzmgs8wQ3nqRd7ISk
[2026-01-20 21:19:57,825] ERROR: Unexpected status 403 for https://api.hh.ru/vacancies/129216665: {"errors":[{"value":"captcha_required","captcha_url":"https://hh.ru/account/captcha?state=pxvcxBozfu7ry7R4QCetFmUA3SFZr_Pa4yXPQEusAiQIVW2lajVtNll6OObEQw_9kbOPkbKbHHm7t-XIJMQfyC3MhORTeKppwqGN40HY2DUtzW
[2026-01-20 21:19:57,833] ERROR: Unexpected status 403 for https://api.hh.ru/vacancies/129071845: {"errors":[{"value":"captcha_required","captcha_url":"https://hh.ru/account/captcha?state=pxvcxBozfu7ry7R4QCetFmUA3SFZr_Pa4yXPQEusAiQIVW2lajVtNll6OObEQw_9kbOPkbKbHHm7t-XIJMQfyDZ6me0fJxMEOJcbWvdT9P-Dbz
[2026-01-20 21:19:57,839] ERROR: Unexpected status 403 for https://api.hh.ru/vacancies/129653820: {"errors":[{"value":"captcha_required","captcha_url":"https://hh.ru/account/captcha?state=pxvcxBozfu7ry7R4QCetFmUA3SFZr_Pa4yXPQEusAiQIVW2lajVtNll6OObEQw_9kbOPkbKbHHm7t-XIJMQfyGhgd6rCBXC5Ra5I6xN0Kmqlb8
[2026-01-20 21:19:57,839] ERROR: Unexpected status 403 for https://api.hh.ru/vacancies/129597066: {"errors":[{"value":"captcha_required","captcha_url":"https://hh.ru/account/captcha?state=pxvcxBozfu7ry7R4QCetFmUA3SFZr_Pa4yXPQEusAiQIVW2lajVtNll6OObEQw_9kbOPkbKbHHm7t-XIJMQfyHObGFlRQLzyzY_4qPeN284YK9
[2026-01-20 21:19:57,846] ERROR: Unexpected status 403 for https://api.hh.ru/vacancies/129250367: {"errors":[{"value":"captcha_required","captcha_url":"https://hh.ru/account/captcha?state=pxvcxBozfu7ry7R4QCetFmUA3SFZr_Pa4yXPQEusAiQIVW2lajVtNll6OObEQw_9kbOPkbKbHHm7t-XIJMQfyN2HtgS9cQZTAimtgjuOAa0WVB
[2026-01-20 21:19:57,849] ERROR: Unexpected status 403 for https://api.hh.ru/vacancies/129349995: {"errors":[{"value":"captcha_required","captcha_url":"https://hh.ru/account/captcha?state=pxvcxBozfu7ry7R4QCetFmUA3SFZr_Pa4yXPQEusAiQIVW2lajVtNll6OObEQw_9kbOPkbKbHHm7t-XIJMQfyEfUj0EsSCYCUJ-K2zARlS2E-2
[2026-01-20 21:19:57,854] ERROR: Unexpected status 403 for https://api.hh.ru/vacancies/129404906: {"errors":[{"value":"captcha_required","captcha_url":"https://hh.ru/account/captcha?state=pxvcxBozfu7ry7R4QCetFmUA3SFZr_Pa4yXPQEusAiQIVW2lajVtNll6OObEQw_9kbOPkbKbHHm7t-XIJMQfyJkX_f4xeuHvlphuB9puDdJlDk
[2026-01-20 21:19:57,856] ERROR: Unexpected status 403 for https://api.hh.ru/vacancies/129651017: {"errors":[{"value":"captcha_required","captcha_url":"https://hh.ru/account/captcha?state=pxvcxBozfu7ry7R4QCetFmUA3SFZr_Pa4yXPQEusAiQIVW2lajVtNll6OObEQw_9kbOPkbKbHHm7t-XIJMQfyGnKQwMrCWzgILarz9MN_nO9BD
[2026-01-20 21:19:57,866] ERROR: Unexpected status 403 for https://api.hh.ru/vacancies/129618497: {"errors":[{"value":"captcha_required","captcha_url":"https://hh.ru/account/captcha?state=pxvcxBozfu7ry7R4QCetFmUA3SFZr_Pa4yXPQEusAiQIVW2lajVtNll6OObEQw_9kbOPkbKbHHm7t-XIJMQfyOBYaC3Q1B8IqgoahV4SgowUbS
[2026-01-20 21:19:57,873] ERROR: Unexpected status 403 for https://api.hh.ru/vacancies/128715593: {"errors":[{"value":"captcha_required","captcha_url":"https://hh.ru/account/captcha?state=pxvcxBozfu7ry7R4QCetFmUA3SFZr_Pa4yXPQEusAiQIVW2lajVtNll6OObEQw_9kbOPkbKbHHm7t-XIJMQfyC0SXPDiGFkLDyvHzEZGOaNzWI
[2026-01-20 21:19:57,890] ERROR: Unexpected status 403 for https://api.hh.ru/vacancies/129483451: {"errors":[{"value":"captcha_required","captcha_url":"https://hh.ru/account/captcha?state=pxvcxBozfu7ry7R4QCetFmUA3SFZr_Pa4yXPQEusAiQIVW2lajVtNll6OObEQw_9kbOPkbKbHHm7t-XIJMQfyFw2Nsjtx9oHoJQPtm9Lv-Sn3B
[2026-01-20 21:19:57,896] ERROR: Unexpected status 403 for https://api.hh.ru/vacancies/127193388: {"errors":[{"value":"captcha_required","captcha_url":"https://hh.ru/account/captcha?state=pxvcxBozfu7ry7R4QCetFmUA3SFZr_Pa4yXPQEusAiQIVW2lajVtNll6OObEQw_9kbOPkbKbHHm7t-XIJMQfyBWcoi7ZRwfromkslXnaqIyIht
[2026-01-20 21:19:57,929] ERROR: Unexpected status 403 for https://api.hh.ru/vacancies/129623735: {"errors":[{"value":"captcha_required","captcha_url":"https://hh.ru/account/captcha?state=pxvcxBozfu7ry7R4QCetFmUA3SFZr_Pa4yXPQEusAiQIVW2lajVtNll6OObEQw_9kbOPkbKbHHm7t-XIJMQfyAGGlIj3xBu-YMc4GYpnnAa2kO
[2026-01-20 21:19:57,938] ERROR: Unexpected status 403 for https://api.hh.ru/vacancies/127623070: {"errors":[{"value":"captcha_required","captcha_url":"https://hh.ru/account/captcha?state=pxvcxBozfu7ry7R4QCetFmUA3SFZr_Pa4yXPQEusAiQIVW2lajVtNll6OObEQw_9kbOPkbKbHHm7t-XIJMQfyHNsxPHLtJFBNfPtp7vCwP-Pae
[2026-01-20 21:19:57,945] ERROR: Unexpected status 403 for https://api.hh.ru/vacancies/129273883: {"errors":[{"value":"captcha_required","captcha_url":"https://hh.ru/account/captcha?state=pxvcxBozfu7ry7R4QCetFmUA3SFZr_Pa4yXPQEusAiQIVW2lajVtNll6OObEQw_9kbOPkbKbHHm7t-XIJMQfyPbZP6wRYgzm09TCRwzPArSqKy
[2026-01-20 21:19:57,946] ERROR: Unexpected status 403 for https://api.hh.ru/vacancies/129528791: {"errors":[{"value":"captcha_required","captcha_url":"https://hh.ru/account/captcha?state=pxvcxBozfu7ry7R4QCetFmUA3SFZr_Pa4yXPQEusAiQIVW2lajVtNll6OObEQw_9kbOPkbKbHHm7t-XIJMQfyPNs0n_F6nGwzyOFdrfLxEAtAy
[2026-01-20 21:19:57,966] ERROR: Unexpected status 403 for https://api.hh.ru/vacancies/128151064: {"errors":[{"value":"captcha_required","captcha_url":"https://hh.ru/account/captcha?state=pxvcxBozfu7ry7R4QCetFmUA3SFZr_Pa4yXPQEusAiQIVW2lajVtNll6OObEQw_9kbOPkbKbHHm7t-XIJMQfyNDsU-tYMv9okhihSlvtvxPhfb
[2026-01-20 21:19:57,982] ERROR: Unexpected status 403 for https://api.hh.ru/vacancies/129637969: {"errors":[{"value":"captcha_required","captcha_url":"https://hh.ru/account/captcha?state=pxvcxBozfu7ry7R4QCetFmUA3SFZr_Pa4yXPQEusAiQIVW2lajVtNll6OObEQw_9kbOPkbKbHHm7t-XIJMQfyEqYYsuFo6nJnsyxkTR39rCein
[2026-01-20 21:19:57,983] ERROR: Unexpected status 403 for https://api.hh.ru/vacancies/128773344: {"errors":[{"value":"captcha_required","captcha_url":"https://hh.ru/account/captcha?state=pxvcxBozfu7ry7R4QCetFmUA3SFZr_Pa4yXPQEusAiQIVW2lajVtNll6OObEQw_9kbOPkbKbHHm7t-XIJMQfyLdFrAPiutCSD7BpCzAJFcJkZL
[2026-01-20 21:19:57,990] ERROR: Unexpected status 403 for https://api.hh.ru/vacancies/127550319: {"errors":[{"value":"captcha_required","captcha_url":"https://hh.ru/account/captcha?state=pxvcxBozfu7ry7R4QCetFmUA3SFZr_Pa4yXPQEusAiQIVW2lajVtNll6OObEQw_9kbOPkbKbHHm7t-XIJMQfyKpVBtwUh1zXgSVwWF90wFDBLn
[2026-01-20 21:19:57,999] ERROR: Unexpected status 403 for https://api.hh.ru/vacancies/129276798: {"errors":[{"value":"captcha_required","captcha_url":"https://hh.ru/account/captcha?state=pxvcxBozfu7ry7R4QCetFmUA3SFZr_Pa4yXPQEusAiQIVW2lajVtNll6OObEQw_9kbOPkbKbHHm7t-XIJMQfyBdeqHNT7KeYCInHnV7jUdUQOL
[2026-01-20 21:19:58,014] ERROR: Unexpected status 403 for https://api.hh.ru/vacancies/129550371: {"errors":[{"value":"captcha_required","captcha_url":"https://hh.ru/account/captcha?state=pxvcxBozfu7ry7R4QCetFmUA3SFZr_Pa4yXPQEusAiQIVW2lajVtNll6OObEQw_9kbOPkbKbHHm7t-XIJMQfyOJ41vDZRY6mY3X6CTlAMkTU6e
[2026-01-20 21:19:58,038] ERROR: Unexpected status 403 for https://api.hh.ru/vacancies/129346458: {"errors":[{"value":"captcha_required","captcha_url":"https://hh.ru/account/captcha?state=pxvcxBozfu7ry7R4QCetFmUA3SFZr_Pa4yXPQEusAiQIVW2lajVtNll6OObEQw_9kbOPkbKbHHm7t-XIJMQfyIeKY0F5USRIhQhrV6RcIL_RFT
[2026-01-20 21:19:58,042] ERROR: Unexpected status 403 for https://api.hh.ru/vacancies/129652740: {"errors":[{"value":"captcha_required","captcha_url":"https://hh.ru/account/captcha?state=pxvcxBozfu7ry7R4QCetFmUA3SFZr_Pa4yXPQEusAiQIVW2lajVtNll6OObEQw_9kbOPkbKbHHm7t-XIJMQfyDO1OKhT1dXUcRssMtwDPZLpRo
[2026-01-20 21:19:58,050] ERROR: Unexpected status 403 for https://api.hh.ru/vacancies/129113750: {"errors":[{"value":"captcha_required","captcha_url":"https://hh.ru/account/captcha?state=pxvcxBozfu7ry7R4QCetFmUA3SFZr_Pa4yXPQEusAiQIVW2lajVtNll6OObEQw_9kbOPkbKbHHm7t-XIJMQfyNd8R6CwbVQtxRQ-fawfcpOwZb
[2026-01-20 21:19:58,055] ERROR: Unexpected status 403 for https://api.hh.ru/vacancies/129166912: {"errors":[{"value":"captcha_required","captcha_url":"https://hh.ru/account/captcha?state=pxvcxBozfu7ry7R4QCetFmUA3SFZr_Pa4yXPQEusAiQIVW2lajVtNll6OObEQw_9kbOPkbKbHHm7t-XIJMQfyD0FnCijDCcdRJj6rlvobtfWa-
[2026-01-20 21:19:58,064] ERROR: Unexpected status 403 for https://api.hh.ru/vacancies/128743532: {"errors":[{"value":"captcha_required","captcha_url":"https://hh.ru/account/captcha?state=pxvcxBozfu7ry7R4QCetFmUA3SFZr_Pa4yXPQEusAiQIVW2lajVtNll6OObEQw_9kbOPkbKbHHm7t-XIJMQfyIb4H-Lz_PYQEjaO1FBioqBDvP
[2026-01-20 21:19:58,123] ERROR: Unexpected status 403 for https://api.hh.ru/vacancies/129595863: {"errors":[{"value":"captcha_required","captcha_url":"https://hh.ru/account/captcha?state=pxvcxBozfu7ry7R4QCetFmUA3SFZr_Pa4yXPQEusAiQIVW2lajVtNll6OObEQw_9kbOPkbKbHHm7t-XIJMQfyDbF3X4DwC96JbFWtg73RtY39g
[2026-01-20 21:19:58,129] ERROR: Unexpected status 403 for https://api.hh.ru/vacancies/129615716: {"errors":[{"value":"captcha_required","captcha_url":"https://hh.ru/account/captcha?state=pxvcxBozfu7ry7R4QCetFmUA3SFZr_Pa4yXPQEusAiQIVW2lajVtNll6OObEQw_9kbOPkbKbHHm7t-XIJMQfyH3jr5kWk0PljQixveoorKhPQW
[2026-01-20 21:19:58,140] ERROR: Unexpected status 403 for https://api.hh.ru/vacancies/128978307: {"errors":[{"value":"captcha_required","captcha_url":"https://hh.ru/account/captcha?state=pxvcxBozfu7ry7R4QCetFmUA3SFZr_Pa4yXPQEusAiQIVW2lajVtNll6OObEQw_9kbOPkbKbHHm7t-XIJMQfyAqe4FySNelQwL00m46gCcGibQ
[2026-01-20 21:19:58,153] ERROR: Unexpected status 403 for https://api.hh.ru/vacancies/129649942: {"errors":[{"value":"captcha_required","captcha_url":"https://hh.ru/account/captcha?state=pxvcxBozfu7ry7R4QCetFmUA3SFZr_Pa4yXPQEusAiQIVW2lajVtNll6OObEQw_9kbOPkbKbHHm7t-XIJMQfyKEsSfqxYLlHSs1sRVqMeTB4q4
[2026-01-20 21:19:58,180] ERROR: Unexpected status 403 for https://api.hh.ru/vacancies/129648279: {"errors":[{"value":"captcha_required","captcha_url":"https://hh.ru/account/captcha?state=pxvcxBozfu7ry7R4QCetFmUA3SFZr_Pa4yXPQEusAiQIVW2lajVtNll6OObEQw_9kbOPkbKbHHm7t-XIJMQfyLRvMVdg80RotSN4hgBVF3aiJY
[2026-01-20 21:19:58,200] ERROR: Unexpected status 403 for https://api.hh.ru/vacancies/129375841: {"errors":[{"value":"captcha_required","captcha_url":"https://hh.ru/account/captcha?state=pxvcxBozfu7ry7R4QCetFmUA3SFZr_Pa4yXPQEusAiQIVW2lajVtNll6OObEQw_9kbOPkbKbHHm7t-XIJMQfyN_NIQrFdw1XSij88E7bWSqzej
[2026-01-20 21:19:58,202] ERROR: Unexpected status 403 for https://api.hh.ru/vacancies/127764027: {"errors":[{"value":"captcha_required","captcha_url":"https://hh.ru/account/captcha?state=pxvcxBozfu7ry7R4QCetFmUA3SFZr_Pa4yXPQEusAiQIVW2lajVtNll6OObEQw_9kbOPkbKbHHm7t-XIJMQfyDaD_TscKY11BfmT9N6lseN5DI
[2026-01-20 21:19:58,257] ERROR: Unexpected status 403 for https://api.hh.ru/vacancies/128518476: {"errors":[{"value":"captcha_required","captcha_url":"https://hh.ru/account/captcha?state=pxvcxBozfu7ry7R4QCetFmUA3SFZr_Pa4yXPQEusAiQIVW2lajVtNll6OObEQw_9kbOPkbKbHHm7t-XIJMQfyBuUp1CVvUBREyx-lZPhpLCZ-G
[2026-01-20 21:19:58,257] ERROR: Unexpected status 403 for https://api.hh.ru/vacancies/127953943: {"errors":[{"value":"captcha_required","captcha_url":"https://hh.ru/account/captcha?state=pxvcxBozfu7ry7R4QCetFmUA3SFZr_Pa4yXPQEusAiQIVW2lajVtNll6OObEQw_9kbOPkbKbHHm7t-XIJMQfyE8pNjC78iuYvdaqjPNktoftQH
[2026-01-20 21:19:58,261] ERROR: Unexpected status 403 for https://api.hh.ru/vacancies/128807412: {"errors":[{"value":"captcha_required","captcha_url":"https://hh.ru/account/captcha?state=pxvcxBozfu7ry7R4QCetFmUA3SFZr_Pa4yXPQEusAiQIVW2lajVtNll6OObEQw_9kbOPkbKbHHm7t-XIJMQfyLwwOgCGgCNTBWLVBy0jRvGOQK
[2026-01-20 21:19:58,265] ERROR: Unexpected status 403 for https://api.hh.ru/vacancies/124439629: {"errors":[{"value":"captcha_required","captcha_url":"https://hh.ru/account/captcha?state=pxvcxBozfu7ry7R4QCetFmUA3SFZr_Pa4yXPQEusAiQIVW2lajVtNll6OObEQw_9kbOPkbKbHHm7t-XIJMQfyFZgJ5vL55-YmTMLRbcicIcox-
[2026-01-20 21:19:58,283] ERROR: Unexpected status 403 for https://api.hh.ru/vacancies/129305874: {"errors":[{"value":"captcha_required","captcha_url":"https://hh.ru/account/captcha?state=pxvcxBozfu7ry7R4QCetFmUA3SFZr_Pa4yXPQEusAiQIVW2lajVtNll6OObEQw_9kbOPkbKbHHm7t-XIJMQfyBoZviaCQXR74xv_dMWG44a7BW
[2026-01-20 21:19:58,286] ERROR: Unexpected status 403 for https://api.hh.ru/vacancies/129148485: {"errors":[{"value":"captcha_required","captcha_url":"https://hh.ru/account/captcha?state=pxvcxBozfu7ry7R4QCetFmUA3SFZr_Pa4yXPQEusAiQIVW2lajVtNll6OObEQw_9kbOPkbKbHHm7t-XIJMQfyAAP5bzSf1PLoKIwbraqTF8yNO
[2026-01-20 21:19:58,294] ERROR: Unexpected status 403 for https://api.hh.ru/vacancies/129542482: {"errors":[{"value":"captcha_required","captcha_url":"https://hh.ru/account/captcha?state=pxvcxBozfu7ry7R4QCetFmUA3SFZr_Pa4yXPQEusAiQIVW2lajVtNll6OObEQw_9kbOPkbKbHHm7t-XIJMQfyMEbkM36o4sH888Xh16kad5KRz
[2026-01-20 21:19:58,295] ERROR: Unexpected status 403 for https://api.hh.ru/vacancies/129642261: {"errors":[{"value":"captcha_required","captcha_url":"https://hh.ru/account/captcha?state=pxvcxBozfu7ry7R4QCetFmUA3SFZr_Pa4yXPQEusAiQIVW2lajVtNll6OObEQw_9kbOPkbKbHHm7t-XIJMQfyJc3T-wdtqYg6ePOFIvHbcOwSM
[2026-01-20 21:19:58,296] ERROR: Unexpected status 403 for https://api.hh.ru/vacancies/129618133: {"errors":[{"value":"captcha_required","captcha_url":"https://hh.ru/account/captcha?state=pxvcxBozfu7ry7R4QCetFmUA3SFZr_Pa4yXPQEusAiQIVW2lajVtNll6OObEQw_9kbOPkbKbHHm7t-XIJMQfyJ7mgyvDqSBCqOul7M8Pdr6fRb
[2026-01-20 21:19:58,302] ERROR: Unexpected status 403 for https://api.hh.ru/vacancies/129140847: {"errors":[{"value":"captcha_required","captcha_url":"https://hh.ru/account/captcha?state=pxvcxBozfu7ry7R4QCetFmUA3SFZr_Pa4yXPQEusAiQIVW2lajVtNll6OObEQw_9kbOPkbKbHHm7t-XIJMQfyGr7cO4GMUsX32CHM0YFug4wJF
[2026-01-20 21:19:58,306] ERROR: Unexpected status 403 for https://api.hh.ru/vacancies/129387477: {"errors":[{"value":"captcha_required","captcha_url":"https://hh.ru/account/captcha?state=pxvcxBozfu7ry7R4QCetFmUA3SFZr_Pa4yXPQEusAiQIVW2lajVtNll6OObEQw_9kbOPkbKbHHm7t-XIJMQfyLOxn5ippmeGujLbDYPsa8rl2I
[2026-01-20 21:19:58,325] ERROR: Unexpected status 403 for https://api.hh.ru/vacancies/129073868: {"errors":[{"value":"captcha_required","captcha_url":"https://hh.ru/account/captcha?state=pxvcxBozfu7ry7R4QCetFmUA3SFZr_Pa4yXPQEusAiQIVW2lajVtNll6OObEQw_9kbOPkbKbHHm7t-XIJMQfyAgfoy9Y9uDr-iE9jm5BjarpeQ
[2026-01-20 21:19:58,329] ERROR: Unexpected status 403 for https://api.hh.ru/vacancies/129480037: {"errors":[{"value":"captcha_required","captcha_url":"https://hh.ru/account/captcha?state=pxvcxBozfu7ry7R4QCetFmUA3SFZr_Pa4yXPQEusAiQIVW2lajVtNll6OObEQw_9kbOPkbKbHHm7t-XIJMQfyMUdZNYqsa8niB9AaqX9nQ_vFS
[2026-01-20 21:19:58,336] ERROR: Unexpected status 403 for https://api.hh.ru/vacancies/129512190: {"errors":[{"value":"captcha_required","captcha_url":"https://hh.ru/account/captcha?state=pxvcxBozfu7ry7R4QCetFmUA3SFZr_Pa4yXPQEusAiQIVW2lajVtNll6OObEQw_9kbOPkbKbHHm7t-XIJMQfyE9s3kqKAuxDti0HJZR6OloTcg
[2026-01-20 21:19:58,383] ERROR: Unexpected status 403 for https://api.hh.ru/vacancies/129542510: {"errors":[{"value":"captcha_required","captcha_url":"https://hh.ru/account/captcha?state=pxvcxBozfu7ry7R4QCetFmUA3SFZr_Pa4yXPQEusAiQIVW2lajVtNll6OObEQw_9kbOPkbKbHHm7t-XIJMQfyP9obV642pyL7ArqNBzXwo6eQc
[2026-01-20 21:19:58,395] ERROR: Unexpected status 403 for https://api.hh.ru/vacancies/129357891: {"errors":[{"value":"captcha_required","captcha_url":"https://hh.ru/account/captcha?state=pxvcxBozfu7ry7R4QCetFmUA3SFZr_Pa4yXPQEusAiQIVW2lajVtNll6OObEQw_9kbOPkbKbHHm7t-XIJMQfyDcnVr7xoHS3qfw34RK8KHuPEJ
[2026-01-20 21:19:58,401] ERROR: Unexpected status 403 for https://api.hh.ru/vacancies/128410380: {"errors":[{"value":"captcha_required","captcha_url":"https://hh.ru/account/captcha?state=pxvcxBozfu7ry7R4QCetFmUA3SFZr_Pa4yXPQEusAiQIVW2lajVtNll6OObEQw_9kbOPkbKbHHm7t-XIJMQfyFCXrteaWVde3NVObkAuORAUdW
[2026-01-20 21:19:58,471] ERROR: Unexpected status 403 for https://api.hh.ru/vacancies/125668881: {"errors":[{"value":"captcha_required","captcha_url":"https://hh.ru/account/captcha?state=pxvcxBozfu7ry7R4QCetFmUA3SFZr_Pa4yXPQEusAiQIVW2lajVtNll6OObEQw_9kbOPkbKbHHm7t-XIJMQfyP0TjOO7Ee3lYo4EyiVN5eFyu1
[2026-01-20 21:19:58,471] INFO: Worker 5 finished area Юрино; total collected 119
[2026-01-20 21:19:58,471] INFO: Worker 5 scanning area Айша (4167)
[2026-01-20 21:19:58,510] ERROR: Unexpected status 403 for https://api.hh.ru/vacancies/128324684: {"errors":[{"value":"captcha_required","captcha_url":"https://hh.ru/account/captcha?state=pxvcxBozfu7ry7R4QCetFmUA3SFZr_Pa4yXPQEusAiQIVW2lajVtNll6OObEQw_9kbOPkbKbHHm7t-XIJMQfyCMnZVFBFmkDXCx5cDLl1wnqOb
[2026-01-20 21:19:58,531] ERROR: Unexpected status 403 for https://api.hh.ru/vacancies/129030131: {"errors":[{"value":"captcha_required","captcha_url":"https://hh.ru/account/captcha?state=pxvcxBozfu7ry7R4QCetFmUA3SFZr_Pa4yXPQEusAiQIVW2lajVtNll6OObEQw_9kbOPkbKbHHm7t-XIJMQfyE9CWKfKJP719xTjqeikeRV0-f
[2026-01-20 21:19:58,536] ERROR: Unexpected status 403 for https://api.hh.ru/vacancies/129407759: {"errors":[{"value":"captcha_required","captcha_url":"https://hh.ru/account/captcha?state=pxvcxBozfu7ry7R4QCetFmUA3SFZr_Pa4yXPQEusAiQIVW2lajVtNll6OObEQw_9kbOPkbKbHHm7t-XIJMQfyLgKom5QUCmELLrr09pxycTiRS
[2026-01-20 21:19:58,539] ERROR: Unexpected status 403 for https://api.hh.ru/vacancies/129623691: {"errors":[{"value":"captcha_required","captcha_url":"https://hh.ru/account/captcha?state=pxvcxBozfu7ry7R4QCetFmUA3SFZr_Pa4yXPQEusAiQIVW2lajVtNll6OObEQw_9kbOPkbKbHHm7t-XIJMQfyIKJP6l_AD3xh49oJKjQ79iFmX
[2026-01-20 21:19:58,564] ERROR: Unexpected status 403 for https://api.hh.ru/vacancies/129273283: {"errors":[{"value":"captcha_required","captcha_url":"https://hh.ru/account/captcha?state=pxvcxBozfu7ry7R4QCetFmUA3SFZr_Pa4yXPQEusAiQIVW2lajVtNll6OObEQw_9kbOPkbKbHHm7t-XIJMQfyEafnh4y3WgEHksGYX8Un64Nio
[2026-01-20 21:19:58,565] INFO: Worker 2 finished area Руэм; total collected 119
[2026-01-20 21:19:58,565] INFO: Worker 2 scanning area Аккузово (7193)
[2026-01-20 21:19:58,588] ERROR: Unexpected status 403 for https://api.hh.ru/vacancies/128973743: {"errors":[{"value":"captcha_required","captcha_url":"https://hh.ru/account/captcha?state=pxvcxBozfu7ry7R4QCetFmUA3SFZr_Pa4yXPQEusAiQIVW2lajVtNll6OObEQw_9kbOPkbKbHHm7t-XIJMQfyA2_pvV6Qww-WDFes55_vXpQPk
[2026-01-20 21:19:58,633] ERROR: Unexpected status 403 for https://api.hh.ru/vacancies/129155928: {"errors":[{"value":"captcha_required","captcha_url":"https://hh.ru/account/captcha?state=pxvcxBozfu7ry7R4QCetFmUA3SFZr_Pa4yXPQEusAiQIVW2lajVtNll6OObEQw_9kbOPkbKbHHm7t-XIJMQfyOK9ANSG1AxoCsnPqbnNze7tTz
[2026-01-20 21:19:58,716] ERROR: Unexpected status 403 for https://api.hh.ru/vacancies/129249425: {"errors":[{"value":"captcha_required","captcha_url":"https://hh.ru/account/captcha?state=pxvcxBozfu7ry7R4QCetFmUA3SFZr_Pa4yXPQEusAiQIVW2lajVtNll6OObEQw_9kbOPkbKbHHm7t-XIJMQfyL-76Kpjc0pwXmLM0Rj9EIFk2C
[2026-01-20 21:19:58,719] ERROR: Unexpected status 403 for https://api.hh.ru/vacancies/127943425: {"errors":[{"value":"captcha_required","captcha_url":"https://hh.ru/account/captcha?state=pxvcxBozfu7ry7R4QCetFmUA3SFZr_Pa4yXPQEusAiQIVW2lajVtNll6OObEQw_9kbOPkbKbHHm7t-XIJMQfyPwjUVo3IAX43R25H8_azxHQHv
[2026-01-20 21:19:58,734] ERROR: Unexpected status 403 for https://api.hh.ru/vacancies/129308296: {"errors":[{"value":"captcha_required","captcha_url":"https://hh.ru/account/captcha?state=pxvcxBozfu7ry7R4QCetFmUA3SFZr_Pa4yXPQEusAiQIVW2lajVtNll6OObEQw_9kbOPkbKbHHm7t-XIJMQfyKzTizmxYaVrRqaKB8fvmA8mIJ
[2026-01-20 21:19:58,735] ERROR: Unexpected status 403 for https://api.hh.ru/vacancies/128498577: {"errors":[{"value":"captcha_required","captcha_url":"https://hh.ru/account/captcha?state=pxvcxBozfu7ry7R4QCetFmUA3SFZr_Pa4yXPQEusAiQIVW2lajVtNll6OObEQw_9kbOPkbKbHHm7t-XIJMQfyOsVc2XFTsBI6CGMDtuRqceGbh
[2026-01-20 21:19:58,741] ERROR: Unexpected status 403 for https://api.hh.ru/vacancies/129632880: {"errors":[{"value":"captcha_required","captcha_url":"https://hh.ru/account/captcha?state=pxvcxBozfu7ry7R4QCetFmUA3SFZr_Pa4yXPQEusAiQIVW2lajVtNll6OObEQw_9kbOPkbKbHHm7t-XIJMQfyLBDLO9BNM1dMlZf1aOtZnFBx9
[2026-01-20 21:19:58,744] ERROR: Unexpected status 403 for https://api.hh.ru/vacancies/129457158: {"errors":[{"value":"captcha_required","captcha_url":"https://hh.ru/account/captcha?state=pxvcxBozfu7ry7R4QCetFmUA3SFZr_Pa4yXPQEusAiQIVW2lajVtNll6OObEQw_9kbOPkbKbHHm7t-XIJMQfyDBnFviruXFcpB9KvXVbtpEU9Z
[2026-01-20 21:19:58,774] ERROR: Unexpected status 403 for https://api.hh.ru/vacancies/129078227: {"errors":[{"value":"captcha_required","captcha_url":"https://hh.ru/account/captcha?state=pxvcxBozfu7ry7R4QCetFmUA3SFZr_Pa4yXPQEusAiQIVW2lajVtNll6OObEQw_9kbOPkbKbHHm7t-XIJMQfyAsJYjMkPc_rNrjG0JzJTWRfXd
[2026-01-20 21:19:58,777] ERROR: Unexpected status 403 for https://api.hh.ru/vacancies/129515233: {"errors":[{"value":"captcha_required","captcha_url":"https://hh.ru/account/captcha?state=pxvcxBozfu7ry7R4QCetFmUA3SFZr_Pa4yXPQEusAiQIVW2lajVtNll6OObEQw_9kbOPkbKbHHm7t-XIJMQfyNFCpyN62YrTsZbDQf7WtoZgj3
[2026-01-20 21:19:58,782] ERROR: Unexpected status 403 for https://api.hh.ru/vacancies/128981288: {"errors":[{"value":"captcha_required","captcha_url":"https://hh.ru/account/captcha?state=pxvcxBozfu7ry7R4QCetFmUA3SFZr_Pa4yXPQEusAiQIVW2lajVtNll6OObEQw_9kbOPkbKbHHm7t-XIJMQfyNrq20w66YIdfaKHGAflLFvBqH
[2026-01-20 21:19:58,788] ERROR: Unexpected status 403 for https://api.hh.ru/vacancies/129073230: {"errors":[{"value":"captcha_required","captcha_url":"https://hh.ru/account/captcha?state=pxvcxBozfu7ry7R4QCetFmUA3SFZr_Pa4yXPQEusAiQIVW2lajVtNll6OObEQw_9kbOPkbKbHHm7t-XIJMQfyMiSZgjLqAJOs9qwFa4ka4EMKF
[2026-01-20 21:19:58,835] ERROR: Unexpected status 403 for https://api.hh.ru/vacancies/128694911: {"errors":[{"value":"captcha_required","captcha_url":"https://hh.ru/account/captcha?state=pxvcxBozfu7ry7R4QCetFmUA3SFZr_Pa4yXPQEusAiQIVW2lajVtNll6OObEQw_9kbOPkbKbHHm7t-XIJMQfyIewrcfQlYJ19j33aA0S6MWCn0
[2026-01-20 21:19:58,836] ERROR: Unexpected status 403 for https://api.hh.ru/vacancies/128467932: {"errors":[{"value":"captcha_required","captcha_url":"https://hh.ru/account/captcha?state=pxvcxBozfu7ry7R4QCetFmUA3SFZr_Pa4yXPQEusAiQIVW2lajVtNll6OObEQw_9kbOPkbKbHHm7t-XIJMQfyLS9kZXPQXJkAQ-ah49h39U08N
[2026-01-20 21:19:58,836] ERROR: Unexpected status 403 for https://api.hh.ru/vacancies/129065217: {"errors":[{"value":"captcha_required","captcha_url":"https://hh.ru/account/captcha?state=pxvcxBozfu7ry7R4QCetFmUA3SFZr_Pa4yXPQEusAiQIVW2lajVtNll6OObEQw_9kbOPkbKbHHm7t-XIJMQfyAstxQe8mmN3jexIqNneL_zzMx
[2026-01-20 21:19:58,850] ERROR: Unexpected status 403 for https://api.hh.ru/vacancies/129222297: {"errors":[{"value":"captcha_required","captcha_url":"https://hh.ru/account/captcha?state=pxvcxBozfu7ry7R4QCetFmUA3SFZr_Pa4yXPQEusAiQIVW2lajVtNll6OObEQw_9kbOPkbKbHHm7t-XIJMQfyFA0U8iO-i_llvamAvKfJHHHk4
[2026-01-20 21:19:58,882] ERROR: Unexpected status 403 for https://api.hh.ru/vacancies/129010973: {"errors":[{"value":"captcha_required","captcha_url":"https://hh.ru/account/captcha?state=pxvcxBozfu7ry7R4QCetFmUA3SFZr_Pa4yXPQEusAiQIVW2lajVtNll6OObEQw_9kbOPkbKbHHm7t-XIJMQfyDU-26zisDWsP2HF8jxUVXCaYy
[2026-01-20 21:19:58,886] ERROR: Unexpected status 403 for https://api.hh.ru/vacancies/129579170: {"errors":[{"value":"captcha_required","captcha_url":"https://hh.ru/account/captcha?state=pxvcxBozfu7ry7R4QCetFmUA3SFZr_Pa4yXPQEusAiQIVW2lajVtNll6OObEQw_9kbOPkbKbHHm7t-XIJMQfyKzeMYdrlRPcihZUOLsSbv8Slx
[2026-01-20 21:19:58,887] ERROR: Unexpected status 403 for https://api.hh.ru/vacancies/129015341: {"errors":[{"value":"captcha_required","captcha_url":"https://hh.ru/account/captcha?state=pxvcxBozfu7ry7R4QCetFmUA3SFZr_Pa4yXPQEusAiQIVW2lajVtNll6OObEQw_9kbOPkbKbHHm7t-XIJMQfyEZgvjOVunqmyrF9OILVJRcmzd
[2026-01-20 21:19:58,892] ERROR: Unexpected status 403 for https://api.hh.ru/vacancies/129015640: {"errors":[{"value":"captcha_required","captcha_url":"https://hh.ru/account/captcha?state=pxvcxBozfu7ry7R4QCetFmUA3SFZr_Pa4yXPQEusAiQIVW2lajVtNll6OObEQw_9kbOPkbKbHHm7t-XIJMQfyJdOMWX-Ny9yENh0LSYK6hPxLs
[2026-01-20 21:19:58,900] ERROR: Unexpected status 403 for https://api.hh.ru/vacancies/128770112: {"errors":[{"value":"captcha_required","captcha_url":"https://hh.ru/account/captcha?state=pxvcxBozfu7ry7R4QCetFmUA3SFZr_Pa4yXPQEusAiQIVW2lajVtNll6OObEQw_9kbOPkbKbHHm7t-XIJMQfyDTbAquKWgqr2Ab9vtFlvm-KS_
[2026-01-20 21:19:58,904] ERROR: Unexpected status 403 for https://api.hh.ru/vacancies/128322594: {"errors":[{"value":"captcha_required","captcha_url":"https://hh.ru/account/captcha?state=pxvcxBozfu7ry7R4QCetFmUA3SFZr_Pa4yXPQEusAiQIVW2lajVtNll6OObEQw_9kbOPkbKbHHm7t-XIJMQfyHA2bU8yThdJfRl2e-iLHHQWoU
[2026-01-20 21:19:58,917] ERROR: Unexpected status 403 for https://api.hh.ru/vacancies/128835331: {"errors":[{"value":"captcha_required","captcha_url":"https://hh.ru/account/captcha?state=pxvcxBozfu7ry7R4QCetFmUA3SFZr_Pa4yXPQEusAiQIVW2lajVtNll6OObEQw_9kbOPkbKbHHm7t-XIJMQfyBxTOWOBlI3gl57rdpg-gk_ccD
[2026-01-20 21:19:58,925] ERROR: Unexpected status 403 for https://api.hh.ru/vacancies/128973663: {"errors":[{"value":"captcha_required","captcha_url":"https://hh.ru/account/captcha?state=pxvcxBozfu7ry7R4QCetFmUA3SFZr_Pa4yXPQEusAiQIVW2lajVtNll6OObEQw_9kbOPkbKbHHm7t-XIJMQfyC8LxsqJgyBTlOGJDxcuTMBsNE
[2026-01-20 21:19:58,932] ERROR: Unexpected status 403 for https://api.hh.ru/vacancies/127840900: {"errors":[{"value":"captcha_required","captcha_url":"https://hh.ru/account/captcha?state=pxvcxBozfu7ry7R4QCetFmUA3SFZr_Pa4yXPQEusAiQIVW2lajVtNll6OObEQw_9kbOPkbKbHHm7t-XIJMQfyDcYg-NVR0VinYUDc91asJVfBX
[2026-01-20 21:19:58,955] ERROR: Unexpected status 403 for https://api.hh.ru/vacancies/128154076: {"errors":[{"value":"captcha_required","captcha_url":"https://hh.ru/account/captcha?state=pxvcxBozfu7ry7R4QCetFmUA3SFZr_Pa4yXPQEusAiQIVW2lajVtNll6OObEQw_9kbOPkbKbHHm7t-XIJMQfyOPf067w7oVh2IfIpz-n6UQu0d
[2026-01-20 21:19:58,961] ERROR: Unexpected status 403 for https://api.hh.ru/vacancies/129653890: {"errors":[{"value":"captcha_required","captcha_url":"https://hh.ru/account/captcha?state=pxvcxBozfu7ry7R4QCetFmUA3SFZr_Pa4yXPQEusAiQIVW2lajVtNll6OObEQw_9kbOPkbKbHHm7t-XIJMQfyHy432NAen7cThX4kRQMnBqvE3
[2026-01-20 21:19:58,976] ERROR: Unexpected status 403 for https://api.hh.ru/vacancies/128582924: {"errors":[{"value":"captcha_required","captcha_url":"https://hh.ru/account/captcha?state=pxvcxBozfu7ry7R4QCetFmUA3SFZr_Pa4yXPQEusAiQIVW2lajVtNll6OObEQw_9kbOPkbKbHHm7t-XIJMQfyHPjXUapKFawiy_C9Kori_S8jM
[2026-01-20 21:19:58,981] ERROR: Unexpected status 403 for https://api.hh.ru/vacancies/129611427: {"errors":[{"value":"captcha_required","captcha_url":"https://hh.ru/account/captcha?state=pxvcxBozfu7ry7R4QCetFmUA3SFZr_Pa4yXPQEusAiQIVW2lajVtNll6OObEQw_9kbOPkbKbHHm7t-XIJMQfyDepa9DvPf1kLWKyL_fmOmnNcs
[2026-01-20 21:19:58,985] ERROR: Unexpected status 403 for https://api.hh.ru/vacancies/125787761: {"errors":[{"value":"captcha_required","captcha_url":"https://hh.ru/account/captcha?state=pxvcxBozfu7ry7R4QCetFmUA3SFZr_Pa4yXPQEusAiQIVW2lajVtNll6OObEQw_9kbOPkbKbHHm7t-XIJMQfyJBtw2OiGbnwKtTPc0COXsYYoG
[2026-01-20 21:19:58,995] ERROR: Unexpected status 403 for https://api.hh.ru/vacancies/129073384: {"errors":[{"value":"captcha_required","captcha_url":"https://hh.ru/account/captcha?state=pxvcxBozfu7ry7R4QCetFmUA3SFZr_Pa4yXPQEusAiQIVW2lajVtNll6OObEQw_9kbOPkbKbHHm7t-XIJMQfyFeEZT1FNhnHflj8Lxgymgi7rw
[2026-01-20 21:19:58,998] ERROR: Unexpected status 403 for https://api.hh.ru/vacancies/129361697: {"errors":[{"value":"captcha_required","captcha_url":"https://hh.ru/account/captcha?state=pxvcxBozfu7ry7R4QCetFmUA3SFZr_Pa4yXPQEusAiQIVW2lajVtNll6OObEQw_9kbOPkbKbHHm7t-XIJMQfyBrr8DvyHmmNuVwSxz4Ujokbuo
[2026-01-20 21:19:59,006] ERROR: Unexpected status 403 for https://api.hh.ru/vacancies/129330062: {"errors":[{"value":"captcha_required","captcha_url":"https://hh.ru/account/captcha?state=pxvcxBozfu7ry7R4QCetFmUA3SFZr_Pa4yXPQEusAiQIVW2lajVtNll6OObEQw_9kbOPkbKbHHm7t-XIJMQfyOrQoFfQiJCRGByfAomjErXH6T
[2026-01-20 21:19:59,026] ERROR: Unexpected status 403 for https://api.hh.ru/vacancies/129645648: {"errors":[{"value":"captcha_required","captcha_url":"https://hh.ru/account/captcha?state=pxvcxBozfu7ry7R4QCetFmUA3SFZr_Pa4yXPQEusAiQIVW2lajVtNll6OObEQw_9kbOPkbKbHHm7t-XIJMQfyBnBj2YgWuzW0zXlrSI7JYBcu5
[2026-01-20 21:19:59,034] ERROR: Unexpected status 403 for https://api.hh.ru/vacancies/128322596: {"errors":[{"value":"captcha_required","captcha_url":"https://hh.ru/account/captcha?state=pxvcxBozfu7ry7R4QCetFmUA3SFZr_Pa4yXPQEusAiQIVW2lajVtNll6OObEQw_9kbOPkbKbHHm7t-XIJMQfyLBMgPS6jxBbXpMDMWQZc4kzwl
[2026-01-20 21:19:59,040] ERROR: Unexpected status 403 for https://api.hh.ru/vacancies/129031565: {"errors":[{"value":"captcha_required","captcha_url":"https://hh.ru/account/captcha?state=pxvcxBozfu7ry7R4QCetFmUA3SFZr_Pa4yXPQEusAiQIVW2lajVtNll6OObEQw_9kbOPkbKbHHm7t-XIJMQfyAfxT0K3d3y0yJ3rJZpQWt46de
[2026-01-20 21:19:59,041] ERROR: Unexpected status 403 for https://api.hh.ru/vacancies/129019651: {"errors":[{"value":"captcha_required","captcha_url":"https://hh.ru/account/captcha?state=pxvcxBozfu7ry7R4QCetFmUA3SFZr_Pa4yXPQEusAiQIVW2lajVtNll6OObEQw_9kbOPkbKbHHm7t-XIJMQfyAxyKiE8qhWav5TWG4wBP-bvL-
[2026-01-20 21:19:59,041] ERROR: Unexpected status 403 for https://api.hh.ru/vacancies/121558069: {"errors":[{"value":"captcha_required","captcha_url":"https://hh.ru/account/captcha?state=pxvcxBozfu7ry7R4QCetFmUA3SFZr_Pa4yXPQEusAiQIVW2lajVtNll6OObEQw_9kbOPkbKbHHm7t-XIJMQfyC1wvhbhWs3me2U5oosbXvf5X4
[2026-01-20 21:19:59,053] ERROR: Unexpected status 403 for https://api.hh.ru/vacancies/129013495: {"errors":[{"value":"captcha_required","captcha_url":"https://hh.ru/account/captcha?state=pxvcxBozfu7ry7R4QCetFmUA3SFZr_Pa4yXPQEusAiQIVW2lajVtNll6OObEQw_9kbOPkbKbHHm7t-XIJMQfyLSHnGTDZ_rEoJtrEw_4zM-UPC
[2026-01-20 21:19:59,057] ERROR: Unexpected status 403 for https://api.hh.ru/vacancies/129310395: {"errors":[{"value":"captcha_required","captcha_url":"https://hh.ru/account/captcha?state=pxvcxBozfu7ry7R4QCetFmUA3SFZr_Pa4yXPQEusAiQIVW2lajVtNll6OObEQw_9kbOPkbKbHHm7t-XIJMQfyCaAC1jKsxmLaBGMDLsR3j_o6e
[2026-01-20 21:19:59,058] ERROR: Unexpected status 403 for https://api.hh.ru/vacancies/128981202: {"errors":[{"value":"captcha_required","captcha_url":"https://hh.ru/account/captcha?state=pxvcxBozfu7ry7R4QCetFmUA3SFZr_Pa4yXPQEusAiQIVW2lajVtNll6OObEQw_9kbOPkbKbHHm7t-XIJMQfyA9-lzdsXW0qO5PKUaQkfYAVaN
[2026-01-20 21:19:59,067] ERROR: Unexpected status 403 for https://api.hh.ru/vacancies/129237547: {"errors":[{"value":"captcha_required","captcha_url":"https://hh.ru/account/captcha?state=pxvcxBozfu7ry7R4QCetFmUA3SFZr_Pa4yXPQEusAiQIVW2lajVtNll6OObEQw_9kbOPkbKbHHm7t-XIJMQfyEJJ2R9ce0IIZM8RBZIfRuCswQ
[2026-01-20 21:19:59,077] ERROR: Unexpected status 403 for https://api.hh.ru/vacancies/129073371: {"errors":[{"value":"captcha_required","captcha_url":"https://hh.ru/account/captcha?state=pxvcxBozfu7ry7R4QCetFmUA3SFZr_Pa4yXPQEusAiQIVW2lajVtNll6OObEQw_9kbOPkbKbHHm7t-XIJMQfyIb-OwWKxEdKPWfe6A4LNNzmwt
[2026-01-20 21:19:59,093] ERROR: Unexpected status 403 for https://api.hh.ru/vacancies/129569735: {"errors":[{"value":"captcha_required","captcha_url":"https://hh.ru/account/captcha?state=pxvcxBozfu7ry7R4QCetFmUA3SFZr_Pa4yXPQEusAiQIVW2lajVtNll6OObEQw_9kbOPkbKbHHm7t-XIJMQfyGSv3sBtFnLXA85VykZMM7BMDB
[2026-01-20 21:19:59,094] ERROR: Unexpected status 403 for https://api.hh.ru/vacancies/128157373: {"errors":[{"value":"captcha_required","captcha_url":"https://hh.ru/account/captcha?state=pxvcxBozfu7ry7R4QCetFmUA3SFZr_Pa4yXPQEusAiQIVW2lajVtNll6OObEQw_9kbOPkbKbHHm7t-XIJMQfyBecSMDfXWQBCqhECDwreDEF7K
[2026-01-20 21:19:59,096] ERROR: Unexpected status 403 for https://api.hh.ru/vacancies/127349612: {"errors":[{"value":"captcha_required","captcha_url":"https://hh.ru/account/captcha?state=pxvcxBozfu7ry7R4QCetFmUA3SFZr_Pa4yXPQEusAiQIVW2lajVtNll6OObEQw_9kbOPkbKbHHm7t-XIJMQfyKl8UiG8i_4xrlT7g8D4AVO-e_
[2026-01-20 21:19:59,113] ERROR: Unexpected status 403 for https://api.hh.ru/vacancies/128113621: {"errors":[{"value":"captcha_required","captcha_url":"https://hh.ru/account/captcha?state=pxvcxBozfu7ry7R4QCetFmUA3SFZr_Pa4yXPQEusAiQIVW2lajVtNll6OObEQw_9kbOPkbKbHHm7t-XIJMQfyMYp1_85jtuslevRHXvddLFk-b
[2026-01-20 21:19:59,123] ERROR: Unexpected status 403 for https://api.hh.ru/vacancies/129644355: {"errors":[{"value":"captcha_required","captcha_url":"https://hh.ru/account/captcha?state=pxvcxBozfu7ry7R4QCetFmUA3SFZr_Pa4yXPQEusAiQIVW2lajVtNll6OObEQw_9kbOPkbKbHHm7t-XIJMQfyKpXzhfgNU4QclwYbV40uKnrXq
[2026-01-20 21:19:59,127] ERROR: Unexpected status 403 for https://api.hh.ru/vacancies/128968932: {"errors":[{"value":"captcha_required","captcha_url":"https://hh.ru/account/captcha?state=pxvcxBozfu7ry7R4QCetFmUA3SFZr_Pa4yXPQEusAiQIVW2lajVtNll6OObEQw_9kbOPkbKbHHm7t-XIJMQfyGHM8i7h7K08COSTWF-DN7Bxfu
[2026-01-20 21:19:59,134] ERROR: Unexpected status 403 for https://api.hh.ru/vacancies/123754839: {"errors":[{"value":"captcha_required","captcha_url":"https://hh.ru/account/captcha?state=pxvcxBozfu7ry7R4QCetFmUA3SFZr_Pa4yXPQEusAiQIVW2lajVtNll6OObEQw_9kbOPkbKbHHm7t-XIJMQfyPg5adYfLOWyeAH9jaXVj5kZoM
[2026-01-20 21:19:59,158] ERROR: Unexpected status 403 for https://api.hh.ru/vacancies/129073357: {"errors":[{"value":"captcha_required","captcha_url":"https://hh.ru/account/captcha?state=pxvcxBozfu7ry7R4QCetFmUA3SFZr_Pa4yXPQEusAiQIVW2lajVtNll6OObEQw_9kbOPkbKbHHm7t-XIJMQfyNk1XXL5ypP8G2hjajAbUJppMf
[2026-01-20 21:19:59,167] ERROR: Unexpected status 403 for https://api.hh.ru/vacancies/129214557: {"errors":[{"value":"captcha_required","captcha_url":"https://hh.ru/account/captcha?state=pxvcxBozfu7ry7R4QCetFmUA3SFZr_Pa4yXPQEusAiQIVW2lajVtNll6OObEQw_9kbOPkbKbHHm7t-XIJMQfyLKJ3WqQVJ0uci3iSjxVIwC3VQ
[2026-01-20 21:19:59,174] ERROR: Unexpected status 403 for https://api.hh.ru/vacancies/107377214: {"errors":[{"value":"captcha_required","captcha_url":"https://hh.ru/account/captcha?state=pxvcxBozfu7ry7R4QCetFmUA3SFZr_Pa4yXPQEusAiQIVW2lajVtNll6OObEQw_9kbOPkbKbHHm7t-XIJMQfyAy7-CFHUCxCrpenXVpxE4FW49
[2026-01-20 21:19:59,175] ERROR: Unexpected status 403 for https://api.hh.ru/vacancies/127984611: {"errors":[{"value":"captcha_required","captcha_url":"https://hh.ru/account/captcha?state=pxvcxBozfu7ry7R4QCetFmUA3SFZr_Pa4yXPQEusAiQIVW2lajVtNll6OObEQw_9kbOPkbKbHHm7t-XIJMQfyPhzDl3mFnpLn8hWpWGhBOtP9d
[2026-01-20 21:19:59,175] ERROR: Unexpected status 403 for https://api.hh.ru/vacancies/129644198: {"errors":[{"value":"captcha_required","captcha_url":"https://hh.ru/account/captcha?state=pxvcxBozfu7ry7R4QCetFmUA3SFZr_Pa4yXPQEusAiQIVW2lajVtNll6OObEQw_9kbOPkbKbHHm7t-XIJMQfyE9XLe51Qot_aVy9vCm3UinRXc
[2026-01-20 21:19:59,180] ERROR: Unexpected status 403 for https://api.hh.ru/vacancies/129368743: {"errors":[{"value":"captcha_required","captcha_url":"https://hh.ru/account/captcha?state=pxvcxBozfu7ry7R4QCetFmUA3SFZr_Pa4yXPQEusAiQIVW2lajVtNll6OObEQw_9kbOPkbKbHHm7t-XIJMQfyA8t2ZnAY4dV33avhPa5x47VgN
[2026-01-20 21:19:59,224] ERROR: Unexpected status 403 for https://api.hh.ru/vacancies/128989732: {"errors":[{"value":"captcha_required","captcha_url":"https://hh.ru/account/captcha?state=pxvcxBozfu7ry7R4QCetFmUA3SFZr_Pa4yXPQEusAiQIVW2lajVtNll6OObEQw_9kbOPkbKbHHm7t-XIJMQfyOwZ86sP5TSZaBFKujmjdvx99w
[2026-01-20 21:19:59,228] ERROR: Unexpected status 403 for https://api.hh.ru/vacancies/129607192: {"errors":[{"value":"captcha_required","captcha_url":"https://hh.ru/account/captcha?state=pxvcxBozfu7ry7R4QCetFmUA3SFZr_Pa4yXPQEusAiQIVW2lajVtNll6OObEQw_9kbOPkbKbHHm7t-XIJMQfyDkxfVPAg7vPrVDh5MKwLFPGVk
[2026-01-20 21:19:59,235] ERROR: Unexpected status 403 for https://api.hh.ru/vacancies/129368758: {"errors":[{"value":"captcha_required","captcha_url":"https://hh.ru/account/captcha?state=pxvcxBozfu7ry7R4QCetFmUA3SFZr_Pa4yXPQEusAiQIVW2lajVtNll6OObEQw_9kbOPkbKbHHm7t-XIJMQfyN-wIiXLzwQx_fknUnvslf1kws
[2026-01-20 21:19:59,245] ERROR: Unexpected status 403 for https://api.hh.ru/vacancies/129611425: {"errors":[{"value":"captcha_required","captcha_url":"https://hh.ru/account/captcha?state=pxvcxBozfu7ry7R4QCetFmUA3SFZr_Pa4yXPQEusAiQIVW2lajVtNll6OObEQw_9kbOPkbKbHHm7t-XIJMQfyIiSn8jylsE5-riDcYdp8ab0GJ
[2026-01-20 21:19:59,246] ERROR: Unexpected status 403 for https://api.hh.ru/vacancies/129078110: {"errors":[{"value":"captcha_required","captcha_url":"https://hh.ru/account/captcha?state=pxvcxBozfu7ry7R4QCetFmUA3SFZr_Pa4yXPQEusAiQIVW2lajVtNll6OObEQw_9kbOPkbKbHHm7t-XIJMQfyOO6cJum1fsyJAxrHUudwnjwSH
[2026-01-20 21:19:59,261] ERROR: Unexpected status 403 for https://api.hh.ru/vacancies/128908156: {"errors":[{"value":"captcha_required","captcha_url":"https://hh.ru/account/captcha?state=pxvcxBozfu7ry7R4QCetFmUA3SFZr_Pa4yXPQEusAiQIVW2lajVtNll6OObEQw_9kbOPkbKbHHm7t-XIJMQfyHiLnH4owD0tXf1Izr5-LK2cLr
[2026-01-20 21:19:59,261] INFO: Worker 3 finished area Агрыз; total collected 119
[2026-01-20 21:19:59,261] INFO: Worker 3 scanning area Аксубаево (4168)
[2026-01-20 21:19:59,271] ERROR: Unexpected status 403 for https://api.hh.ru/vacancies/129272891: {"errors":[{"value":"captcha_required","captcha_url":"https://hh.ru/account/captcha?state=pxvcxBozfu7ry7R4QCetFmUA3SFZr_Pa4yXPQEusAiQIVW2lajVtNll6OObEQw_9kbOPkbKbHHm7t-XIJMQfyDyMWhwnlrneyHTUxq-_aP6-Xv
[2026-01-20 21:19:59,311] ERROR: Unexpected status 403 for https://api.hh.ru/vacancies/127992095: {"errors":[{"value":"captcha_required","captcha_url":"https://hh.ru/account/captcha?state=pxvcxBozfu7ry7R4QCetFmUA3SFZr_Pa4yXPQEusAiQIVW2lajVtNll6OObEQw_9kbOPkbKbHHm7t-XIJMQfyIvNUuvG1-oBuHJjiD7Up_0SOg
[2026-01-20 21:19:59,320] ERROR: Unexpected status 403 for https://api.hh.ru/vacancies/129033172: {"errors":[{"value":"captcha_required","captcha_url":"https://hh.ru/account/captcha?state=pxvcxBozfu7ry7R4QCetFmUA3SFZr_Pa4yXPQEusAiQIVW2lajVtNll6OObEQw_9kbOPkbKbHHm7t-XIJMQfyOkPYdaAGm96LQXS9iF2gYNENF
[2026-01-20 21:19:59,321] ERROR: Unexpected status 403 for https://api.hh.ru/vacancies/128677733: {"errors":[{"value":"captcha_required","captcha_url":"https://hh.ru/account/captcha?state=pxvcxBozfu7ry7R4QCetFmUA3SFZr_Pa4yXPQEusAiQIVW2lajVtNll6OObEQw_9kbOPkbKbHHm7t-XIJMQfyGyGo3yrm0BCRFJpTJwEW01-ry
[2026-01-20 21:19:59,325] ERROR: Unexpected status 403 for https://api.hh.ru/vacancies/129419837: {"errors":[{"value":"captcha_required","captcha_url":"https://hh.ru/account/captcha?state=pxvcxBozfu7ry7R4QCetFmUA3SFZr_Pa4yXPQEusAiQIVW2lajVtNll6OObEQw_9kbOPkbKbHHm7t-XIJMQfyLeL5PSRaGJFQIABx-9rzwXgSg
[2026-01-20 21:19:59,332] ERROR: Unexpected status 403 for https://api.hh.ru/vacancies/128948706: {"errors":[{"value":"captcha_required","captcha_url":"https://hh.ru/account/captcha?state=pxvcxBozfu7ry7R4QCetFmUA3SFZr_Pa4yXPQEusAiQIVW2lajVtNll6OObEQw_9kbOPkbKbHHm7t-XIJMQfyA1frjEEbC5_9sm0M6X7l_hknc
[2026-01-20 21:19:59,333] ERROR: Unexpected status 403 for https://api.hh.ru/vacancies/129506202: {"errors":[{"value":"captcha_required","captcha_url":"https://hh.ru/account/captcha?state=pxvcxBozfu7ry7R4QCetFmUA3SFZr_Pa4yXPQEusAiQIVW2lajVtNll6OObEQw_9kbOPkbKbHHm7t-XIJMQfyLsZ23L0nV2yr-WLSZlxh1Pg2l
[2026-01-20 21:19:59,352] ERROR: Unexpected status 403 for https://api.hh.ru/vacancies/129306141: {"errors":[{"value":"captcha_required","captcha_url":"https://hh.ru/account/captcha?state=pxvcxBozfu7ry7R4QCetFmUA3SFZr_Pa4yXPQEusAiQIVW2lajVtNll6OObEQw_9kbOPkbKbHHm7t-XIJMQfyDuPghdcCDCpP-zHpmtT11s-TV
[2026-01-20 21:19:59,353] ERROR: Unexpected status 403 for https://api.hh.ru/vacancies/129481746: {"errors":[{"value":"captcha_required","captcha_url":"https://hh.ru/account/captcha?state=pxvcxBozfu7ry7R4QCetFmUA3SFZr_Pa4yXPQEusAiQIVW2lajVtNll6OObEQw_9kbOPkbKbHHm7t-XIJMQfyCCvoVcsURMBa_-08Sbh5DQfDR
[2026-01-20 21:19:59,358] ERROR: Unexpected status 403 for https://api.hh.ru/vacancies/127788821: {"errors":[{"value":"captcha_required","captcha_url":"https://hh.ru/account/captcha?state=pxvcxBozfu7ry7R4QCetFmUA3SFZr_Pa4yXPQEusAiQIVW2lajVtNll6OObEQw_9kbOPkbKbHHm7t-XIJMQfyFDqnWs2D34qavw9GxFMSLvFh8
[2026-01-20 21:19:59,359] ERROR: Unexpected status 403 for https://api.hh.ru/vacancies/129263328: {"errors":[{"value":"captcha_required","captcha_url":"https://hh.ru/account/captcha?state=pxvcxBozfu7ry7R4QCetFmUA3SFZr_Pa4yXPQEusAiQIVW2lajVtNll6OObEQw_9kbOPkbKbHHm7t-XIJMQfyN33xN2e1jUcZQqIXigKmZX9pH
[2026-01-20 21:19:59,363] ERROR: Unexpected status 403 for https://api.hh.ru/vacancies/128973735: {"errors":[{"value":"captcha_required","captcha_url":"https://hh.ru/account/captcha?state=pxvcxBozfu7ry7R4QCetFmUA3SFZr_Pa4yXPQEusAiQIVW2lajVtNll6OObEQw_9kbOPkbKbHHm7t-XIJMQfyGid_4KXJMh9CQ7ro1xdqrMBYQ
[2026-01-20 21:19:59,370] ERROR: Unexpected status 403 for https://api.hh.ru/vacancies/129615068: {"errors":[{"value":"captcha_required","captcha_url":"https://hh.ru/account/captcha?state=pxvcxBozfu7ry7R4QCetFmUA3SFZr_Pa4yXPQEusAiQIVW2lajVtNll6OObEQw_9kbOPkbKbHHm7t-XIJMQfyAM6etB7Wecir--_dfWuxnaBXH
[2026-01-20 21:19:59,372] ERROR: Unexpected status 403 for https://api.hh.ru/vacancies/129536006: {"errors":[{"value":"captcha_required","captcha_url":"https://hh.ru/account/captcha?state=pxvcxBozfu7ry7R4QCetFmUA3SFZr_Pa4yXPQEusAiQIVW2lajVtNll6OObEQw_9kbOPkbKbHHm7t-XIJMQfyGqvSDmBKbKzM7uyafkws5X9Pg
[2026-01-20 21:19:59,382] ERROR: Unexpected status 403 for https://api.hh.ru/vacancies/129040035: {"errors":[{"value":"captcha_required","captcha_url":"https://hh.ru/account/captcha?state=pxvcxBozfu7ry7R4QCetFmUA3SFZr_Pa4yXPQEusAiQIVW2lajVtNll6OObEQw_9kbOPkbKbHHm7t-XIJMQfyCIBXVACegrRlRH46Ko02z2M18
[2026-01-20 21:19:59,442] ERROR: Unexpected status 403 for https://api.hh.ru/vacancies/129330258: {"errors":[{"value":"captcha_required","captcha_url":"https://hh.ru/account/captcha?state=pxvcxBozfu7ry7R4QCetFmUA3SFZr_Pa4yXPQEusAiQIVW2lajVtNll6OObEQw_9kbOPkbKbHHm7t-XIJMQfyPVF37attw32w3xZ0WTtGy7vQV
[2026-01-20 21:19:59,449] ERROR: Unexpected status 403 for https://api.hh.ru/vacancies/129289853: {"errors":[{"value":"captcha_required","captcha_url":"https://hh.ru/account/captcha?state=pxvcxBozfu7ry7R4QCetFmUA3SFZr_Pa4yXPQEusAiQIVW2lajVtNll6OObEQw_9kbOPkbKbHHm7t-XIJMQfyJWldB70sYEwgZyCWOVCyjt1U4
[2026-01-20 21:19:59,465] ERROR: Unexpected status 403 for https://api.hh.ru/vacancies/129368748: {"errors":[{"value":"captcha_required","captcha_url":"https://hh.ru/account/captcha?state=pxvcxBozfu7ry7R4QCetFmUA3SFZr_Pa4yXPQEusAiQIVW2lajVtNll6OObEQw_9kbOPkbKbHHm7t-XIJMQfyFRTly_Zhe0p_kjbhIF2xfXwvs
[2026-01-20 21:19:59,466] ERROR: Unexpected status 403 for https://api.hh.ru/vacancies/128946015: {"errors":[{"value":"captcha_required","captcha_url":"https://hh.ru/account/captcha?state=pxvcxBozfu7ry7R4QCetFmUA3SFZr_Pa4yXPQEusAiQIVW2lajVtNll6OObEQw_9kbOPkbKbHHm7t-XIJMQfyCsdKgmcdGVad5weh2MkDgCrVD
[2026-01-20 21:19:59,470] ERROR: Unexpected status 403 for https://api.hh.ru/vacancies/129069791: {"errors":[{"value":"captcha_required","captcha_url":"https://hh.ru/account/captcha?state=pxvcxBozfu7ry7R4QCetFmUA3SFZr_Pa4yXPQEusAiQIVW2lajVtNll6OObEQw_9kbOPkbKbHHm7t-XIJMQfyEG2OdiEqcSc7FnACUy_do5Zjc
[2026-01-20 21:19:59,486] ERROR: Unexpected status 403 for https://api.hh.ru/vacancies/129330111: {"errors":[{"value":"captcha_required","captcha_url":"https://hh.ru/account/captcha?state=pxvcxBozfu7ry7R4QCetFmUA3SFZr_Pa4yXPQEusAiQIVW2lajVtNll6OObEQw_9kbOPkbKbHHm7t-XIJMQfyETmUylAhrs10daUBAQm4i1jlg
[2026-01-20 21:19:59,509] ERROR: Unexpected status 403 for https://api.hh.ru/vacancies/128530684: {"errors":[{"value":"captcha_required","captcha_url":"https://hh.ru/account/captcha?state=pxvcxBozfu7ry7R4QCetFmUA3SFZr_Pa4yXPQEusAiQIVW2lajVtNll6OObEQw_9kbOPkbKbHHm7t-XIJMQfyM0UL-ETlySD3SvD6Dge1Niqid
[2026-01-20 21:19:59,519] ERROR: Unexpected status 403 for https://api.hh.ru/vacancies/128177322: {"errors":[{"value":"captcha_required","captcha_url":"https://hh.ru/account/captcha?state=pxvcxBozfu7ry7R4QCetFmUA3SFZr_Pa4yXPQEusAiQIVW2lajVtNll6OObEQw_9kbOPkbKbHHm7t-XIJMQfyLW0HY-p9QM4eeWl_8ryqcxZvA
[2026-01-20 21:19:59,555] ERROR: Unexpected status 403 for https://api.hh.ru/vacancies/127168450: {"errors":[{"value":"captcha_required","captcha_url":"https://hh.ru/account/captcha?state=pxvcxBozfu7ry7R4QCetFmUA3SFZr_Pa4yXPQEusAiQIVW2lajVtNll6OObEQw_9kbOPkbKbHHm7t-XIJMQfyHnMa08vHKXcq-KOP8Jw8g48-9
[2026-01-20 21:19:59,582] ERROR: Unexpected status 403 for https://api.hh.ru/vacancies/125151550: {"errors":[{"value":"captcha_required","captcha_url":"https://hh.ru/account/captcha?state=pxvcxBozfu7ry7R4QCetFmUA3SFZr_Pa4yXPQEusAiQIVW2lajVtNll6OObEQw_9kbOPkbKbHHm7t-XIJMQfyJnYecjwVpKit6awGSR09zp8Qk
[2026-01-20 21:19:59,587] ERROR: Unexpected status 403 for https://api.hh.ru/vacancies/126097604: {"errors":[{"value":"captcha_required","captcha_url":"https://hh.ru/account/captcha?state=pxvcxBozfu7ry7R4QCetFmUA3SFZr_Pa4yXPQEusAiQIVW2lajVtNll6OObEQw_9kbOPkbKbHHm7t-XIJMQfyBAi9EZLN3nhlFUkHb4lZNG7MM
[2026-01-20 21:19:59,588] ERROR: Unexpected status 403 for https://api.hh.ru/vacancies/127839151: {"errors":[{"value":"captcha_required","captcha_url":"https://hh.ru/account/captcha?state=pxvcxBozfu7ry7R4QCetFmUA3SFZr_Pa4yXPQEusAiQIVW2lajVtNll6OObEQw_9kbOPkbKbHHm7t-XIJMQfyJSLMz5yedyz2Fthng1faGU1Cx
[2026-01-20 21:19:59,588] ERROR: Unexpected status 403 for https://api.hh.ru/vacancies/129163573: {"errors":[{"value":"captcha_required","captcha_url":"https://hh.ru/account/captcha?state=pxvcxBozfu7ry7R4QCetFmUA3SFZr_Pa4yXPQEusAiQIVW2lajVtNll6OObEQw_9kbOPkbKbHHm7t-XIJMQfyCQvpJQAzvEFyWDcv8NYacEDlY
[2026-01-20 21:19:59,590] ERROR: Unexpected status 403 for https://api.hh.ru/vacancies/129296857: {"errors":[{"value":"captcha_required","captcha_url":"https://hh.ru/account/captcha?state=pxvcxBozfu7ry7R4QCetFmUA3SFZr_Pa4yXPQEusAiQIVW2lajVtNll6OObEQw_9kbOPkbKbHHm7t-XIJMQfyIXABDo5cF2rotgH3RiNZI-kJe
[2026-01-20 21:19:59,595] ERROR: Unexpected status 403 for https://api.hh.ru/vacancies/125151555: {"errors":[{"value":"captcha_required","captcha_url":"https://hh.ru/account/captcha?state=pxvcxBozfu7ry7R4QCetFmUA3SFZr_Pa4yXPQEusAiQIVW2lajVtNll6OObEQw_9kbOPkbKbHHm7t-XIJMQfyO8LEoznc_0zfHUt_xlWOU4YAI
[2026-01-20 21:19:59,616] ERROR: Unexpected status 403 for https://api.hh.ru/vacancies/128952119: {"errors":[{"value":"captcha_required","captcha_url":"https://hh.ru/account/captcha?state=pxvcxBozfu7ry7R4QCetFmUA3SFZr_Pa4yXPQEusAiQIVW2lajVtNll6OObEQw_9kbOPkbKbHHm7t-XIJMQfyKHZJLhlbzDGf45cmEsExAbvEX
[2026-01-20 21:19:59,626] ERROR: Unexpected status 403 for https://api.hh.ru/vacancies/125151691: {"errors":[{"value":"captcha_required","captcha_url":"https://hh.ru/account/captcha?state=pxvcxBozfu7ry7R4QCetFmUA3SFZr_Pa4yXPQEusAiQIVW2lajVtNll6OObEQw_9kbOPkbKbHHm7t-XIJMQfyFFeGZNVr7PqNM54jzX-5o_WkK
[2026-01-20 21:19:59,634] ERROR: Unexpected status 403 for https://api.hh.ru/vacancies/128498585: {"errors":[{"value":"captcha_required","captcha_url":"https://hh.ru/account/captcha?state=pxvcxBozfu7ry7R4QCetFmUA3SFZr_Pa4yXPQEusAiQIVW2lajVtNll6OObEQw_9kbOPkbKbHHm7t-XIJMQfyJXXMfG8BAiEg-ioJNRigKY9uY
[2026-01-20 21:19:59,642] ERROR: Unexpected status 403 for https://api.hh.ru/vacancies/129087236: {"errors":[{"value":"captcha_required","captcha_url":"https://hh.ru/account/captcha?state=pxvcxBozfu7ry7R4QCetFmUA3SFZr_Pa4yXPQEusAiQIVW2lajVtNll6OObEQw_9kbOPkbKbHHm7t-XIJMQfyL1z-lba-41NO2Ut2G-aoUR6Hg
[2026-01-20 21:19:59,659] ERROR: Unexpected status 403 for https://api.hh.ru/vacancies/129531395: {"errors":[{"value":"captcha_required","captcha_url":"https://hh.ru/account/captcha?state=pxvcxBozfu7ry7R4QCetFmUA3SFZr_Pa4yXPQEusAiQIVW2lajVtNll6OObEQw_9kbOPkbKbHHm7t-XIJMQfyBDWtbfc8K1K6YtYh0Y31jWxLZ
[2026-01-20 21:19:59,665] ERROR: Unexpected status 403 for https://api.hh.ru/vacancies/129011078: {"errors":[{"value":"captcha_required","captcha_url":"https://hh.ru/account/captcha?state=pxvcxBozfu7ry7R4QCetFmUA3SFZr_Pa4yXPQEusAiQIVW2lajVtNll6OObEQw_9kbOPkbKbHHm7t-XIJMQfyOA1s8X49c3-VicaFhWGl1LwOF
[2026-01-20 21:19:59,666] ERROR: Unexpected status 403 for https://api.hh.ru/vacancies/121455076: {"errors":[{"value":"captcha_required","captcha_url":"https://hh.ru/account/captcha?state=pxvcxBozfu7ry7R4QCetFmUA3SFZr_Pa4yXPQEusAiQIVW2lajVtNll6OObEQw_9kbOPkbKbHHm7t-XIJMQfyJqVfcyWk7YhZ8JVSiglnxDCNK
[2026-01-20 21:19:59,684] ERROR: Unexpected status 403 for https://api.hh.ru/vacancies/129087670: {"errors":[{"value":"captcha_required","captcha_url":"https://hh.ru/account/captcha?state=pxvcxBozfu7ry7R4QCetFmUA3SFZr_Pa4yXPQEusAiQIVW2lajVtNll6OObEQw_9kbOPkbKbHHm7t-XIJMQfyMn4UsQmjQt1EvJlRNvAmrVouV
[2026-01-20 21:19:59,686] ERROR: Unexpected status 403 for https://api.hh.ru/vacancies/125151347: {"errors":[{"value":"captcha_required","captcha_url":"https://hh.ru/account/captcha?state=pxvcxBozfu7ry7R4QCetFmUA3SFZr_Pa4yXPQEusAiQIVW2lajVtNll6OObEQw_9kbOPkbKbHHm7t-XIJMQfyKBJmjEdsl0dEXBPeushjjPrqK
[2026-01-20 21:19:59,687] ERROR: Unexpected status 403 for https://api.hh.ru/vacancies/125151417: {"errors":[{"value":"captcha_required","captcha_url":"https://hh.ru/account/captcha?state=pxvcxBozfu7ry7R4QCetFmUA3SFZr_Pa4yXPQEusAiQIVW2lajVtNll6OObEQw_9kbOPkbKbHHm7t-XIJMQfyOeePtq3Uk8CYrYPEJm5j5VkG8
[2026-01-20 21:19:59,692] ERROR: Unexpected status 403 for https://api.hh.ru/vacancies/129144409: {"errors":[{"value":"captcha_required","captcha_url":"https://hh.ru/account/captcha?state=pxvcxBozfu7ry7R4QCetFmUA3SFZr_Pa4yXPQEusAiQIVW2lajVtNll6OObEQw_9kbOPkbKbHHm7t-XIJMQfyLCu2ZLoLEbp2a8AvGLiH4Et4C
[2026-01-20 21:19:59,694] ERROR: Unexpected status 403 for https://api.hh.ru/vacancies/129481745: {"errors":[{"value":"captcha_required","captcha_url":"https://hh.ru/account/captcha?state=pxvcxBozfu7ry7R4QCetFmUA3SFZr_Pa4yXPQEusAiQIVW2lajVtNll6OObEQw_9kbOPkbKbHHm7t-XIJMQfyBsrQ7FOQheQrIzCaPGJebDcV-
[2026-01-20 21:19:59,704] ERROR: Unexpected status 403 for https://api.hh.ru/vacancies/129013284: {"errors":[{"value":"captcha_required","captcha_url":"https://hh.ru/account/captcha?state=pxvcxBozfu7ry7R4QCetFmUA3SFZr_Pa4yXPQEusAiQIVW2lajVtNll6OObEQw_9kbOPkbKbHHm7t-XIJMQfyIl82GFOcCcOdboIvclQcC75q0
[2026-01-20 21:19:59,708] ERROR: Unexpected status 403 for https://api.hh.ru/vacancies/128075432: {"errors":[{"value":"captcha_required","captcha_url":"https://hh.ru/account/captcha?state=pxvcxBozfu7ry7R4QCetFmUA3SFZr_Pa4yXPQEusAiQIVW2lajVtNll6OObEQw_9kbOPkbKbHHm7t-XIJMQfyA3f5ywnUPt_o7i5jSs5ZSIKVY
[2026-01-20 21:19:59,709] ERROR: Unexpected status 403 for https://api.hh.ru/vacancies/125572092: {"errors":[{"value":"captcha_required","captcha_url":"https://hh.ru/account/captcha?state=pxvcxBozfu7ry7R4QCetFmUA3SFZr_Pa4yXPQEusAiQIVW2lajVtNll6OObEQw_9kbOPkbKbHHm7t-XIJMQfyGZnz8n6YpO5hAVV60Iaij-jZv
[2026-01-20 21:19:59,712] ERROR: Unexpected status 403 for https://api.hh.ru/vacancies/121558070: {"errors":[{"value":"captcha_required","captcha_url":"https://hh.ru/account/captcha?state=pxvcxBozfu7ry7R4QCetFmUA3SFZr_Pa4yXPQEusAiQIVW2lajVtNll6OObEQw_9kbOPkbKbHHm7t-XIJMQfyD4oDdOAMmNxRtK_7UTG4rBoBw
[2026-01-20 21:19:59,723] ERROR: Unexpected status 403 for https://api.hh.ru/vacancies/125192776: {"errors":[{"value":"captcha_required","captcha_url":"https://hh.ru/account/captcha?state=pxvcxBozfu7ry7R4QCetFmUA3SFZr_Pa4yXPQEusAiQIVW2lajVtNll6OObEQw_9kbOPkbKbHHm7t-XIJMQfyClCgucWj0TMKRcpoqRMKEuT-X
[2026-01-20 21:19:59,745] ERROR: Unexpected status 403 for https://api.hh.ru/vacancies/126065003: {"errors":[{"value":"captcha_required","captcha_url":"https://hh.ru/account/captcha?state=pxvcxBozfu7ry7R4QCetFmUA3SFZr_Pa4yXPQEusAiQIVW2lajVtNll6OObEQw_9kbOPkbKbHHm7t-XIJMQfyIJr5o5aCNl3YDCiknJrjdmDup
[2026-01-20 21:19:59,751] ERROR: Unexpected status 403 for https://api.hh.ru/vacancies/125151589: {"errors":[{"value":"captcha_required","captcha_url":"https://hh.ru/account/captcha?state=pxvcxBozfu7ry7R4QCetFmUA3SFZr_Pa4yXPQEusAiQIVW2lajVtNll6OObEQw_9kbOPkbKbHHm7t-XIJMQfyKIyhSFa0sNeJz5PLRvumH-5gW
[2026-01-20 21:19:59,751] ERROR: Unexpected status 403 for https://api.hh.ru/vacancies/129644199: {"errors":[{"value":"captcha_required","captcha_url":"https://hh.ru/account/captcha?state=pxvcxBozfu7ry7R4QCetFmUA3SFZr_Pa4yXPQEusAiQIVW2lajVtNll6OObEQw_9kbOPkbKbHHm7t-XIJMQfyJRzlopTv9dPecbFXaplqMPCU1
[2026-01-20 21:19:59,768] ERROR: Unexpected status 403 for https://api.hh.ru/vacancies/126089487: {"errors":[{"value":"captcha_required","captcha_url":"https://hh.ru/account/captcha?state=pxvcxBozfu7ry7R4QCetFmUA3SFZr_Pa4yXPQEusAiQIVW2lajVtNll6OObEQw_9kbOPkbKbHHm7t-XIJMQfyKlxgVpjqxXmfAVhCD4zj1RmhJ
[2026-01-20 21:19:59,771] ERROR: Unexpected status 403 for https://api.hh.ru/vacancies/129656054: {"errors":[{"value":"captcha_required","captcha_url":"https://hh.ru/account/captcha?state=pxvcxBozfu7ry7R4QCetFmUA3SFZr_Pa4yXPQEusAiQIVW2lajVtNll6OObEQw_9kbOPkbKbHHm7t-XIJMQfyMmxUxwUtdjGyFHRV0156AHsNh
[2026-01-20 21:19:59,773] ERROR: Unexpected status 403 for https://api.hh.ru/vacancies/125151874: {"errors":[{"value":"captcha_required","captcha_url":"https://hh.ru/account/captcha?state=pxvcxBozfu7ry7R4QCetFmUA3SFZr_Pa4yXPQEusAiQIVW2lajVtNll6OObEQw_9kbOPkbKbHHm7t-XIJMQfyP046r0VZNS-V39viBzT8gOe0k
[2026-01-20 21:19:59,787] ERROR: Unexpected status 403 for https://api.hh.ru/vacancies/129368741: {"errors":[{"value":"captcha_required","captcha_url":"https://hh.ru/account/captcha?state=pxvcxBozfu7ry7R4QCetFmUA3SFZr_Pa4yXPQEusAiQIVW2lajVtNll6OObEQw_9kbOPkbKbHHm7t-XIJMQfyNjgXrHet9s2SrUqy6diP5MRMe
[2026-01-20 21:19:59,789] ERROR: Unexpected status 403 for https://api.hh.ru/vacancies/129154738: {"errors":[{"value":"captcha_required","captcha_url":"https://hh.ru/account/captcha?state=pxvcxBozfu7ry7R4QCetFmUA3SFZr_Pa4yXPQEusAiQIVW2lajVtNll6OObEQw_9kbOPkbKbHHm7t-XIJMQfyI8-8Q8uqBzD9yb-QiLAfiPvkO
[2026-01-20 21:19:59,794] ERROR: Unexpected status 403 for https://api.hh.ru/vacancies/129013290: {"errors":[{"value":"captcha_required","captcha_url":"https://hh.ru/account/captcha?state=pxvcxBozfu7ry7R4QCetFmUA3SFZr_Pa4yXPQEusAiQIVW2lajVtNll6OObEQw_9kbOPkbKbHHm7t-XIJMQfyN34TdRzaF5qR1uPJKKAf2PylB
[2026-01-20 21:19:59,810] ERROR: Unexpected status 403 for https://api.hh.ru/vacancies/125151565: {"errors":[{"value":"captcha_required","captcha_url":"https://hh.ru/account/captcha?state=pxvcxBozfu7ry7R4QCetFmUA3SFZr_Pa4yXPQEusAiQIVW2lajVtNll6OObEQw_9kbOPkbKbHHm7t-XIJMQfyDenCHnTeRXyUJ3MIzw2eLJOXD
[2026-01-20 21:19:59,828] ERROR: Unexpected status 403 for https://api.hh.ru/vacancies/126061088: {"errors":[{"value":"captcha_required","captcha_url":"https://hh.ru/account/captcha?state=pxvcxBozfu7ry7R4QCetFmUA3SFZr_Pa4yXPQEusAiQIVW2lajVtNll6OObEQw_9kbOPkbKbHHm7t-XIJMQfyMm-s7VGAiFQPjQkNfjlyjRBYs
[2026-01-20 21:19:59,833] ERROR: Unexpected status 403 for https://api.hh.ru/vacancies/125151542: {"errors":[{"value":"captcha_required","captcha_url":"https://hh.ru/account/captcha?state=pxvcxBozfu7ry7R4QCetFmUA3SFZr_Pa4yXPQEusAiQIVW2lajVtNll6OObEQw_9kbOPkbKbHHm7t-XIJMQfyP7npa5t61z02cEIzuj51cLomt
[2026-01-20 21:19:59,849] ERROR: Unexpected status 403 for https://api.hh.ru/vacancies/129644356: {"errors":[{"value":"captcha_required","captcha_url":"https://hh.ru/account/captcha?state=pxvcxBozfu7ry7R4QCetFmUA3SFZr_Pa4yXPQEusAiQIVW2lajVtNll6OObEQw_9kbOPkbKbHHm7t-XIJMQfyDncXWTBiAHoj_SckbtnrnGxV7
[2026-01-20 21:19:59,863] ERROR: Unexpected status 403 for https://api.hh.ru/vacancies/125152283: {"errors":[{"value":"captcha_required","captcha_url":"https://hh.ru/account/captcha?state=pxvcxBozfu7ry7R4QCetFmUA3SFZr_Pa4yXPQEusAiQIVW2lajVtNll6OObEQw_9kbOPkbKbHHm7t-XIJMQfyDcLvczwIP12KJY19qiiTyufwd
[2026-01-20 21:19:59,873] ERROR: Unexpected status 403 for https://api.hh.ru/vacancies/126288104: {"errors":[{"value":"captcha_required","captcha_url":"https://hh.ru/account/captcha?state=pxvcxBozfu7ry7R4QCetFmUA3SFZr_Pa4yXPQEusAiQIVW2lajVtNll6OObEQw_9kbOPkbKbHHm7t-XIJMQfyDgNOjCaAd8sbFheet8oBvdoaL
[2026-01-20 21:19:59,876] ERROR: Unexpected status 403 for https://api.hh.ru/vacancies/123590540: {"errors":[{"value":"captcha_required","captcha_url":"https://hh.ru/account/captcha?state=pxvcxBozfu7ry7R4QCetFmUA3SFZr_Pa4yXPQEusAiQIVW2lajVtNll6OObEQw_9kbOPkbKbHHm7t-XIJMQfyKNiQ8VchyG9gzz976yBEYAsgZ
[2026-01-20 21:19:59,879] ERROR: Unexpected status 403 for https://api.hh.ru/vacancies/129653891: {"errors":[{"value":"captcha_required","captcha_url":"https://hh.ru/account/captcha?state=pxvcxBozfu7ry7R4QCetFmUA3SFZr_Pa4yXPQEusAiQIVW2lajVtNll6OObEQw_9kbOPkbKbHHm7t-XIJMQfyDsO9jT-7sZKRwICoKgPUmED2x
[2026-01-20 21:19:59,900] ERROR: Unexpected status 403 for https://api.hh.ru/vacancies/125151434: {"errors":[{"value":"captcha_required","captcha_url":"https://hh.ru/account/captcha?state=pxvcxBozfu7ry7R4QCetFmUA3SFZr_Pa4yXPQEusAiQIVW2lajVtNll6OObEQw_9kbOPkbKbHHm7t-XIJMQfyJr-oQSSnHWyG4kJ-sntVQ070N
[2026-01-20 21:19:59,920] ERROR: Unexpected status 403 for https://api.hh.ru/vacancies/127511627: {"errors":[{"value":"captcha_required","captcha_url":"https://hh.ru/account/captcha?state=pxvcxBozfu7ry7R4QCetFmUA3SFZr_Pa4yXPQEusAiQIVW2lajVtNll6OObEQw_9kbOPkbKbHHm7t-XIJMQfyMMI8YQDvOwg2-rGixXOjUmZrq
[2026-01-20 21:19:59,920] ERROR: Unexpected status 403 for https://api.hh.ru/vacancies/125151650: {"errors":[{"value":"captcha_required","captcha_url":"https://hh.ru/account/captcha?state=pxvcxBozfu7ry7R4QCetFmUA3SFZr_Pa4yXPQEusAiQIVW2lajVtNll6OObEQw_9kbOPkbKbHHm7t-XIJMQfyPzeFNIzcIkdVfLAUFF5PVJETF
[2026-01-20 21:19:59,927] ERROR: Unexpected status 403 for https://api.hh.ru/vacancies/125151927: {"errors":[{"value":"captcha_required","captcha_url":"https://hh.ru/account/captcha?state=pxvcxBozfu7ry7R4QCetFmUA3SFZr_Pa4yXPQEusAiQIVW2lajVtNll6OObEQw_9kbOPkbKbHHm7t-XIJMQfyBb4jlNSGToDF1woV2ou5uAyis
[2026-01-20 21:19:59,930] ERROR: Unexpected status 403 for https://api.hh.ru/vacancies/125437167: {"errors":[{"value":"captcha_required","captcha_url":"https://hh.ru/account/captcha?state=pxvcxBozfu7ry7R4QCetFmUA3SFZr_Pa4yXPQEusAiQIVW2lajVtNll6OObEQw_9kbOPkbKbHHm7t-XIJMQfyMNv_Ki_j-njp0Ij1EELEJaUCx
[2026-01-20 21:19:59,937] ERROR: Unexpected status 403 for https://api.hh.ru/vacancies/128659489: {"errors":[{"value":"captcha_required","captcha_url":"https://hh.ru/account/captcha?state=pxvcxBozfu7ry7R4QCetFmUA3SFZr_Pa4yXPQEusAiQIVW2lajVtNll6OObEQw_9kbOPkbKbHHm7t-XIJMQfyPpFR8wEiumI0P2R7ZTZy2Am3V
[2026-01-20 21:19:59,939] ERROR: Unexpected status 403 for https://api.hh.ru/vacancies/125151577: {"errors":[{"value":"captcha_required","captcha_url":"https://hh.ru/account/captcha?state=pxvcxBozfu7ry7R4QCetFmUA3SFZr_Pa4yXPQEusAiQIVW2lajVtNll6OObEQw_9kbOPkbKbHHm7t-XIJMQfyOrupJmqNgBezrSKaLJWAOB2aR
[2026-01-20 21:19:59,950] ERROR: Unexpected status 403 for https://api.hh.ru/vacancies/125151575: {"errors":[{"value":"captcha_required","captcha_url":"https://hh.ru/account/captcha?state=pxvcxBozfu7ry7R4QCetFmUA3SFZr_Pa4yXPQEusAiQIVW2lajVtNll6OObEQw_9kbOPkbKbHHm7t-XIJMQfyGr-JNMWbrxukpaMjFqp-RdCsh
[2026-01-20 21:19:59,953] ERROR: Unexpected status 403 for https://api.hh.ru/vacancies/125270467: {"errors":[{"value":"captcha_required","captcha_url":"https://hh.ru/account/captcha?state=pxvcxBozfu7ry7R4QCetFmUA3SFZr_Pa4yXPQEusAiQIVW2lajVtNll6OObEQw_9kbOPkbKbHHm7t-XIJMQfyBWuJEZelAmDQwmA5X8Yk-oGc1
[2026-01-20 21:19:59,954] ERROR: Unexpected status 403 for https://api.hh.ru/vacancies/128969572: {"errors":[{"value":"captcha_required","captcha_url":"https://hh.ru/account/captcha?state=pxvcxBozfu7ry7R4QCetFmUA3SFZr_Pa4yXPQEusAiQIVW2lajVtNll6OObEQw_9kbOPkbKbHHm7t-XIJMQfyJ8ly46bCt9990WKcbm8c0DnW5
[2026-01-20 21:19:59,977] ERROR: Unexpected status 403 for https://api.hh.ru/vacancies/121821461: {"errors":[{"value":"captcha_required","captcha_url":"https://hh.ru/account/captcha?state=pxvcxBozfu7ry7R4QCetFmUA3SFZr_Pa4yXPQEusAiQIVW2lajVtNll6OObEQw_9kbOPkbKbHHm7t-XIJMQfyFXC9DF5AeWo_eTeiQ05r2HMfT
[2026-01-20 21:19:59,983] ERROR: Unexpected status 403 for https://api.hh.ru/vacancies/129018110: {"errors":[{"value":"captcha_required","captcha_url":"https://hh.ru/account/captcha?state=pxvcxBozfu7ry7R4QCetFmUA3SFZr_Pa4yXPQEusAiQIVW2lajVtNll6OObEQw_9kbOPkbKbHHm7t-XIJMQfyFnJ49I85ObcLg3r_g1HrGTrOE
[2026-01-20 21:20:00,001] ERROR: Unexpected status 403 for https://api.hh.ru/vacancies/123867894: {"errors":[{"value":"captcha_required","captcha_url":"https://hh.ru/account/captcha?state=pxvcxBozfu7ry7R4QCetFmUA3SFZr_Pa4yXPQEusAiQIVW2lajVtNll6OObEQw_9kbOPkbKbHHm7t-XIJMQfyFH1kOPD7ZAC1dX7-2DDn4IVb3
[2026-01-20 21:20:00,003] ERROR: Unexpected status 403 for https://api.hh.ru/vacancies/126318772: {"errors":[{"value":"captcha_required","captcha_url":"https://hh.ru/account/captcha?state=pxvcxBozfu7ry7R4QCetFmUA3SFZr_Pa4yXPQEusAiQIVW2lajVtNll6OObEQw_9kbOPkbKbHHm7t-XIJMQfyPinzOWgjcmxVQgSLX6Cz7quvV
[2026-01-20 21:20:00,008] ERROR: Unexpected status 403 for https://api.hh.ru/vacancies/125152092: {"errors":[{"value":"captcha_required","captcha_url":"https://hh.ru/account/captcha?state=pxvcxBozfu7ry7R4QCetFmUA3SFZr_Pa4yXPQEusAiQIVW2lajVtNll6OObEQw_9kbOPkbKbHHm7t-XIJMQfyLPuGRM8eTeve9RkvLiEiNJ4w9
[2026-01-20 21:20:00,010] ERROR: Unexpected status 403 for https://api.hh.ru/vacancies/125151396: {"errors":[{"value":"captcha_required","captcha_url":"https://hh.ru/account/captcha?state=pxvcxBozfu7ry7R4QCetFmUA3SFZr_Pa4yXPQEusAiQIVW2lajVtNll6OObEQw_9kbOPkbKbHHm7t-XIJMQfyJVEsFUq9Qb-Z26lDDyK7XXx1z
[2026-01-20 21:20:00,015] ERROR: Unexpected status 403 for https://api.hh.ru/vacancies/123074996: {"errors":[{"value":"captcha_required","captcha_url":"https://hh.ru/account/captcha?state=pxvcxBozfu7ry7R4QCetFmUA3SFZr_Pa4yXPQEusAiQIVW2lajVtNll6OObEQw_9kbOPkbKbHHm7t-XIJMQfyBmNhOdkWq0TYlu31pJ5wvgEAr
[2026-01-20 21:20:00,023] ERROR: Unexpected status 403 for https://api.hh.ru/vacancies/125151369: {"errors":[{"value":"captcha_required","captcha_url":"https://hh.ru/account/captcha?state=pxvcxBozfu7ry7R4QCetFmUA3SFZr_Pa4yXPQEusAiQIVW2lajVtNll6OObEQw_9kbOPkbKbHHm7t-XIJMQfyD3J-DPVCtvn1Thirf3aKSifKN
[2026-01-20 21:20:00,034] ERROR: Unexpected status 403 for https://api.hh.ru/vacancies/125152141: {"errors":[{"value":"captcha_required","captcha_url":"https://hh.ru/account/captcha?state=pxvcxBozfu7ry7R4QCetFmUA3SFZr_Pa4yXPQEusAiQIVW2lajVtNll6OObEQw_9kbOPkbKbHHm7t-XIJMQfyH6ZZEXHkUr3u1HdpjsedLE3rx
[2026-01-20 21:20:00,034] ERROR: Unexpected status 403 for https://api.hh.ru/vacancies/124982719: {"errors":[{"value":"captcha_required","captcha_url":"https://hh.ru/account/captcha?state=pxvcxBozfu7ry7R4QCetFmUA3SFZr_Pa4yXPQEusAiQIVW2lajVtNll6OObEQw_9kbOPkbKbHHm7t-XIJMQfyBezFEyjNtskYQ5M1gppMjWlmn
[2026-01-20 21:20:00,041] ERROR: Unexpected status 403 for https://api.hh.ru/vacancies/122504888: {"errors":[{"value":"captcha_required","captcha_url":"https://hh.ru/account/captcha?state=pxvcxBozfu7ry7R4QCetFmUA3SFZr_Pa4yXPQEusAiQIVW2lajVtNll6OObEQw_9kbOPkbKbHHm7t-XIJMQfyFIVWCT-l6mJm7GJ0kf8GmOpsk
[2026-01-20 21:20:00,052] ERROR: Unexpected status 403 for https://api.hh.ru/vacancies/122742697: {"errors":[{"value":"captcha_required","captcha_url":"https://hh.ru/account/captcha?state=pxvcxBozfu7ry7R4QCetFmUA3SFZr_Pa4yXPQEusAiQIVW2lajVtNll6OObEQw_9kbOPkbKbHHm7t-XIJMQfyBSZNHw0fymShn0gw9G1Lr8Ed7
[2026-01-20 21:20:00,056] ERROR: Unexpected status 403 for https://api.hh.ru/vacancies/126397276: {"errors":[{"value":"captcha_required","captcha_url":"https://hh.ru/account/captcha?state=pxvcxBozfu7ry7R4QCetFmUA3SFZr_Pa4yXPQEusAiQIVW2lajVtNll6OObEQw_9kbOPkbKbHHm7t-XIJMQfyEH4SX6W3TdmxenHLrbx5kXXyT
[2026-01-20 21:20:00,064] ERROR: Unexpected status 403 for https://api.hh.ru/vacancies/125151459: {"errors":[{"value":"captcha_required","captcha_url":"https://hh.ru/account/captcha?state=pxvcxBozfu7ry7R4QCetFmUA3SFZr_Pa4yXPQEusAiQIVW2lajVtNll6OObEQw_9kbOPkbKbHHm7t-XIJMQfyL8sJUZIDr5WeHONOvNPXu7Dpy
[2026-01-20 21:20:00,065] ERROR: Unexpected status 403 for https://api.hh.ru/vacancies/125151847: {"errors":[{"value":"captcha_required","captcha_url":"https://hh.ru/account/captcha?state=pxvcxBozfu7ry7R4QCetFmUA3SFZr_Pa4yXPQEusAiQIVW2lajVtNll6OObEQw_9kbOPkbKbHHm7t-XIJMQfyMCLfynT3KVP4nSfU1_06hWAWD
[2026-01-20 21:20:00,067] ERROR: Unexpected status 403 for https://api.hh.ru/vacancies/125152006: {"errors":[{"value":"captcha_required","captcha_url":"https://hh.ru/account/captcha?state=pxvcxBozfu7ry7R4QCetFmUA3SFZr_Pa4yXPQEusAiQIVW2lajVtNll6OObEQw_9kbOPkbKbHHm7t-XIJMQfyF6Fb-fbgl9XYJE1ZnKqNoPL2Q
[2026-01-20 21:20:00,080] ERROR: Unexpected status 403 for https://api.hh.ru/vacancies/124982716: {"errors":[{"value":"captcha_required","captcha_url":"https://hh.ru/account/captcha?state=pxvcxBozfu7ry7R4QCetFmUA3SFZr_Pa4yXPQEusAiQIVW2lajVtNll6OObEQw_9kbOPkbKbHHm7t-XIJMQfyF0TMcVKODRtehE7aQHKAn-OZ1
[2026-01-20 21:20:00,084] ERROR: Unexpected status 403 for https://api.hh.ru/vacancies/125485236: {"errors":[{"value":"captcha_required","captcha_url":"https://hh.ru/account/captcha?state=pxvcxBozfu7ry7R4QCetFmUA3SFZr_Pa4yXPQEusAiQIVW2lajVtNll6OObEQw_9kbOPkbKbHHm7t-XIJMQfyBNGeZlO1Nu6x45HHWtL9Do9Y2
[2026-01-20 21:20:00,104] ERROR: Unexpected status 403 for https://api.hh.ru/vacancies/125152150: {"errors":[{"value":"captcha_required","captcha_url":"https://hh.ru/account/captcha?state=pxvcxBozfu7ry7R4QCetFmUA3SFZr_Pa4yXPQEusAiQIVW2lajVtNll6OObEQw_9kbOPkbKbHHm7t-XIJMQfyDPL19KL2RpZzLC3XwoBSNlNPO
[2026-01-20 21:20:00,106] ERROR: Unexpected status 403 for https://api.hh.ru/vacancies/125151560: {"errors":[{"value":"captcha_required","captcha_url":"https://hh.ru/account/captcha?state=pxvcxBozfu7ry7R4QCetFmUA3SFZr_Pa4yXPQEusAiQIVW2lajVtNll6OObEQw_9kbOPkbKbHHm7t-XIJMQfyJVYXti9fPse8QBGxcyx0vc4Dz
[2026-01-20 21:20:00,107] ERROR: Unexpected status 403 for https://api.hh.ru/vacancies/124982721: {"errors":[{"value":"captcha_required","captcha_url":"https://hh.ru/account/captcha?state=pxvcxBozfu7ry7R4QCetFmUA3SFZr_Pa4yXPQEusAiQIVW2lajVtNll6OObEQw_9kbOPkbKbHHm7t-XIJMQfyP14BRxUh9a3MmpYT3wmHzNqzi
[2026-01-20 21:20:00,110] ERROR: Unexpected status 403 for https://api.hh.ru/vacancies/126400731: {"errors":[{"value":"captcha_required","captcha_url":"https://hh.ru/account/captcha?state=pxvcxBozfu7ry7R4QCetFmUA3SFZr_Pa4yXPQEusAiQIVW2lajVtNll6OObEQw_9kbOPkbKbHHm7t-XIJMQfyLjYTnQFi_vo81wW142hZUZr7s
[2026-01-20 21:20:00,132] ERROR: Unexpected status 403 for https://api.hh.ru/vacancies/125151377: {"errors":[{"value":"captcha_required","captcha_url":"https://hh.ru/account/captcha?state=pxvcxBozfu7ry7R4QCetFmUA3SFZr_Pa4yXPQEusAiQIVW2lajVtNll6OObEQw_9kbOPkbKbHHm7t-XIJMQfyOCRhu2NsZPED3b6ggvIP3V4SB
[2026-01-20 21:20:00,141] ERROR: Unexpected status 403 for https://api.hh.ru/vacancies/125152447: {"errors":[{"value":"captcha_required","captcha_url":"https://hh.ru/account/captcha?state=pxvcxBozfu7ry7R4QCetFmUA3SFZr_Pa4yXPQEusAiQIVW2lajVtNll6OObEQw_9kbOPkbKbHHm7t-XIJMQfyMF93D_LSuTkrRIEJKEwwTp1EQ
[2026-01-20 21:20:00,161] ERROR: Unexpected status 403 for https://api.hh.ru/vacancies/125151341: {"errors":[{"value":"captcha_required","captcha_url":"https://hh.ru/account/captcha?state=pxvcxBozfu7ry7R4QCetFmUA3SFZr_Pa4yXPQEusAiQIVW2lajVtNll6OObEQw_9kbOPkbKbHHm7t-XIJMQfyGj8LBPFCigNevHaW2NODC5Dea
[2026-01-20 21:20:00,170] ERROR: Unexpected status 403 for https://api.hh.ru/vacancies/126021678: {"errors":[{"value":"captcha_required","captcha_url":"https://hh.ru/account/captcha?state=pxvcxBozfu7ry7R4QCetFmUA3SFZr_Pa4yXPQEusAiQIVW2lajVtNll6OObEQw_9kbOPkbKbHHm7t-XIJMQfyLHM4gD-hYsTpvVI2Pxq6gpV4w
[2026-01-20 21:20:00,183] ERROR: Unexpected status 403 for https://api.hh.ru/vacancies/126019716: {"errors":[{"value":"captcha_required","captcha_url":"https://hh.ru/account/captcha?state=pxvcxBozfu7ry7R4QCetFmUA3SFZr_Pa4yXPQEusAiQIVW2lajVtNll6OObEQw_9kbOPkbKbHHm7t-XIJMQfyPqYInCzLk3oOrBZt_E8SdUzlW
[2026-01-20 21:20:00,187] ERROR: Unexpected status 403 for https://api.hh.ru/vacancies/123924220: {"errors":[{"value":"captcha_required","captcha_url":"https://hh.ru/account/captcha?state=pxvcxBozfu7ry7R4QCetFmUA3SFZr_Pa4yXPQEusAiQIVW2lajVtNll6OObEQw_9kbOPkbKbHHm7t-XIJMQfyMHXjeiEt5rlrCakXGENbvEh--
[2026-01-20 21:20:00,200] ERROR: Unexpected status 403 for https://api.hh.ru/vacancies/129015906: {"errors":[{"value":"captcha_required","captcha_url":"https://hh.ru/account/captcha?state=pxvcxBozfu7ry7R4QCetFmUA3SFZr_Pa4yXPQEusAiQIVW2lajVtNll6OObEQw_9kbOPkbKbHHm7t-XIJMQfyLWsW1bwW77iZml7HJ-R3-iN8j
[2026-01-20 21:20:00,200] INFO: Worker 7 finished area Азнакаево; total collected 119
[2026-01-20 21:20:00,200] INFO: Worker 7 scanning area Актаныш (3658)
[2026-01-20 21:20:00,206] ERROR: Unexpected status 403 for https://api.hh.ru/vacancies/124982711: {"errors":[{"value":"captcha_required","captcha_url":"https://hh.ru/account/captcha?state=pxvcxBozfu7ry7R4QCetFmUA3SFZr_Pa4yXPQEusAiQIVW2lajVtNll6OObEQw_9kbOPkbKbHHm7t-XIJMQfyPrql3Ji6eCxObT-S8okpiKL-Y
[2026-01-20 21:20:00,208] ERROR: Unexpected status 403 for https://api.hh.ru/vacancies/125151414: {"errors":[{"value":"captcha_required","captcha_url":"https://hh.ru/account/captcha?state=pxvcxBozfu7ry7R4QCetFmUA3SFZr_Pa4yXPQEusAiQIVW2lajVtNll6OObEQw_9kbOPkbKbHHm7t-XIJMQfyOsh93ABpuoeiGZXR7uWGxDcPd
[2026-01-20 21:20:00,224] ERROR: Unexpected status 403 for https://api.hh.ru/vacancies/123077665: {"errors":[{"value":"captcha_required","captcha_url":"https://hh.ru/account/captcha?state=pxvcxBozfu7ry7R4QCetFmUA3SFZr_Pa4yXPQEusAiQIVW2lajVtNll6OObEQw_9kbOPkbKbHHm7t-XIJMQfyOH8-ff27E04WmfLcNIFYSKxK7
[2026-01-20 21:20:00,224] ERROR: Unexpected status 403 for https://api.hh.ru/vacancies/125151848: {"errors":[{"value":"captcha_required","captcha_url":"https://hh.ru/account/captcha?state=pxvcxBozfu7ry7R4QCetFmUA3SFZr_Pa4yXPQEusAiQIVW2lajVtNll6OObEQw_9kbOPkbKbHHm7t-XIJMQfyCa2iKLY6VJld_7Hbp3D4qM4k1
[2026-01-20 21:20:00,233] ERROR: Unexpected status 403 for https://api.hh.ru/vacancies/122743203: {"errors":[{"value":"captcha_required","captcha_url":"https://hh.ru/account/captcha?state=pxvcxBozfu7ry7R4QCetFmUA3SFZr_Pa4yXPQEusAiQIVW2lajVtNll6OObEQw_9kbOPkbKbHHm7t-XIJMQfyDeQW5xHhL5y2_OKUpczNrRjcw
[2026-01-20 21:20:00,243] ERROR: Unexpected status 403 for https://api.hh.ru/vacancies/125151337: {"errors":[{"value":"captcha_required","captcha_url":"https://hh.ru/account/captcha?state=pxvcxBozfu7ry7R4QCetFmUA3SFZr_Pa4yXPQEusAiQIVW2lajVtNll6OObEQw_9kbOPkbKbHHm7t-XIJMQfyBZxs47P9CPEx2klIFc5eIA-5y
[2026-01-20 21:20:00,246] ERROR: Unexpected status 403 for https://api.hh.ru/vacancies/125151419: {"errors":[{"value":"captcha_required","captcha_url":"https://hh.ru/account/captcha?state=pxvcxBozfu7ry7R4QCetFmUA3SFZr_Pa4yXPQEusAiQIVW2lajVtNll6OObEQw_9kbOPkbKbHHm7t-XIJMQfyERl_zgJf761SzX3_FbVtB5Vxr
[2026-01-20 21:20:00,271] ERROR: Unexpected status 403 for https://api.hh.ru/vacancies/123550141: {"errors":[{"value":"captcha_required","captcha_url":"https://hh.ru/account/captcha?state=pxvcxBozfu7ry7R4QCetFmUA3SFZr_Pa4yXPQEusAiQIVW2lajVtNll6OObEQw_9kbOPkbKbHHm7t-XIJMQfyKUa4A-XPYO8kIl-qlyVVd_piK
[2026-01-20 21:20:00,289] ERROR: Unexpected status 403 for https://api.hh.ru/vacancies/124982708: {"errors":[{"value":"captcha_required","captcha_url":"https://hh.ru/account/captcha?state=pxvcxBozfu7ry7R4QCetFmUA3SFZr_Pa4yXPQEusAiQIVW2lajVtNll6OObEQw_9kbOPkbKbHHm7t-XIJMQfyHrVWyr48sFk7vU7MxQmLP4GD4
[2026-01-20 21:20:00,294] ERROR: Unexpected status 403 for https://api.hh.ru/vacancies/123993941: {"errors":[{"value":"captcha_required","captcha_url":"https://hh.ru/account/captcha?state=pxvcxBozfu7ry7R4QCetFmUA3SFZr_Pa4yXPQEusAiQIVW2lajVtNll6OObEQw_9kbOPkbKbHHm7t-XIJMQfyKYsJw9CWLv_JBO_BQWjKihQl6
[2026-01-20 21:20:00,366] ERROR: Unexpected status 403 for https://api.hh.ru/vacancies/121997801: {"errors":[{"value":"captcha_required","captcha_url":"https://hh.ru/account/captcha?state=pxvcxBozfu7ry7R4QCetFmUA3SFZr_Pa4yXPQEusAiQIVW2lajVtNll6OObEQw_9kbOPkbKbHHm7t-XIJMQfyOvqIyZldiHncWux5uXUoz5N_v
[2026-01-20 21:20:00,368] ERROR: Unexpected status 403 for https://api.hh.ru/vacancies/125151958: {"errors":[{"value":"captcha_required","captcha_url":"https://hh.ru/account/captcha?state=pxvcxBozfu7ry7R4QCetFmUA3SFZr_Pa4yXPQEusAiQIVW2lajVtNll6OObEQw_9kbOPkbKbHHm7t-XIJMQfyHOHlvSxerL3X5amt8eYzheSzk
[2026-01-20 21:20:00,368] ERROR: Unexpected status 403 for https://api.hh.ru/vacancies/120953484: {"errors":[{"value":"captcha_required","captcha_url":"https://hh.ru/account/captcha?state=pxvcxBozfu7ry7R4QCetFmUA3SFZr_Pa4yXPQEusAiQIVW2lajVtNll6OObEQw_9kbOPkbKbHHm7t-XIJMQfyLPGeg4n0SyNm9iFXXNWFCxceD
[2026-01-20 21:20:00,369] ERROR: Unexpected status 403 for https://api.hh.ru/vacancies/125151365: {"errors":[{"value":"captcha_required","captcha_url":"https://hh.ru/account/captcha?state=pxvcxBozfu7ry7R4QCetFmUA3SFZr_Pa4yXPQEusAiQIVW2lajVtNll6OObEQw_9kbOPkbKbHHm7t-XIJMQfyIG6cvRDKGUo5dY6GCti0ggkG6
[2026-01-20 21:20:00,377] ERROR: Unexpected status 403 for https://api.hh.ru/vacancies/125177599: {"errors":[{"value":"captcha_required","captcha_url":"https://hh.ru/account/captcha?state=pxvcxBozfu7ry7R4QCetFmUA3SFZr_Pa4yXPQEusAiQIVW2lajVtNll6OObEQw_9kbOPkbKbHHm7t-XIJMQfyOGoL3rrlO4DejKWIlz4EFVxcm
[2026-01-20 21:20:00,379] ERROR: Unexpected status 403 for https://api.hh.ru/vacancies/129518576: {"errors":[{"value":"captcha_required","captcha_url":"https://hh.ru/account/captcha?state=pxvcxBozfu7ry7R4QCetFmUA3SFZr_Pa4yXPQEusAiQIVW2lajVtNll6OObEQw_9kbOPkbKbHHm7t-XIJMQfyByA_Fj9gCjVNJdGrmrBrVmVvg
[2026-01-20 21:20:00,393] ERROR: Unexpected status 403 for https://api.hh.ru/vacancies/125151386: {"errors":[{"value":"captcha_required","captcha_url":"https://hh.ru/account/captcha?state=pxvcxBozfu7ry7R4QCetFmUA3SFZr_Pa4yXPQEusAiQIVW2lajVtNll6OObEQw_9kbOPkbKbHHm7t-XIJMQfyOG8Z5mKrDXtADX6a2Hv0Ub8pk
[2026-01-20 21:20:00,435] ERROR: Unexpected status 403 for https://api.hh.ru/vacancies/121649704: {"errors":[{"value":"captcha_required","captcha_url":"https://hh.ru/account/captcha?state=pxvcxBozfu7ry7R4QCetFmUA3SFZr_Pa4yXPQEusAiQIVW2lajVtNll6OObEQw_9kbOPkbKbHHm7t-XIJMQfyNdYSGxYZ_7fxZatWdW0nkZdak
[2026-01-20 21:20:00,436] ERROR: Unexpected status 403 for https://api.hh.ru/vacancies/123078140: {"errors":[{"value":"captcha_required","captcha_url":"https://hh.ru/account/captcha?state=pxvcxBozfu7ry7R4QCetFmUA3SFZr_Pa4yXPQEusAiQIVW2lajVtNll6OObEQw_9kbOPkbKbHHm7t-XIJMQfyFKzht-CN5O0RgExu_930PFlZE
[2026-01-20 21:20:00,453] ERROR: Unexpected status 403 for https://api.hh.ru/vacancies/125152004: {"errors":[{"value":"captcha_required","captcha_url":"https://hh.ru/account/captcha?state=pxvcxBozfu7ry7R4QCetFmUA3SFZr_Pa4yXPQEusAiQIVW2lajVtNll6OObEQw_9kbOPkbKbHHm7t-XIJMQfyCyIQwUqiLoDpO58LiyQ7dACzm
[2026-01-20 21:20:00,462] ERROR: Unexpected status 403 for https://api.hh.ru/vacancies/129478879: {"errors":[{"value":"captcha_required","captcha_url":"https://hh.ru/account/captcha?state=pxvcxBozfu7ry7R4QCetFmUA3SFZr_Pa4yXPQEusAiQIVW2lajVtNll6OObEQw_9kbOPkbKbHHm7t-XIJMQfyI03qbhrA6z2A0qoFyEqEe6wXN
[2026-01-20 21:20:00,463] ERROR: Unexpected status 403 for https://api.hh.ru/vacancies/125838064: {"errors":[{"value":"captcha_required","captcha_url":"https://hh.ru/account/captcha?state=pxvcxBozfu7ry7R4QCetFmUA3SFZr_Pa4yXPQEusAiQIVW2lajVtNll6OObEQw_9kbOPkbKbHHm7t-XIJMQfyOMBbYfUc94qibXkO1UIY5yTBO
[2026-01-20 21:20:00,469] ERROR: Unexpected status 403 for https://api.hh.ru/vacancies/123285340: {"errors":[{"value":"captcha_required","captcha_url":"https://hh.ru/account/captcha?state=pxvcxBozfu7ry7R4QCetFmUA3SFZr_Pa4yXPQEusAiQIVW2lajVtNll6OObEQw_9kbOPkbKbHHm7t-XIJMQfyCYNr0lo2wVdoH_iVVBVkfrb8d
[2026-01-20 21:20:00,476] ERROR: Unexpected status 403 for https://api.hh.ru/vacancies/122621118: {"errors":[{"value":"captcha_required","captcha_url":"https://hh.ru/account/captcha?state=pxvcxBozfu7ry7R4QCetFmUA3SFZr_Pa4yXPQEusAiQIVW2lajVtNll6OObEQw_9kbOPkbKbHHm7t-XIJMQfyBvNFo1kQ-xDRLlb9Mt49ostGE
[2026-01-20 21:20:00,483] INFO: Splitting range 2013-01-11-2026-01-20 into 2013-01-11-2019-07-17 and 2019-07-18-2026-01-20 (found=20943)
[2026-01-20 21:20:00,484] ERROR: Unexpected status 403 for https://api.hh.ru/vacancies/125151380: {"errors":[{"value":"captcha_required","captcha_url":"https://hh.ru/account/captcha?state=pxvcxBozfu7ry7R4QCetFmUA3SFZr_Pa4yXPQEusAiQIVW2lajVtNll6OObEQw_9kbOPkbKbHHm7t-XIJMQfyOEDD38qsI492ESiAFo7IUNtdF
[2026-01-20 21:20:00,491] ERROR: Unexpected status 403 for https://api.hh.ru/vacancies/129372751: {"errors":[{"value":"captcha_required","captcha_url":"https://hh.ru/account/captcha?state=pxvcxBozfu7ry7R4QCetFmUA3SFZr_Pa4yXPQEusAiQIVW2lajVtNll6OObEQw_9kbOPkbKbHHm7t-XIJMQfyE80UrAQaOlSObI0ewjPOCA_Hj
[2026-01-20 21:20:00,500] ERROR: Unexpected status 403 for https://api.hh.ru/vacancies/129615556: {"errors":[{"value":"captcha_required","captcha_url":"https://hh.ru/account/captcha?state=pxvcxBozfu7ry7R4QCetFmUA3SFZr_Pa4yXPQEusAiQIVW2lajVtNll6OObEQw_9kbOPkbKbHHm7t-XIJMQfyEemgQBX6E3K0sY_VF1gGJ6b1n
[2026-01-20 21:20:00,504] ERROR: Unexpected status 403 for https://api.hh.ru/vacancies/129626680: {"errors":[{"value":"captcha_required","captcha_url":"https://hh.ru/account/captcha?state=pxvcxBozfu7ry7R4QCetFmUA3SFZr_Pa4yXPQEusAiQIVW2lajVtNll6OObEQw_9kbOPkbKbHHm7t-XIJMQfyBorfWvZt1zRRdckzpa0jaUkIu
[2026-01-20 21:20:00,517] ERROR: Unexpected status 403 for https://api.hh.ru/vacancies/129240274: {"errors":[{"value":"captcha_required","captcha_url":"https://hh.ru/account/captcha?state=pxvcxBozfu7ry7R4QCetFmUA3SFZr_Pa4yXPQEusAiQIVW2lajVtNll6OObEQw_9kbOPkbKbHHm7t-XIJMQfyKGgLmQEON4DjwdR_aSjHCXQ6l
[2026-01-20 21:20:00,529] ERROR: Unexpected status 403 for https://api.hh.ru/vacancies/129168485: {"errors":[{"value":"captcha_required","captcha_url":"https://hh.ru/account/captcha?state=pxvcxBozfu7ry7R4QCetFmUA3SFZr_Pa4yXPQEusAiQIVW2lajVtNll6OObEQw_9kbOPkbKbHHm7t-XIJMQfyEPg8BAW1aEsAIu1xJHm8RRza_
[2026-01-20 21:20:00,539] ERROR: Unexpected status 403 for https://api.hh.ru/vacancies/125151595: {"errors":[{"value":"captcha_required","captcha_url":"https://hh.ru/account/captcha?state=pxvcxBozfu7ry7R4QCetFmUA3SFZr_Pa4yXPQEusAiQIVW2lajVtNll6OObEQw_9kbOPkbKbHHm7t-XIJMQfyDmZu8hV_hfhBGfsZQz66gRMHo
[2026-01-20 21:20:00,545] ERROR: Unexpected status 403 for https://api.hh.ru/vacancies/120893742: {"errors":[{"value":"captcha_required","captcha_url":"https://hh.ru/account/captcha?state=pxvcxBozfu7ry7R4QCetFmUA3SFZr_Pa4yXPQEusAiQIVW2lajVtNll6OObEQw_9kbOPkbKbHHm7t-XIJMQfyHpB79Q0vcKlECPbljVEZN_g0c
[2026-01-20 21:20:00,552] ERROR: Unexpected status 403 for https://api.hh.ru/vacancies/125854691: {"errors":[{"value":"captcha_required","captcha_url":"https://hh.ru/account/captcha?state=pxvcxBozfu7ry7R4QCetFmUA3SFZr_Pa4yXPQEusAiQIVW2lajVtNll6OObEQw_9kbOPkbKbHHm7t-XIJMQfyLBhPJww98rt8iSfqZVf1WT2J2
[2026-01-20 21:20:00,554] ERROR: Unexpected status 403 for https://api.hh.ru/vacancies/124982712: {"errors":[{"value":"captcha_required","captcha_url":"https://hh.ru/account/captcha?state=pxvcxBozfu7ry7R4QCetFmUA3SFZr_Pa4yXPQEusAiQIVW2lajVtNll6OObEQw_9kbOPkbKbHHm7t-XIJMQfyJsjyMKDBHJcRxeQGx6BdOlOs2
[2026-01-20 21:20:00,567] ERROR: Unexpected status 403 for https://api.hh.ru/vacancies/129177235: {"errors":[{"value":"captcha_required","captcha_url":"https://hh.ru/account/captcha?state=pxvcxBozfu7ry7R4QCetFmUA3SFZr_Pa4yXPQEusAiQIVW2lajVtNll6OObEQw_9kbOPkbKbHHm7t-XIJMQfyCZRba-mzmlf_0y9Cg70pJMmWV
[2026-01-20 21:20:00,575] ERROR: Unexpected status 403 for https://api.hh.ru/vacancies/125151993: {"errors":[{"value":"captcha_required","captcha_url":"https://hh.ru/account/captcha?state=pxvcxBozfu7ry7R4QCetFmUA3SFZr_Pa4yXPQEusAiQIVW2lajVtNll6OObEQw_9kbOPkbKbHHm7t-XIJMQfyOCb_ygWeCp0omSxG5Ye-qvSa4
[2026-01-20 21:20:00,587] ERROR: Unexpected status 403 for https://api.hh.ru/vacancies/120941236: {"errors":[{"value":"captcha_required","captcha_url":"https://hh.ru/account/captcha?state=pxvcxBozfu7ry7R4QCetFmUA3SFZr_Pa4yXPQEusAiQIVW2lajVtNll6OObEQw_9kbOPkbKbHHm7t-XIJMQfyBHEWsXaYlPGmdHnW_ezXWKKSu
[2026-01-20 21:20:00,601] ERROR: Unexpected status 403 for https://api.hh.ru/vacancies/125151655: {"errors":[{"value":"captcha_required","captcha_url":"https://hh.ru/account/captcha?state=pxvcxBozfu7ry7R4QCetFmUA3SFZr_Pa4yXPQEusAiQIVW2lajVtNll6OObEQw_9kbOPkbKbHHm7t-XIJMQfyCUloGg4izfEmQ3hVfM8P0fcyG
[2026-01-20 21:20:00,605] ERROR: Unexpected status 403 for https://api.hh.ru/vacancies/125151523: {"errors":[{"value":"captcha_required","captcha_url":"https://hh.ru/account/captcha?state=pxvcxBozfu7ry7R4QCetFmUA3SFZr_Pa4yXPQEusAiQIVW2lajVtNll6OObEQw_9kbOPkbKbHHm7t-XIJMQfyPoI6Ea0sS-vInHdhF3Ql-rNbP
[2026-01-20 21:20:00,609] ERROR: Unexpected status 403 for https://api.hh.ru/vacancies/128488903: {"errors":[{"value":"captcha_required","captcha_url":"https://hh.ru/account/captcha?state=pxvcxBozfu7ry7R4QCetFmUA3SFZr_Pa4yXPQEusAiQIVW2lajVtNll6OObEQw_9kbOPkbKbHHm7t-XIJMQfyEenVDixf0YkEYFTXlnniNHgCC
[2026-01-20 21:20:00,616] ERROR: Unexpected status 403 for https://api.hh.ru/vacancies/122742399: {"errors":[{"value":"captcha_required","captcha_url":"https://hh.ru/account/captcha?state=pxvcxBozfu7ry7R4QCetFmUA3SFZr_Pa4yXPQEusAiQIVW2lajVtNll6OObEQw_9kbOPkbKbHHm7t-XIJMQfyPhrGk7MqfK-vNY-G2wN_R4XkL
[2026-01-20 21:20:00,621] ERROR: Unexpected status 403 for https://api.hh.ru/vacancies/129184773: {"errors":[{"value":"captcha_required","captcha_url":"https://hh.ru/account/captcha?state=pxvcxBozfu7ry7R4QCetFmUA3SFZr_Pa4yXPQEusAiQIVW2lajVtNll6OObEQw_9kbOPkbKbHHm7t-XIJMQfyOwY2WQ_o5vEWwBEc9tKLAy-pQ
[2026-01-20 21:20:00,639] ERROR: Unexpected status 403 for https://api.hh.ru/vacancies/124982709: {"errors":[{"value":"captcha_required","captcha_url":"https://hh.ru/account/captcha?state=pxvcxBozfu7ry7R4QCetFmUA3SFZr_Pa4yXPQEusAiQIVW2lajVtNll6OObEQw_9kbOPkbKbHHm7t-XIJMQfyD2qOtAZZjmU_Uz5xgU1AzfxbV
[2026-01-20 21:20:00,642] ERROR: Unexpected status 403 for https://api.hh.ru/vacancies/125152765: {"errors":[{"value":"captcha_required","captcha_url":"https://hh.ru/account/captcha?state=pxvcxBozfu7ry7R4QCetFmUA3SFZr_Pa4yXPQEusAiQIVW2lajVtNll6OObEQw_9kbOPkbKbHHm7t-XIJMQfyBSXD8Soxl_DnYNXGjSZjH-mQS
[2026-01-20 21:20:00,647] ERROR: Unexpected status 403 for https://api.hh.ru/vacancies/103355896: {"errors":[{"value":"captcha_required","captcha_url":"https://hh.ru/account/captcha?state=pxvcxBozfu7ry7R4QCetFmUA3SFZr_Pa4yXPQEusAiQIVW2lajVtNll6OObEQw_9kbOPkbKbHHm7t-XIJMQfyNLmasiD9cNtOuaG7WFAi33P40
[2026-01-20 21:20:00,649] ERROR: Unexpected status 403 for https://api.hh.ru/vacancies/129503231: {"errors":[{"value":"captcha_required","captcha_url":"https://hh.ru/account/captcha?state=pxvcxBozfu7ry7R4QCetFmUA3SFZr_Pa4yXPQEusAiQIVW2lajVtNll6OObEQw_9kbOPkbKbHHm7t-XIJMQfyCorGhwBGaOTHkrS40E6iuGIUS
[2026-01-20 21:20:00,657] ERROR: Unexpected status 403 for https://api.hh.ru/vacancies/123874204: {"errors":[{"value":"captcha_required","captcha_url":"https://hh.ru/account/captcha?state=pxvcxBozfu7ry7R4QCetFmUA3SFZr_Pa4yXPQEusAiQIVW2lajVtNll6OObEQw_9kbOPkbKbHHm7t-XIJMQfyPa711RKQTQtm0JOqWkxkNENp4
[2026-01-20 21:20:00,667] ERROR: Unexpected status 403 for https://api.hh.ru/vacancies/129368472: {"errors":[{"value":"captcha_required","captcha_url":"https://hh.ru/account/captcha?state=pxvcxBozfu7ry7R4QCetFmUA3SFZr_Pa4yXPQEusAiQIVW2lajVtNll6OObEQw_9kbOPkbKbHHm7t-XIJMQfyHZ_o-rQgnQWtufq9eTAh78ZiX
[2026-01-20 21:20:00,675] ERROR: Unexpected status 403 for https://api.hh.ru/vacancies/124438728: {"errors":[{"value":"captcha_required","captcha_url":"https://hh.ru/account/captcha?state=pxvcxBozfu7ry7R4QCetFmUA3SFZr_Pa4yXPQEusAiQIVW2lajVtNll6OObEQw_9kbOPkbKbHHm7t-XIJMQfyAl0dc-n6oR0PK6EslDBFrs9d2
[2026-01-20 21:20:00,680] ERROR: Unexpected status 403 for https://api.hh.ru/vacancies/125697117: {"errors":[{"value":"captcha_required","captcha_url":"https://hh.ru/account/captcha?state=pxvcxBozfu7ry7R4QCetFmUA3SFZr_Pa4yXPQEusAiQIVW2lajVtNll6OObEQw_9kbOPkbKbHHm7t-XIJMQfyO-b_GE_tr_p2XgFyJbDQJnX3G
[2026-01-20 21:20:00,704] ERROR: Unexpected status 403 for https://api.hh.ru/vacancies/129395015: {"errors":[{"value":"captcha_required","captcha_url":"https://hh.ru/account/captcha?state=pxvcxBozfu7ry7R4QCetFmUA3SFZr_Pa4yXPQEusAiQIVW2lajVtNll6OObEQw_9kbOPkbKbHHm7t-XIJMQfyCaGCId5B2mpr2TNQm4GIRndzw
[2026-01-20 21:20:00,706] ERROR: Unexpected status 403 for https://api.hh.ru/vacancies/127704600: {"errors":[{"value":"captcha_required","captcha_url":"https://hh.ru/account/captcha?state=pxvcxBozfu7ry7R4QCetFmUA3SFZr_Pa4yXPQEusAiQIVW2lajVtNll6OObEQw_9kbOPkbKbHHm7t-XIJMQfyDtFUXc52DAgMaJys7PzCmxekJ
[2026-01-20 21:20:00,717] ERROR: Unexpected status 403 for https://api.hh.ru/vacancies/123896832: {"errors":[{"value":"captcha_required","captcha_url":"https://hh.ru/account/captcha?state=pxvcxBozfu7ry7R4QCetFmUA3SFZr_Pa4yXPQEusAiQIVW2lajVtNll6OObEQw_9kbOPkbKbHHm7t-XIJMQfyNkOcb1PBKZ9AhHCV2Zjix2PC3
[2026-01-20 21:20:00,749] ERROR: Unexpected status 403 for https://api.hh.ru/vacancies/125151338: {"errors":[{"value":"captcha_required","captcha_url":"https://hh.ru/account/captcha?state=pxvcxBozfu7ry7R4QCetFmUA3SFZr_Pa4yXPQEusAiQIVW2lajVtNll6OObEQw_9kbOPkbKbHHm7t-XIJMQfyD4Jla6sxir2QNcJbY364h519y
[2026-01-20 21:20:00,753] ERROR: Unexpected status 403 for https://api.hh.ru/vacancies/129638466: {"errors":[{"value":"captcha_required","captcha_url":"https://hh.ru/account/captcha?state=pxvcxBozfu7ry7R4QCetFmUA3SFZr_Pa4yXPQEusAiQIVW2lajVtNll6OObEQw_9kbOPkbKbHHm7t-XIJMQfyDws_qaz0WbChdiagtrG_yi9Y0
[2026-01-20 21:20:00,766] ERROR: Unexpected status 403 for https://api.hh.ru/vacancies/125151909: {"errors":[{"value":"captcha_required","captcha_url":"https://hh.ru/account/captcha?state=pxvcxBozfu7ry7R4QCetFmUA3SFZr_Pa4yXPQEusAiQIVW2lajVtNll6OObEQw_9kbOPkbKbHHm7t-XIJMQfyL99D0frLWXkZeJwMl8BIPSOex
[2026-01-20 21:20:00,767] ERROR: Unexpected status 403 for https://api.hh.ru/vacancies/128814988: {"errors":[{"value":"captcha_required","captcha_url":"https://hh.ru/account/captcha?state=pxvcxBozfu7ry7R4QCetFmUA3SFZr_Pa4yXPQEusAiQIVW2lajVtNll6OObEQw_9kbOPkbKbHHm7t-XIJMQfyE7EUrYjeNYFvjFGNhTVFjt9uh
[2026-01-20 21:20:00,788] ERROR: Unexpected status 403 for https://api.hh.ru/vacancies/129567853: {"errors":[{"value":"captcha_required","captcha_url":"https://hh.ru/account/captcha?state=pxvcxBozfu7ry7R4QCetFmUA3SFZr_Pa4yXPQEusAiQIVW2lajVtNll6OObEQw_9kbOPkbKbHHm7t-XIJMQfyPReEYVKDVyfNexkUy4Rto12dF
[2026-01-20 21:20:00,796] ERROR: Unexpected status 403 for https://api.hh.ru/vacancies/129478598: {"errors":[{"value":"captcha_required","captcha_url":"https://hh.ru/account/captcha?state=pxvcxBozfu7ry7R4QCetFmUA3SFZr_Pa4yXPQEusAiQIVW2lajVtNll6OObEQw_9kbOPkbKbHHm7t-XIJMQfyME8pjlSOpENDn05VQ793VAWJz
[2026-01-20 21:20:00,797] ERROR: Unexpected status 403 for https://api.hh.ru/vacancies/128696038: {"errors":[{"value":"captcha_required","captcha_url":"https://hh.ru/account/captcha?state=pxvcxBozfu7ry7R4QCetFmUA3SFZr_Pa4yXPQEusAiQIVW2lajVtNll6OObEQw_9kbOPkbKbHHm7t-XIJMQfyG98eVcBOW0uAicnJ0y1mG0bq5
[2026-01-20 21:20:00,807] ERROR: Unexpected status 403 for https://api.hh.ru/vacancies/129559726: {"errors":[{"value":"captcha_required","captcha_url":"https://hh.ru/account/captcha?state=pxvcxBozfu7ry7R4QCetFmUA3SFZr_Pa4yXPQEusAiQIVW2lajVtNll6OObEQw_9kbOPkbKbHHm7t-XIJMQfyFi4OFgX9UqEZAbMHtbB8TA3QH
[2026-01-20 21:20:00,808] ERROR: Unexpected status 403 for https://api.hh.ru/vacancies/129135279: {"errors":[{"value":"captcha_required","captcha_url":"https://hh.ru/account/captcha?state=pxvcxBozfu7ry7R4QCetFmUA3SFZr_Pa4yXPQEusAiQIVW2lajVtNll6OObEQw_9kbOPkbKbHHm7t-XIJMQfyG7ocjYBoXzhE_j3-pDlakU0S9
[2026-01-20 21:20:00,815] ERROR: Unexpected status 403 for https://api.hh.ru/vacancies/129504004: {"errors":[{"value":"captcha_required","captcha_url":"https://hh.ru/account/captcha?state=pxvcxBozfu7ry7R4QCetFmUA3SFZr_Pa4yXPQEusAiQIVW2lajVtNll6OObEQw_9kbOPkbKbHHm7t-XIJMQfyD6YP0yuKzeVzQvqXdFjWlSea7
[2026-01-20 21:20:00,820] ERROR: Unexpected status 403 for https://api.hh.ru/vacancies/129362370: {"errors":[{"value":"captcha_required","captcha_url":"https://hh.ru/account/captcha?state=pxvcxBozfu7ry7R4QCetFmUA3SFZr_Pa4yXPQEusAiQIVW2lajVtNll6OObEQw_9kbOPkbKbHHm7t-XIJMQfyEH8i27aq021O8WpQ2dorNaLKy
[2026-01-20 21:20:00,837] ERROR: Unexpected status 403 for https://api.hh.ru/vacancies/123601130: {"errors":[{"value":"captcha_required","captcha_url":"https://hh.ru/account/captcha?state=pxvcxBozfu7ry7R4QCetFmUA3SFZr_Pa4yXPQEusAiQIVW2lajVtNll6OObEQw_9kbOPkbKbHHm7t-XIJMQfyOACMEDlgMHsbcxxsSyN4QtYIe
[2026-01-20 21:20:00,838] ERROR: Unexpected status 403 for https://api.hh.ru/vacancies/129042825: {"errors":[{"value":"captcha_required","captcha_url":"https://hh.ru/account/captcha?state=pxvcxBozfu7ry7R4QCetFmUA3SFZr_Pa4yXPQEusAiQIVW2lajVtNll6OObEQw_9kbOPkbKbHHm7t-XIJMQfyD0Q-ExCjWCh22PeKo6SSVl9Nh
[2026-01-20 21:20:00,841] ERROR: Unexpected status 403 for https://api.hh.ru/vacancies/129044088: {"errors":[{"value":"captcha_required","captcha_url":"https://hh.ru/account/captcha?state=pxvcxBozfu7ry7R4QCetFmUA3SFZr_Pa4yXPQEusAiQIVW2lajVtNll6OObEQw_9kbOPkbKbHHm7t-XIJMQfyFf8gXVJl3gP5FoYTOGJYeihy2
[2026-01-20 21:20:00,857] ERROR: Unexpected status 403 for https://api.hh.ru/vacancies/129416492: {"errors":[{"value":"captcha_required","captcha_url":"https://hh.ru/account/captcha?state=pxvcxBozfu7ry7R4QCetFmUA3SFZr_Pa4yXPQEusAiQIVW2lajVtNll6OObEQw_9kbOPkbKbHHm7t-XIJMQfyABSmy-MPOemw3yCxkrZ65EIzU
[2026-01-20 21:20:00,866] ERROR: Unexpected status 403 for https://api.hh.ru/vacancies/129262715: {"errors":[{"value":"captcha_required","captcha_url":"https://hh.ru/account/captcha?state=pxvcxBozfu7ry7R4QCetFmUA3SFZr_Pa4yXPQEusAiQIVW2lajVtNll6OObEQw_9kbOPkbKbHHm7t-XIJMQfyNxATyMvywtiWUQGQSAcAVyUoA
[2026-01-20 21:20:00,874] ERROR: Unexpected status 403 for https://api.hh.ru/vacancies/125834263: {"errors":[{"value":"captcha_required","captcha_url":"https://hh.ru/account/captcha?state=pxvcxBozfu7ry7R4QCetFmUA3SFZr_Pa4yXPQEusAiQIVW2lajVtNll6OObEQw_9kbOPkbKbHHm7t-XIJMQfyNjEaKn1gGsUsdfMmA89GHP1zm
[2026-01-20 21:20:00,875] ERROR: Unexpected status 403 for https://api.hh.ru/vacancies/128978240: {"errors":[{"value":"captcha_required","captcha_url":"https://hh.ru/account/captcha?state=pxvcxBozfu7ry7R4QCetFmUA3SFZr_Pa4yXPQEusAiQIVW2lajVtNll6OObEQw_9kbOPkbKbHHm7t-XIJMQfyD0LUxQXmINGGJ7i24VFX_54k5
[2026-01-20 21:20:00,893] ERROR: Unexpected status 403 for https://api.hh.ru/vacancies/129033536: {"errors":[{"value":"captcha_required","captcha_url":"https://hh.ru/account/captcha?state=pxvcxBozfu7ry7R4QCetFmUA3SFZr_Pa4yXPQEusAiQIVW2lajVtNll6OObEQw_9kbOPkbKbHHm7t-XIJMQfyB0s2I-PRwmLg7tYmkibIG3XGV
[2026-01-20 21:20:00,910] ERROR: Unexpected status 403 for https://api.hh.ru/vacancies/125151427: {"errors":[{"value":"captcha_required","captcha_url":"https://hh.ru/account/captcha?state=pxvcxBozfu7ry7R4QCetFmUA3SFZr_Pa4yXPQEusAiQIVW2lajVtNll6OObEQw_9kbOPkbKbHHm7t-XIJMQfyMF44ZED0fZaCrazYSuugq1wmu
[2026-01-20 21:20:00,912] ERROR: Unexpected status 403 for https://api.hh.ru/vacancies/129285333: {"errors":[{"value":"captcha_required","captcha_url":"https://hh.ru/account/captcha?state=pxvcxBozfu7ry7R4QCetFmUA3SFZr_Pa4yXPQEusAiQIVW2lajVtNll6OObEQw_9kbOPkbKbHHm7t-XIJMQfyHQlWC4YcKBAX2_EJhmJjOJKkR
[2026-01-20 21:20:00,926] ERROR: Unexpected status 403 for https://api.hh.ru/vacancies/125151343: {"errors":[{"value":"captcha_required","captcha_url":"https://hh.ru/account/captcha?state=pxvcxBozfu7ry7R4QCetFmUA3SFZr_Pa4yXPQEusAiQIVW2lajVtNll6OObEQw_9kbOPkbKbHHm7t-XIJMQfyLYUEMWRjqm758TISn8l1jXxiX
[2026-01-20 21:20:00,927] ERROR: Unexpected status 403 for https://api.hh.ru/vacancies/125151578: {"errors":[{"value":"captcha_required","captcha_url":"https://hh.ru/account/captcha?state=pxvcxBozfu7ry7R4QCetFmUA3SFZr_Pa4yXPQEusAiQIVW2lajVtNll6OObEQw_9kbOPkbKbHHm7t-XIJMQfyJgWP7Z9xwd12H2YKhr8137L6R
[2026-01-20 21:20:00,933] ERROR: Unexpected status 403 for https://api.hh.ru/vacancies/128679060: {"errors":[{"value":"captcha_required","captcha_url":"https://hh.ru/account/captcha?state=pxvcxBozfu7ry7R4QCetFmUA3SFZr_Pa4yXPQEusAiQIVW2lajVtNll6OObEQw_9kbOPkbKbHHm7t-XIJMQfyFcClRB1YF0UCw_36xqAair_9X
[2026-01-20 21:20:00,937] ERROR: Unexpected status 403 for https://api.hh.ru/vacancies/124866065: {"errors":[{"value":"captcha_required","captcha_url":"https://hh.ru/account/captcha?state=pxvcxBozfu7ry7R4QCetFmUA3SFZr_Pa4yXPQEusAiQIVW2lajVtNll6OObEQw_9kbOPkbKbHHm7t-XIJMQfyPI6jD8Z9F8zPi5b-DCg3c6QyS
[2026-01-20 21:20:00,944] ERROR: Unexpected status 403 for https://api.hh.ru/vacancies/122843317: {"errors":[{"value":"captcha_required","captcha_url":"https://hh.ru/account/captcha?state=pxvcxBozfu7ry7R4QCetFmUA3SFZr_Pa4yXPQEusAiQIVW2lajVtNll6OObEQw_9kbOPkbKbHHm7t-XIJMQfyLo8XOyvr6RhZWLsCVAyEo99f6
[2026-01-20 21:20:00,949] ERROR: Unexpected status 403 for https://api.hh.ru/vacancies/129505544: {"errors":[{"value":"captcha_required","captcha_url":"https://hh.ru/account/captcha?state=pxvcxBozfu7ry7R4QCetFmUA3SFZr_Pa4yXPQEusAiQIVW2lajVtNll6OObEQw_9kbOPkbKbHHm7t-XIJMQfyD-A0DDloeoN7kpIFLq5OuA16F
[2026-01-20 21:20:00,952] ERROR: Unexpected status 403 for https://api.hh.ru/vacancies/125151999: {"errors":[{"value":"captcha_required","captcha_url":"https://hh.ru/account/captcha?state=pxvcxBozfu7ry7R4QCetFmUA3SFZr_Pa4yXPQEusAiQIVW2lajVtNll6OObEQw_9kbOPkbKbHHm7t-XIJMQfyNlYE-YU5SnJIcjj0rj5Uvt5Vy
[2026-01-20 21:20:00,976] ERROR: Unexpected status 403 for https://api.hh.ru/vacancies/129463254: {"errors":[{"value":"captcha_required","captcha_url":"https://hh.ru/account/captcha?state=pxvcxBozfu7ry7R4QCetFmUA3SFZr_Pa4yXPQEusAiQIVW2lajVtNll6OObEQw_9kbOPkbKbHHm7t-XIJMQfyCxafzu_W8d3aKTMssRvE2DZj5
[2026-01-20 21:20:00,990] ERROR: Unexpected status 403 for https://api.hh.ru/vacancies/125369370: {"errors":[{"value":"captcha_required","captcha_url":"https://hh.ru/account/captcha?state=pxvcxBozfu7ry7R4QCetFmUA3SFZr_Pa4yXPQEusAiQIVW2lajVtNll6OObEQw_9kbOPkbKbHHm7t-XIJMQfyN65BQEsyFl9erP23-JhBHRv3X
[2026-01-20 21:20:00,992] ERROR: Unexpected status 403 for https://api.hh.ru/vacancies/129638497: {"errors":[{"value":"captcha_required","captcha_url":"https://hh.ru/account/captcha?state=pxvcxBozfu7ry7R4QCetFmUA3SFZr_Pa4yXPQEusAiQIVW2lajVtNll6OObEQw_9kbOPkbKbHHm7t-XIJMQfyASTg3bCsQqcaM9ij0ApIyv0Yy
[2026-01-20 21:20:00,998] ERROR: Unexpected status 403 for https://api.hh.ru/vacancies/129252827: {"errors":[{"value":"captcha_required","captcha_url":"https://hh.ru/account/captcha?state=pxvcxBozfu7ry7R4QCetFmUA3SFZr_Pa4yXPQEusAiQIVW2lajVtNll6OObEQw_9kbOPkbKbHHm7t-XIJMQfyHJpvr4wq4CLkbHNjbWSk4sD1T
[2026-01-20 21:20:01,001] ERROR: Unexpected status 403 for https://api.hh.ru/vacancies/129033749: {"errors":[{"value":"captcha_required","captcha_url":"https://hh.ru/account/captcha?state=pxvcxBozfu7ry7R4QCetFmUA3SFZr_Pa4yXPQEusAiQIVW2lajVtNll6OObEQw_9kbOPkbKbHHm7t-XIJMQfyG5mCrf49ztSRFgNvbft1jwhha
[2026-01-20 21:20:01,014] ERROR: Unexpected status 403 for https://api.hh.ru/vacancies/129266798: {"errors":[{"value":"captcha_required","captcha_url":"https://hh.ru/account/captcha?state=pxvcxBozfu7ry7R4QCetFmUA3SFZr_Pa4yXPQEusAiQIVW2lajVtNll6OObEQw_9kbOPkbKbHHm7t-XIJMQfyMsOhXtcNRuA6W5DaqRVBbG7Wa
[2026-01-20 21:20:01,022] ERROR: Unexpected status 403 for https://api.hh.ru/vacancies/128036219: {"errors":[{"value":"captcha_required","captcha_url":"https://hh.ru/account/captcha?state=pxvcxBozfu7ry7R4QCetFmUA3SFZr_Pa4yXPQEusAiQIVW2lajVtNll6OObEQw_9kbOPkbKbHHm7t-XIJMQfyLQ5yWVueGGKiVIfiazhSeUiY_
[2026-01-20 21:20:01,035] ERROR: Unexpected status 403 for https://api.hh.ru/vacancies/129334208: {"errors":[{"value":"captcha_required","captcha_url":"https://hh.ru/account/captcha?state=pxvcxBozfu7ry7R4QCetFmUA3SFZr_Pa4yXPQEusAiQIVW2lajVtNll6OObEQw_9kbOPkbKbHHm7t-XIJMQfyJIhbPg6ZKRw7f6Z2WkcMiQhhi
[2026-01-20 21:20:01,041] ERROR: Unexpected status 403 for https://api.hh.ru/vacancies/128685798: {"errors":[{"value":"captcha_required","captcha_url":"https://hh.ru/account/captcha?state=pxvcxBozfu7ry7R4QCetFmUA3SFZr_Pa4yXPQEusAiQIVW2lajVtNll6OObEQw_9kbOPkbKbHHm7t-XIJMQfyPykjK3hu_PqL8e7ra1P__42Gl
[2026-01-20 21:20:01,049] ERROR: Unexpected status 403 for https://api.hh.ru/vacancies/124982718: {"errors":[{"value":"captcha_required","captcha_url":"https://hh.ru/account/captcha?state=pxvcxBozfu7ry7R4QCetFmUA3SFZr_Pa4yXPQEusAiQIVW2lajVtNll6OObEQw_9kbOPkbKbHHm7t-XIJMQfyAbz3LZZ_mluTuqLOWHQZJx_cK
[2026-01-20 21:20:01,058] ERROR: Unexpected status 403 for https://api.hh.ru/vacancies/129028181: {"errors":[{"value":"captcha_required","captcha_url":"https://hh.ru/account/captcha?state=pxvcxBozfu7ry7R4QCetFmUA3SFZr_Pa4yXPQEusAiQIVW2lajVtNll6OObEQw_9kbOPkbKbHHm7t-XIJMQfyCi-UVGiddyccoZYBD8IbW_ypZ
[2026-01-20 21:20:01,062] ERROR: Unexpected status 403 for https://api.hh.ru/vacancies/129596523: {"errors":[{"value":"captcha_required","captcha_url":"https://hh.ru/account/captcha?state=pxvcxBozfu7ry7R4QCetFmUA3SFZr_Pa4yXPQEusAiQIVW2lajVtNll6OObEQw_9kbOPkbKbHHm7t-XIJMQfyLgFQHmMaeIN4PX0B54XJ-Ms7j
[2026-01-20 21:20:01,090] ERROR: Unexpected status 403 for https://api.hh.ru/vacancies/129303262: {"errors":[{"value":"captcha_required","captcha_url":"https://hh.ru/account/captcha?state=pxvcxBozfu7ry7R4QCetFmUA3SFZr_Pa4yXPQEusAiQIVW2lajVtNll6OObEQw_9kbOPkbKbHHm7t-XIJMQfyCJyaNMkT6ueJq2WUby3lAQQns
[2026-01-20 21:20:01,093] ERROR: Unexpected status 403 for https://api.hh.ru/vacancies/129305212: {"errors":[{"value":"captcha_required","captcha_url":"https://hh.ru/account/captcha?state=pxvcxBozfu7ry7R4QCetFmUA3SFZr_Pa4yXPQEusAiQIVW2lajVtNll6OObEQw_9kbOPkbKbHHm7t-XIJMQfyC3nA0j2NLtlhSZnq8xksdxDso
[2026-01-20 21:20:01,098] ERROR: Unexpected status 403 for https://api.hh.ru/vacancies/129478002: {"errors":[{"value":"captcha_required","captcha_url":"https://hh.ru/account/captcha?state=pxvcxBozfu7ry7R4QCetFmUA3SFZr_Pa4yXPQEusAiQIVW2lajVtNll6OObEQw_9kbOPkbKbHHm7t-XIJMQfyOUPtnUCEYYttcBruHExY16XGP
[2026-01-20 21:20:01,098] ERROR: Unexpected status 403 for https://api.hh.ru/vacancies/129503084: {"errors":[{"value":"captcha_required","captcha_url":"https://hh.ru/account/captcha?state=pxvcxBozfu7ry7R4QCetFmUA3SFZr_Pa4yXPQEusAiQIVW2lajVtNll6OObEQw_9kbOPkbKbHHm7t-XIJMQfyEulauO5EW0BpHmKUiRbrDncLS
[2026-01-20 21:20:01,106] ERROR: Unexpected status 403 for https://api.hh.ru/vacancies/129275480: {"errors":[{"value":"captcha_required","captcha_url":"https://hh.ru/account/captcha?state=pxvcxBozfu7ry7R4QCetFmUA3SFZr_Pa4yXPQEusAiQIVW2lajVtNll6OObEQw_9kbOPkbKbHHm7t-XIJMQfyD0DLgJTLpEG4Mlxc3hOLM0GeE
[2026-01-20 21:20:01,117] ERROR: Unexpected status 403 for https://api.hh.ru/vacancies/128493807: {"errors":[{"value":"captcha_required","captcha_url":"https://hh.ru/account/captcha?state=pxvcxBozfu7ry7R4QCetFmUA3SFZr_Pa4yXPQEusAiQIVW2lajVtNll6OObEQw_9kbOPkbKbHHm7t-XIJMQfyDeXHgnLY-Bs1laLThXEftuINI
[2026-01-20 21:20:01,130] ERROR: Unexpected status 403 for https://api.hh.ru/vacancies/129166523: {"errors":[{"value":"captcha_required","captcha_url":"https://hh.ru/account/captcha?state=pxvcxBozfu7ry7R4QCetFmUA3SFZr_Pa4yXPQEusAiQIVW2lajVtNll6OObEQw_9kbOPkbKbHHm7t-XIJMQfyILcWin05MjZiv6grRluggH-Ha
[2026-01-20 21:20:01,134] ERROR: Unexpected status 403 for https://api.hh.ru/vacancies/129366917: {"errors":[{"value":"captcha_required","captcha_url":"https://hh.ru/account/captcha?state=pxvcxBozfu7ry7R4QCetFmUA3SFZr_Pa4yXPQEusAiQIVW2lajVtNll6OObEQw_9kbOPkbKbHHm7t-XIJMQfyD_V2Ry0QGNh-Gxs-A8MeYSRmT
[2026-01-20 21:20:01,138] ERROR: Unexpected status 403 for https://api.hh.ru/vacancies/126039429: {"errors":[{"value":"captcha_required","captcha_url":"https://hh.ru/account/captcha?state=pxvcxBozfu7ry7R4QCetFmUA3SFZr_Pa4yXPQEusAiQIVW2lajVtNll6OObEQw_9kbOPkbKbHHm7t-XIJMQfyN-r2SAD1rgvnIyQc2ss4ZhG6u
[2026-01-20 21:20:01,148] ERROR: Unexpected status 403 for https://api.hh.ru/vacancies/128251288: {"errors":[{"value":"captcha_required","captcha_url":"https://hh.ru/account/captcha?state=pxvcxBozfu7ry7R4QCetFmUA3SFZr_Pa4yXPQEusAiQIVW2lajVtNll6OObEQw_9kbOPkbKbHHm7t-XIJMQfyBTwAX9qd_eL_nkyXmoln9ohEN
[2026-01-20 21:20:01,170] ERROR: Unexpected status 403 for https://api.hh.ru/vacancies/129351173: {"errors":[{"value":"captcha_required","captcha_url":"https://hh.ru/account/captcha?state=pxvcxBozfu7ry7R4QCetFmUA3SFZr_Pa4yXPQEusAiQIVW2lajVtNll6OObEQw_9kbOPkbKbHHm7t-XIJMQfyMnEWgb7rpihABTdHUcmCb5CPh
[2026-01-20 21:20:01,183] ERROR: Unexpected status 403 for https://api.hh.ru/vacancies/129410337: {"errors":[{"value":"captcha_required","captcha_url":"https://hh.ru/account/captcha?state=pxvcxBozfu7ry7R4QCetFmUA3SFZr_Pa4yXPQEusAiQIVW2lajVtNll6OObEQw_9kbOPkbKbHHm7t-XIJMQfyFXA0I4Y-eZ-NYkdOS4fZyVcpU
[2026-01-20 21:20:01,196] ERROR: Unexpected status 403 for https://api.hh.ru/vacancies/129196631: {"errors":[{"value":"captcha_required","captcha_url":"https://hh.ru/account/captcha?state=pxvcxBozfu7ry7R4QCetFmUA3SFZr_Pa4yXPQEusAiQIVW2lajVtNll6OObEQw_9kbOPkbKbHHm7t-XIJMQfyHfIpcqTbGf00QQiHgG1P8omYF
[2026-01-20 21:20:01,198] ERROR: Unexpected status 403 for https://api.hh.ru/vacancies/129026596: {"errors":[{"value":"captcha_required","captcha_url":"https://hh.ru/account/captcha?state=pxvcxBozfu7ry7R4QCetFmUA3SFZr_Pa4yXPQEusAiQIVW2lajVtNll6OObEQw_9kbOPkbKbHHm7t-XIJMQfyEPsRZIRZTQMDfk7VAYbwUfDL5
[2026-01-20 21:20:01,215] ERROR: Unexpected status 403 for https://api.hh.ru/vacancies/127902055: {"errors":[{"value":"captcha_required","captcha_url":"https://hh.ru/account/captcha?state=pxvcxBozfu7ry7R4QCetFmUA3SFZr_Pa4yXPQEusAiQIVW2lajVtNll6OObEQw_9kbOPkbKbHHm7t-XIJMQfyHoVykJXJfoNBp-EAFOUuOkHgl
[2026-01-20 21:20:01,216] ERROR: Unexpected status 403 for https://api.hh.ru/vacancies/124299213: {"errors":[{"value":"captcha_required","captcha_url":"https://hh.ru/account/captcha?state=pxvcxBozfu7ry7R4QCetFmUA3SFZr_Pa4yXPQEusAiQIVW2lajVtNll6OObEQw_9kbOPkbKbHHm7t-XIJMQfyMm5OctmF8jYXUdPlgFBqDm0D4
[2026-01-20 21:20:01,217] ERROR: Unexpected status 403 for https://api.hh.ru/vacancies/121659657: {"errors":[{"value":"captcha_required","captcha_url":"https://hh.ru/account/captcha?state=pxvcxBozfu7ry7R4QCetFmUA3SFZr_Pa4yXPQEusAiQIVW2lajVtNll6OObEQw_9kbOPkbKbHHm7t-XIJMQfyD2enXDbJ_OLtU5msBe6faFPqT
[2026-01-20 21:20:01,224] ERROR: Unexpected status 403 for https://api.hh.ru/vacancies/128970046: {"errors":[{"value":"captcha_required","captcha_url":"https://hh.ru/account/captcha?state=pxvcxBozfu7ry7R4QCetFmUA3SFZr_Pa4yXPQEusAiQIVW2lajVtNll6OObEQw_9kbOPkbKbHHm7t-XIJMQfyPLLljumy_axA1vhvwnGlPIitY
[2026-01-20 21:20:01,225] ERROR: Unexpected status 403 for https://api.hh.ru/vacancies/129430869: {"errors":[{"value":"captcha_required","captcha_url":"https://hh.ru/account/captcha?state=pxvcxBozfu7ry7R4QCetFmUA3SFZr_Pa4yXPQEusAiQIVW2lajVtNll6OObEQw_9kbOPkbKbHHm7t-XIJMQfyAyyNs_Hd_y1fTSE660YXPSeyG
[2026-01-20 21:20:01,233] ERROR: Unexpected status 403 for https://api.hh.ru/vacancies/127665723: {"errors":[{"value":"captcha_required","captcha_url":"https://hh.ru/account/captcha?state=pxvcxBozfu7ry7R4QCetFmUA3SFZr_Pa4yXPQEusAiQIVW2lajVtNll6OObEQw_9kbOPkbKbHHm7t-XIJMQfyLZ4CvH2GO5rp51TNG9UVRzuor
[2026-01-20 21:20:01,234] ERROR: Unexpected status 403 for https://api.hh.ru/vacancies/129134524: {"errors":[{"value":"captcha_required","captcha_url":"https://hh.ru/account/captcha?state=pxvcxBozfu7ry7R4QCetFmUA3SFZr_Pa4yXPQEusAiQIVW2lajVtNll6OObEQw_9kbOPkbKbHHm7t-XIJMQfyI9v4Q9Rwr6yqe7Ii5rV57-zxh
[2026-01-20 21:20:01,239] ERROR: Unexpected status 403 for https://api.hh.ru/vacancies/129369614: {"errors":[{"value":"captcha_required","captcha_url":"https://hh.ru/account/captcha?state=pxvcxBozfu7ry7R4QCetFmUA3SFZr_Pa4yXPQEusAiQIVW2lajVtNll6OObEQw_9kbOPkbKbHHm7t-XIJMQfyJBuwmLIu17jDM9N-zOFxNYg9u
[2026-01-20 21:20:01,249] ERROR: Unexpected status 403 for https://api.hh.ru/vacancies/127149333: {"errors":[{"value":"captcha_required","captcha_url":"https://hh.ru/account/captcha?state=pxvcxBozfu7ry7R4QCetFmUA3SFZr_Pa4yXPQEusAiQIVW2lajVtNll6OObEQw_9kbOPkbKbHHm7t-XIJMQfyGQZcEOY2ZseZ5njcd5njeR3no
[2026-01-20 21:20:01,252] ERROR: Unexpected status 403 for https://api.hh.ru/vacancies/129280080: {"errors":[{"value":"captcha_required","captcha_url":"https://hh.ru/account/captcha?state=pxvcxBozfu7ry7R4QCetFmUA3SFZr_Pa4yXPQEusAiQIVW2lajVtNll6OObEQw_9kbOPkbKbHHm7t-XIJMQfyLBNzSg8z1FmcqhdbT-3PMlt2b
[2026-01-20 21:20:01,257] ERROR: Unexpected status 403 for https://api.hh.ru/vacancies/129043380: {"errors":[{"value":"captcha_required","captcha_url":"https://hh.ru/account/captcha?state=pxvcxBozfu7ry7R4QCetFmUA3SFZr_Pa4yXPQEusAiQIVW2lajVtNll6OObEQw_9kbOPkbKbHHm7t-XIJMQfyBSWWjov53bcrlHyvw3UY8kD3Z
[2026-01-20 21:20:01,262] ERROR: Unexpected status 403 for https://api.hh.ru/vacancies/129282788: {"errors":[{"value":"captcha_required","captcha_url":"https://hh.ru/account/captcha?state=pxvcxBozfu7ry7R4QCetFmUA3SFZr_Pa4yXPQEusAiQIVW2lajVtNll6OObEQw_9kbOPkbKbHHm7t-XIJMQfyKFr-gn75WueaFOYWO_KU1Gtgz
[2026-01-20 21:20:01,270] ERROR: Unexpected status 403 for https://api.hh.ru/vacancies/128540956: {"errors":[{"value":"captcha_required","captcha_url":"https://hh.ru/account/captcha?state=pxvcxBozfu7ry7R4QCetFmUA3SFZr_Pa4yXPQEusAiQIVW2lajVtNll6OObEQw_9kbOPkbKbHHm7t-XIJMQfyLTWj_L7QMgg4R_iuAy9Mf0F1r
[2026-01-20 21:20:01,271] ERROR: Unexpected status 403 for https://api.hh.ru/vacancies/128678508: {"errors":[{"value":"captcha_required","captcha_url":"https://hh.ru/account/captcha?state=pxvcxBozfu7ry7R4QCetFmUA3SFZr_Pa4yXPQEusAiQIVW2lajVtNll6OObEQw_9kbOPkbKbHHm7t-XIJMQfyLMZCDeY2E6ZXV8Y1MXYp1hIt6
[2026-01-20 21:20:01,281] ERROR: Unexpected status 403 for https://api.hh.ru/vacancies/129643469: {"errors":[{"value":"captcha_required","captcha_url":"https://hh.ru/account/captcha?state=pxvcxBozfu7ry7R4QCetFmUA3SFZr_Pa4yXPQEusAiQIVW2lajVtNll6OObEQw_9kbOPkbKbHHm7t-XIJMQfyB_cCU5wfs_EQol8w5Qmw5n2lK
[2026-01-20 21:20:01,304] ERROR: Unexpected status 403 for https://api.hh.ru/vacancies/129528276: {"errors":[{"value":"captcha_required","captcha_url":"https://hh.ru/account/captcha?state=pxvcxBozfu7ry7R4QCetFmUA3SFZr_Pa4yXPQEusAiQIVW2lajVtNll6OObEQw_9kbOPkbKbHHm7t-XIJMQfyGSgMJySmUd8ysvBC3rDRd1AA4
[2026-01-20 21:20:01,306] ERROR: Unexpected status 403 for https://api.hh.ru/vacancies/129136270: {"errors":[{"value":"captcha_required","captcha_url":"https://hh.ru/account/captcha?state=pxvcxBozfu7ry7R4QCetFmUA3SFZr_Pa4yXPQEusAiQIVW2lajVtNll6OObEQw_9kbOPkbKbHHm7t-XIJMQfyIaQCooB9SFqnFmIitCK3_3Wvf
[2026-01-20 21:20:01,322] ERROR: Unexpected status 403 for https://api.hh.ru/vacancies/129642819: {"errors":[{"value":"captcha_required","captcha_url":"https://hh.ru/account/captcha?state=pxvcxBozfu7ry7R4QCetFmUA3SFZr_Pa4yXPQEusAiQIVW2lajVtNll6OObEQw_9kbOPkbKbHHm7t-XIJMQfyF4wBRJR-9S9aHTvilRpSvoOxa
[2026-01-20 21:20:01,325] ERROR: Unexpected status 403 for https://api.hh.ru/vacancies/128435069: {"errors":[{"value":"captcha_required","captcha_url":"https://hh.ru/account/captcha?state=pxvcxBozfu7ry7R4QCetFmUA3SFZr_Pa4yXPQEusAiQIVW2lajVtNll6OObEQw_9kbOPkbKbHHm7t-XIJMQfyP8s1ev5PT8tcld6rhOomqNgBS
[2026-01-20 21:20:01,339] ERROR: Unexpected status 403 for https://api.hh.ru/vacancies/128952813: {"errors":[{"value":"captcha_required","captcha_url":"https://hh.ru/account/captcha?state=pxvcxBozfu7ry7R4QCetFmUA3SFZr_Pa4yXPQEusAiQIVW2lajVtNll6OObEQw_9kbOPkbKbHHm7t-XIJMQfyPW3uxSB7qV1VxQS1yth_4QH29
[2026-01-20 21:20:01,354] ERROR: Unexpected status 403 for https://api.hh.ru/vacancies/128994112: {"errors":[{"value":"captcha_required","captcha_url":"https://hh.ru/account/captcha?state=pxvcxBozfu7ry7R4QCetFmUA3SFZr_Pa4yXPQEusAiQIVW2lajVtNll6OObEQw_9kbOPkbKbHHm7t-XIJMQfyPlBuadEYWxCeFMVtMJUG24Q45
[2026-01-20 21:20:01,361] ERROR: Unexpected status 403 for https://api.hh.ru/vacancies/128939384: {"errors":[{"value":"captcha_required","captcha_url":"https://hh.ru/account/captcha?state=pxvcxBozfu7ry7R4QCetFmUA3SFZr_Pa4yXPQEusAiQIVW2lajVtNll6OObEQw_9kbOPkbKbHHm7t-XIJMQfyAOuILsEQbH_vgi7pDzuPagxYV
[2026-01-20 21:20:01,380] ERROR: Unexpected status 403 for https://api.hh.ru/vacancies/129618499: {"errors":[{"value":"captcha_required","captcha_url":"https://hh.ru/account/captcha?state=pxvcxBozfu7ry7R4QCetFmUA3SFZr_Pa4yXPQEusAiQIVW2lajVtNll6OObEQw_9kbOPkbKbHHm7t-XIJMQfyLrnYLkoj0cwPAQb6KGGqU3lsY
[2026-01-20 21:20:01,393] ERROR: Unexpected status 403 for https://api.hh.ru/vacancies/128662648: {"errors":[{"value":"captcha_required","captcha_url":"https://hh.ru/account/captcha?state=pxvcxBozfu7ry7R4QCetFmUA3SFZr_Pa4yXPQEusAiQIVW2lajVtNll6OObEQw_9kbOPkbKbHHm7t-XIJMQfyK0TbSB8OatZhZIivvt5xzq62z
[2026-01-20 21:20:01,400] ERROR: Unexpected status 403 for https://api.hh.ru/vacancies/127082030: {"errors":[{"value":"captcha_required","captcha_url":"https://hh.ru/account/captcha?state=pxvcxBozfu7ry7R4QCetFmUA3SFZr_Pa4yXPQEusAiQIVW2lajVtNll6OObEQw_9kbOPkbKbHHm7t-XIJMQfyB2hi5AU8uur9UqbB_E0_05KCv
[2026-01-20 21:20:01,400] ERROR: Unexpected status 403 for https://api.hh.ru/vacancies/129510959: {"errors":[{"value":"captcha_required","captcha_url":"https://hh.ru/account/captcha?state=pxvcxBozfu7ry7R4QCetFmUA3SFZr_Pa4yXPQEusAiQIVW2lajVtNll6OObEQw_9kbOPkbKbHHm7t-XIJMQfyA-CmdRSHI7e-8lBZUPqaautFf
[2026-01-20 21:20:01,409] ERROR: Unexpected status 403 for https://api.hh.ru/vacancies/128695088: {"errors":[{"value":"captcha_required","captcha_url":"https://hh.ru/account/captcha?state=pxvcxBozfu7ry7R4QCetFmUA3SFZr_Pa4yXPQEusAiQIVW2lajVtNll6OObEQw_9kbOPkbKbHHm7t-XIJMQfyNPlLKe7KiJKh1kXsKE_IuXCjO
[2026-01-20 21:20:01,424] ERROR: Unexpected status 403 for https://api.hh.ru/vacancies/129024631: {"errors":[{"value":"captcha_required","captcha_url":"https://hh.ru/account/captcha?state=pxvcxBozfu7ry7R4QCetFmUA3SFZr_Pa4yXPQEusAiQIVW2lajVtNll6OObEQw_9kbOPkbKbHHm7t-XIJMQfyBi9YTHf1F4hiDZfsgkmOI7xMl
[2026-01-20 21:20:01,427] ERROR: Unexpected status 403 for https://api.hh.ru/vacancies/128236898: {"errors":[{"value":"captcha_required","captcha_url":"https://hh.ru/account/captcha?state=pxvcxBozfu7ry7R4QCetFmUA3SFZr_Pa4yXPQEusAiQIVW2lajVtNll6OObEQw_9kbOPkbKbHHm7t-XIJMQfyEaCBoHpr1hIg857o0zz0wrSrV
[2026-01-20 21:20:01,429] ERROR: Unexpected status 403 for https://api.hh.ru/vacancies/128674311: {"errors":[{"value":"captcha_required","captcha_url":"https://hh.ru/account/captcha?state=pxvcxBozfu7ry7R4QCetFmUA3SFZr_Pa4yXPQEusAiQIVW2lajVtNll6OObEQw_9kbOPkbKbHHm7t-XIJMQfyOUdtFnUklszniiDEpBe4Kruw4
[2026-01-20 21:20:01,438] ERROR: Unexpected status 403 for https://api.hh.ru/vacancies/129006079: {"errors":[{"value":"captcha_required","captcha_url":"https://hh.ru/account/captcha?state=pxvcxBozfu7ry7R4QCetFmUA3SFZr_Pa4yXPQEusAiQIVW2lajVtNll6OObEQw_9kbOPkbKbHHm7t-XIJMQfyLdZsZ3SPHWsUyVHoz9zJDZE_Z
[2026-01-20 21:20:01,453] ERROR: Unexpected status 403 for https://api.hh.ru/vacancies/128923679: {"errors":[{"value":"captcha_required","captcha_url":"https://hh.ru/account/captcha?state=pxvcxBozfu7ry7R4QCetFmUA3SFZr_Pa4yXPQEusAiQIVW2lajVtNll6OObEQw_9kbOPkbKbHHm7t-XIJMQfyCyMSpdkdvBt9JeYO1xZJ72NnZ
[2026-01-20 21:20:01,454] ERROR: Unexpected status 403 for https://api.hh.ru/vacancies/129219769: {"errors":[{"value":"captcha_required","captcha_url":"https://hh.ru/account/captcha?state=pxvcxBozfu7ry7R4QCetFmUA3SFZr_Pa4yXPQEusAiQIVW2lajVtNll6OObEQw_9kbOPkbKbHHm7t-XIJMQfyNkExTENjd6eYi0Hi4z8LRe7kw
[2026-01-20 21:20:01,455] ERROR: Unexpected status 403 for https://api.hh.ru/vacancies/127089546: {"errors":[{"value":"captcha_required","captcha_url":"https://hh.ru/account/captcha?state=pxvcxBozfu7ry7R4QCetFmUA3SFZr_Pa4yXPQEusAiQIVW2lajVtNll6OObEQw_9kbOPkbKbHHm7t-XIJMQfyEAfUgApsu_py5UYr9wUDB9WpH
[2026-01-20 21:20:01,477] ERROR: Unexpected status 403 for https://api.hh.ru/vacancies/129189346: {"errors":[{"value":"captcha_required","captcha_url":"https://hh.ru/account/captcha?state=pxvcxBozfu7ry7R4QCetFmUA3SFZr_Pa4yXPQEusAiQIVW2lajVtNll6OObEQw_9kbOPkbKbHHm7t-XIJMQfyIz9D_uZdh7RyOWP09-E5Dkt3H
[2026-01-20 21:20:01,478] ERROR: Unexpected status 403 for https://api.hh.ru/vacancies/128773834: {"errors":[{"value":"captcha_required","captcha_url":"https://hh.ru/account/captcha?state=pxvcxBozfu7ry7R4QCetFmUA3SFZr_Pa4yXPQEusAiQIVW2lajVtNll6OObEQw_9kbOPkbKbHHm7t-XIJMQfyKIJpdJN-zzbJD95l_Mh8T7wk-
[2026-01-20 21:20:01,484] ERROR: Unexpected status 403 for https://api.hh.ru/vacancies/129037566: {"errors":[{"value":"captcha_required","captcha_url":"https://hh.ru/account/captcha?state=pxvcxBozfu7ry7R4QCetFmUA3SFZr_Pa4yXPQEusAiQIVW2lajVtNll6OObEQw_9kbOPkbKbHHm7t-XIJMQfyJYiurkHsT91i3D-woqoVWR7k6
[2026-01-20 21:20:01,492] ERROR: Unexpected status 403 for https://api.hh.ru/vacancies/128695653: {"errors":[{"value":"captcha_required","captcha_url":"https://hh.ru/account/captcha?state=pxvcxBozfu7ry7R4QCetFmUA3SFZr_Pa4yXPQEusAiQIVW2lajVtNll6OObEQw_9kbOPkbKbHHm7t-XIJMQfyFwW2bwc5_ch1JIMmUbKyxKDZ6
[2026-01-20 21:20:01,497] ERROR: Unexpected status 403 for https://api.hh.ru/vacancies/127531990: {"errors":[{"value":"captcha_required","captcha_url":"https://hh.ru/account/captcha?state=pxvcxBozfu7ry7R4QCetFmUA3SFZr_Pa4yXPQEusAiQIVW2lajVtNll6OObEQw_9kbOPkbKbHHm7t-XIJMQfyLb5HWpwLtpvIl3MyaNMZgck0K
[2026-01-20 21:20:01,497] ERROR: Unexpected status 403 for https://api.hh.ru/vacancies/129087924: {"errors":[{"value":"captcha_required","captcha_url":"https://hh.ru/account/captcha?state=pxvcxBozfu7ry7R4QCetFmUA3SFZr_Pa4yXPQEusAiQIVW2lajVtNll6OObEQw_9kbOPkbKbHHm7t-XIJMQfyLCRW7NVJyYWDN032zghmFe4pJ
[2026-01-20 21:20:01,498] ERROR: Unexpected status 403 for https://api.hh.ru/vacancies/129374750: {"errors":[{"value":"captcha_required","captcha_url":"https://hh.ru/account/captcha?state=pxvcxBozfu7ry7R4QCetFmUA3SFZr_Pa4yXPQEusAiQIVW2lajVtNll6OObEQw_9kbOPkbKbHHm7t-XIJMQfyKrTUvL9FKkNDjtF4ubx0xVZcM
[2026-01-20 21:20:01,504] ERROR: Unexpected status 403 for https://api.hh.ru/vacancies/129371333: {"errors":[{"value":"captcha_required","captcha_url":"https://hh.ru/account/captcha?state=pxvcxBozfu7ry7R4QCetFmUA3SFZr_Pa4yXPQEusAiQIVW2lajVtNll6OObEQw_9kbOPkbKbHHm7t-XIJMQfyBriDVR-nT9zdCH6cYZMuijqa_
[2026-01-20 21:20:01,505] ERROR: Unexpected status 403 for https://api.hh.ru/vacancies/129364516: {"errors":[{"value":"captcha_required","captcha_url":"https://hh.ru/account/captcha?state=pxvcxBozfu7ry7R4QCetFmUA3SFZr_Pa4yXPQEusAiQIVW2lajVtNll6OObEQw_9kbOPkbKbHHm7t-XIJMQfyJBxMBRmpU8-7VPqE6teeAy2R9
[2026-01-20 21:20:01,517] ERROR: Unexpected status 403 for https://api.hh.ru/vacancies/129030213: {"errors":[{"value":"captcha_required","captcha_url":"https://hh.ru/account/captcha?state=pxvcxBozfu7ry7R4QCetFmUA3SFZr_Pa4yXPQEusAiQIVW2lajVtNll6OObEQw_9kbOPkbKbHHm7t-XIJMQfyGvu5WrwTypPGJJTZYQTkpezGp
[2026-01-20 21:20:01,528] ERROR: Unexpected status 403 for https://api.hh.ru/vacancies/129396126: {"errors":[{"value":"captcha_required","captcha_url":"https://hh.ru/account/captcha?state=pxvcxBozfu7ry7R4QCetFmUA3SFZr_Pa4yXPQEusAiQIVW2lajVtNll6OObEQw_9kbOPkbKbHHm7t-XIJMQfyLzs6f8v8gUf9jkPmjCHsXweCV
[2026-01-20 21:20:01,549] ERROR: Unexpected status 403 for https://api.hh.ru/vacancies/129335300: {"errors":[{"value":"captcha_required","captcha_url":"https://hh.ru/account/captcha?state=pxvcxBozfu7ry7R4QCetFmUA3SFZr_Pa4yXPQEusAiQIVW2lajVtNll6OObEQw_9kbOPkbKbHHm7t-XIJMQfyD9lnB-QLN7am1-x3d7tbTvsdI
[2026-01-20 21:20:01,561] ERROR: Unexpected status 403 for https://api.hh.ru/vacancies/129530450: {"errors":[{"value":"captcha_required","captcha_url":"https://hh.ru/account/captcha?state=pxvcxBozfu7ry7R4QCetFmUA3SFZr_Pa4yXPQEusAiQIVW2lajVtNll6OObEQw_9kbOPkbKbHHm7t-XIJMQfyA693x2wBkuMWUkAeECOAEzJkh
[2026-01-20 21:20:01,570] ERROR: Unexpected status 403 for https://api.hh.ru/vacancies/128776013: {"errors":[{"value":"captcha_required","captcha_url":"https://hh.ru/account/captcha?state=pxvcxBozfu7ry7R4QCetFmUA3SFZr_Pa4yXPQEusAiQIVW2lajVtNll6OObEQw_9kbOPkbKbHHm7t-XIJMQfyKuFbaV_jhkzCPs0A6yEU0uf5H
[2026-01-20 21:20:01,572] ERROR: Unexpected status 403 for https://api.hh.ru/vacancies/129228168: {"errors":[{"value":"captcha_required","captcha_url":"https://hh.ru/account/captcha?state=pxvcxBozfu7ry7R4QCetFmUA3SFZr_Pa4yXPQEusAiQIVW2lajVtNll6OObEQw_9kbOPkbKbHHm7t-XIJMQfyHQ3zDfQajHg5RaRNeD6Tuw2F7
[2026-01-20 21:20:01,603] ERROR: Unexpected status 403 for https://api.hh.ru/vacancies/127728852: {"errors":[{"value":"captcha_required","captcha_url":"https://hh.ru/account/captcha?state=pxvcxBozfu7ry7R4QCetFmUA3SFZr_Pa4yXPQEusAiQIVW2lajVtNll6OObEQw_9kbOPkbKbHHm7t-XIJMQfyNnmnBYPppas0N7iIhieoLLS_n
[2026-01-20 21:20:01,609] ERROR: Unexpected status 403 for https://api.hh.ru/vacancies/128074325: {"errors":[{"value":"captcha_required","captcha_url":"https://hh.ru/account/captcha?state=pxvcxBozfu7ry7R4QCetFmUA3SFZr_Pa4yXPQEusAiQIVW2lajVtNll6OObEQw_9kbOPkbKbHHm7t-XIJMQfyOGnPKy8M3mUvoQxXR2IfMIxob
[2026-01-20 21:20:01,622] ERROR: Unexpected status 403 for https://api.hh.ru/vacancies/129274111: {"errors":[{"value":"captcha_required","captcha_url":"https://hh.ru/account/captcha?state=pxvcxBozfu7ry7R4QCetFmUA3SFZr_Pa4yXPQEusAiQIVW2lajVtNll6OObEQw_9kbOPkbKbHHm7t-XIJMQfyCaL-pi9QnxM014Rz43jUXEeb7
[2026-01-20 21:20:01,622] ERROR: Unexpected status 403 for https://api.hh.ru/vacancies/128668902: {"errors":[{"value":"captcha_required","captcha_url":"https://hh.ru/account/captcha?state=pxvcxBozfu7ry7R4QCetFmUA3SFZr_Pa4yXPQEusAiQIVW2lajVtNll6OObEQw_9kbOPkbKbHHm7t-XIJMQfyHIHxPSGA29ArKR271Vmmwb-jG
[2026-01-20 21:20:01,642] ERROR: Unexpected status 403 for https://api.hh.ru/vacancies/128942156: {"errors":[{"value":"captcha_required","captcha_url":"https://hh.ru/account/captcha?state=pxvcxBozfu7ry7R4QCetFmUA3SFZr_Pa4yXPQEusAiQIVW2lajVtNll6OObEQw_9kbOPkbKbHHm7t-XIJMQfyCQW_TN_52lLgoFUDFFS_5TN8P
[2026-01-20 21:20:01,654] ERROR: Unexpected status 403 for https://api.hh.ru/vacancies/129545831: {"errors":[{"value":"captcha_required","captcha_url":"https://hh.ru/account/captcha?state=pxvcxBozfu7ry7R4QCetFmUA3SFZr_Pa4yXPQEusAiQIVW2lajVtNll6OObEQw_9kbOPkbKbHHm7t-XIJMQfyKO4trhCL9PU0hfjiWD3U-XbL6
[2026-01-20 21:20:01,663] ERROR: Unexpected status 403 for https://api.hh.ru/vacancies/129071105: {"errors":[{"value":"captcha_required","captcha_url":"https://hh.ru/account/captcha?state=pxvcxBozfu7ry7R4QCetFmUA3SFZr_Pa4yXPQEusAiQIVW2lajVtNll6OObEQw_9kbOPkbKbHHm7t-XIJMQfyKG9x-fry0TW5aM3z-WCB1mM7g
[2026-01-20 21:20:01,667] ERROR: Unexpected status 403 for https://api.hh.ru/vacancies/129449485: {"errors":[{"value":"captcha_required","captcha_url":"https://hh.ru/account/captcha?state=pxvcxBozfu7ry7R4QCetFmUA3SFZr_Pa4yXPQEusAiQIVW2lajVtNll6OObEQw_9kbOPkbKbHHm7t-XIJMQfyKjfBQ58-anBlLF9crRObLp8zm
[2026-01-20 21:20:01,682] ERROR: Unexpected status 403 for https://api.hh.ru/vacancies/129197585: {"errors":[{"value":"captcha_required","captcha_url":"https://hh.ru/account/captcha?state=pxvcxBozfu7ry7R4QCetFmUA3SFZr_Pa4yXPQEusAiQIVW2lajVtNll6OObEQw_9kbOPkbKbHHm7t-XIJMQfyAHgdXgksK_IB6hMUHBBFQ338t
[2026-01-20 21:20:01,689] ERROR: Unexpected status 403 for https://api.hh.ru/vacancies/129549932: {"errors":[{"value":"captcha_required","captcha_url":"https://hh.ru/account/captcha?state=pxvcxBozfu7ry7R4QCetFmUA3SFZr_Pa4yXPQEusAiQIVW2lajVtNll6OObEQw_9kbOPkbKbHHm7t-XIJMQfyEMeI0mIQYJvODPDO_hwfPCqZ4
[2026-01-20 21:20:01,695] ERROR: Unexpected status 403 for https://api.hh.ru/vacancies/129370823: {"errors":[{"value":"captcha_required","captcha_url":"https://hh.ru/account/captcha?state=pxvcxBozfu7ry7R4QCetFmUA3SFZr_Pa4yXPQEusAiQIVW2lajVtNll6OObEQw_9kbOPkbKbHHm7t-XIJMQfyLWftLLcnVyNtc2dJi774datp1
[2026-01-20 21:20:01,701] ERROR: Unexpected status 403 for https://api.hh.ru/vacancies: {"errors":[{"value":"captcha_required","captcha_url":"https://hh.ru/account/captcha?state=pxvcxBozfu7ry7R4QCetFqDzUL2cbK2LGYV-JLOJ644HLrHr0DH6jezFpCb5WIoORh7fkpHCxj4F6mHfOvxRDMVgKTBGLd7-wl1nLh1dQSo%3D
[2026-01-20 21:20:01,701] INFO: Worker 7 finished area Актаныш; total collected 119
[2026-01-20 21:20:01,701] INFO: Worker 7 scanning area Актюбинский (4169)
[2026-01-20 21:20:01,708] ERROR: Unexpected status 403 for https://api.hh.ru/vacancies/126389742: {"errors":[{"value":"captcha_required","captcha_url":"https://hh.ru/account/captcha?state=pxvcxBozfu7ry7R4QCetFmUA3SFZr_Pa4yXPQEusAiQIVW2lajVtNll6OObEQw_9kbOPkbKbHHm7t-XIJMQfyE21m9H6-Vehf5nDD6KBcRL61j
[2026-01-20 21:20:01,708] ERROR: Unexpected status 403 for https://api.hh.ru/vacancies/129613712: {"errors":[{"value":"captcha_required","captcha_url":"https://hh.ru/account/captcha?state=pxvcxBozfu7ry7R4QCetFmUA3SFZr_Pa4yXPQEusAiQIVW2lajVtNll6OObEQw_9kbOPkbKbHHm7t-XIJMQfyIDu4WJunQTEwk7_a8z_V9cdMn
[2026-01-20 21:20:01,710] ERROR: Unexpected status 403 for https://api.hh.ru/vacancies/129301823: {"errors":[{"value":"captcha_required","captcha_url":"https://hh.ru/account/captcha?state=pxvcxBozfu7ry7R4QCetFmUA3SFZr_Pa4yXPQEusAiQIVW2lajVtNll6OObEQw_9kbOPkbKbHHm7t-XIJMQfyLgyZi9XflhYd9O39dHcS4RrmQ
[2026-01-20 21:20:01,712] ERROR: Unexpected status 403 for https://api.hh.ru/vacancies/129473872: {"errors":[{"value":"captcha_required","captcha_url":"https://hh.ru/account/captcha?state=pxvcxBozfu7ry7R4QCetFmUA3SFZr_Pa4yXPQEusAiQIVW2lajVtNll6OObEQw_9kbOPkbKbHHm7t-XIJMQfyAknH-nusRB2LbbkBUDj4jcMjg
[2026-01-20 21:20:01,731] ERROR: Unexpected status 403 for https://api.hh.ru/vacancies/129271964: {"errors":[{"value":"captcha_required","captcha_url":"https://hh.ru/account/captcha?state=pxvcxBozfu7ry7R4QCetFmUA3SFZr_Pa4yXPQEusAiQIVW2lajVtNll6OObEQw_9kbOPkbKbHHm7t-XIJMQfyLXJ1ctT8KOvpxJRNociq9WT2v
[2026-01-20 21:20:01,746] ERROR: Unexpected status 403 for https://api.hh.ru/vacancies/128978198: {"errors":[{"value":"captcha_required","captcha_url":"https://hh.ru/account/captcha?state=pxvcxBozfu7ry7R4QCetFmUA3SFZr_Pa4yXPQEusAiQIVW2lajVtNll6OObEQw_9kbOPkbKbHHm7t-XIJMQfyP1lZFrU6rVqRvIxp87KA_Nx4C
[2026-01-20 21:20:01,747] ERROR: Unexpected status 403 for https://api.hh.ru/vacancies/129010731: {"errors":[{"value":"captcha_required","captcha_url":"https://hh.ru/account/captcha?state=pxvcxBozfu7ry7R4QCetFmUA3SFZr_Pa4yXPQEusAiQIVW2lajVtNll6OObEQw_9kbOPkbKbHHm7t-XIJMQfyJHW56ADuRmyP8pU-sS0Vkd8iL
[2026-01-20 21:20:01,750] ERROR: Unexpected status 403 for https://api.hh.ru/vacancies/128770618: {"errors":[{"value":"captcha_required","captcha_url":"https://hh.ru/account/captcha?state=pxvcxBozfu7ry7R4QCetFmUA3SFZr_Pa4yXPQEusAiQIVW2lajVtNll6OObEQw_9kbOPkbKbHHm7t-XIJMQfyB1rhzae_JBmHn5mYoIw2CdJb9
[2026-01-20 21:20:01,769] ERROR: Unexpected status 403 for https://api.hh.ru/vacancies/129066964: {"errors":[{"value":"captcha_required","captcha_url":"https://hh.ru/account/captcha?state=pxvcxBozfu7ry7R4QCetFmUA3SFZr_Pa4yXPQEusAiQIVW2lajVtNll6OObEQw_9kbOPkbKbHHm7t-XIJMQfyAi7FbX2BrYsqFC3AadCfjWCLd
[2026-01-20 21:20:01,772] ERROR: Unexpected status 403 for https://api.hh.ru/vacancies/127821638: {"errors":[{"value":"captcha_required","captcha_url":"https://hh.ru/account/captcha?state=pxvcxBozfu7ry7R4QCetFmUA3SFZr_Pa4yXPQEusAiQIVW2lajVtNll6OObEQw_9kbOPkbKbHHm7t-XIJMQfyHWwl6Ve_BB_kOgjEgiBAPQ-Gd
[2026-01-20 21:20:01,785] ERROR: Unexpected status 403 for https://api.hh.ru/vacancies/103355896: {"errors":[{"value":"captcha_required","captcha_url":"https://hh.ru/account/captcha?state=pxvcxBozfu7ry7R4QCetFmUA3SFZr_Pa4yXPQEusAiQIVW2lajVtNll6OObEQw_9kbOPkbKbHHm7t-XIJMQfyNLmasiD9cNtOuaG7WFAi31b6I
[2026-01-20 21:20:01,801] ERROR: Unexpected status 403 for https://api.hh.ru/vacancies/129400565: {"errors":[{"value":"captcha_required","captcha_url":"https://hh.ru/account/captcha?state=pxvcxBozfu7ry7R4QCetFmUA3SFZr_Pa4yXPQEusAiQIVW2lajVtNll6OObEQw_9kbOPkbKbHHm7t-XIJMQfyEPo8SUvptHLrlezJfqAQTQRnk
[2026-01-20 21:20:01,813] ERROR: Unexpected status 403 for https://api.hh.ru/vacancies/128696166: {"errors":[{"value":"captcha_required","captcha_url":"https://hh.ru/account/captcha?state=pxvcxBozfu7ry7R4QCetFmUA3SFZr_Pa4yXPQEusAiQIVW2lajVtNll6OObEQw_9kbOPkbKbHHm7t-XIJMQfyGAh-PmT0BqLsE_MGGkP4zmrYm
[2026-01-20 21:20:01,814] ERROR: Unexpected status 403 for https://api.hh.ru/vacancies/129606496: {"errors":[{"value":"captcha_required","captcha_url":"https://hh.ru/account/captcha?state=pxvcxBozfu7ry7R4QCetFmUA3SFZr_Pa4yXPQEusAiQIVW2lajVtNll6OObEQw_9kbOPkbKbHHm7t-XIJMQfyB7Uyt0xcLMYr1RU3ONxS1bF9E
[2026-01-20 21:20:01,836] ERROR: Unexpected status 403 for https://api.hh.ru/vacancies/129282788: {"errors":[{"value":"captcha_required","captcha_url":"https://hh.ru/account/captcha?state=pxvcxBozfu7ry7R4QCetFmUA3SFZr_Pa4yXPQEusAiQIVW2lajVtNll6OObEQw_9kbOPkbKbHHm7t-XIJMQfyKFr-gn75WueaFOYWO_KU1GcEC
[2026-01-20 21:20:01,842] ERROR: Unexpected status 403 for https://api.hh.ru/vacancies/128971833: {"errors":[{"value":"captcha_required","captcha_url":"https://hh.ru/account/captcha?state=pxvcxBozfu7ry7R4QCetFmUA3SFZr_Pa4yXPQEusAiQIVW2lajVtNll6OObEQw_9kbOPkbKbHHm7t-XIJMQfyLo7MElHnO5Qobv-eDzWOzp18V
[2026-01-20 21:20:01,845] ERROR: Unexpected status 403 for https://api.hh.ru/vacancies/125668881: {"errors":[{"value":"captcha_required","captcha_url":"https://hh.ru/account/captcha?state=pxvcxBozfu7ry7R4QCetFmUA3SFZr_Pa4yXPQEusAiQIVW2lajVtNll6OObEQw_9kbOPkbKbHHm7t-XIJMQfyP0TjOO7Ee3lYo4EyiVN5eG6K2
[2026-01-20 21:20:01,846] ERROR: Unexpected status 403 for https://api.hh.ru/vacancies/129629287: {"errors":[{"value":"captcha_required","captcha_url":"https://hh.ru/account/captcha?state=pxvcxBozfu7ry7R4QCetFmUA3SFZr_Pa4yXPQEusAiQIVW2lajVtNll6OObEQw_9kbOPkbKbHHm7t-XIJMQfyFeiRCoQnafKTP-3aiF2JXPy3M
[2026-01-20 21:20:01,847] ERROR: Unexpected status 403 for https://api.hh.ru/vacancies/129482071: {"errors":[{"value":"captcha_required","captcha_url":"https://hh.ru/account/captcha?state=pxvcxBozfu7ry7R4QCetFmUA3SFZr_Pa4yXPQEusAiQIVW2lajVtNll6OObEQw_9kbOPkbKbHHm7t-XIJMQfyIDKw9uLD2GpUrEtnNU7VXSKon
[2026-01-20 21:20:01,873] ERROR: Unexpected status 403 for https://api.hh.ru/vacancies/128230823: {"errors":[{"value":"captcha_required","captcha_url":"https://hh.ru/account/captcha?state=pxvcxBozfu7ry7R4QCetFmUA3SFZr_Pa4yXPQEusAiQIVW2lajVtNll6OObEQw_9kbOPkbKbHHm7t-XIJMQfyKXPwLbDLuMrRv_hun5lhVfNCE
[2026-01-20 21:20:01,900] ERROR: Unexpected status 403 for https://api.hh.ru/vacancies/129168485: {"errors":[{"value":"captcha_required","captcha_url":"https://hh.ru/account/captcha?state=pxvcxBozfu7ry7R4QCetFmUA3SFZr_Pa4yXPQEusAiQIVW2lajVtNll6OObEQw_9kbOPkbKbHHm7t-XIJMQfyEPg8BAW1aEsAIu1xJHm8RT39e
[2026-01-20 21:20:01,903] ERROR: Unexpected status 403 for https://api.hh.ru/vacancies/129512056: {"errors":[{"value":"captcha_required","captcha_url":"https://hh.ru/account/captcha?state=pxvcxBozfu7ry7R4QCetFmUA3SFZr_Pa4yXPQEusAiQIVW2lajVtNll6OObEQw_9kbOPkbKbHHm7t-XIJMQfyJEWGSmXDfYDMKve3WdzH30V4L
[2026-01-20 21:20:01,906] ERROR: Unexpected status 403 for https://api.hh.ru/vacancies/129638364: {"errors":[{"value":"captcha_required","captcha_url":"https://hh.ru/account/captcha?state=pxvcxBozfu7ry7R4QCetFmUA3SFZr_Pa4yXPQEusAiQIVW2lajVtNll6OObEQw_9kbOPkbKbHHm7t-XIJMQfyKYqDfa_YA_uk9dejs1IjPXKNh
[2026-01-20 21:20:01,907] ERROR: Unexpected status 403 for https://api.hh.ru/vacancies/129550362: {"errors":[{"value":"captcha_required","captcha_url":"https://hh.ru/account/captcha?state=pxvcxBozfu7ry7R4QCetFmUA3SFZr_Pa4yXPQEusAiQIVW2lajVtNll6OObEQw_9kbOPkbKbHHm7t-XIJMQfyNUebys0tAaha52vHKCZmWS3e6
[2026-01-20 21:20:01,908] ERROR: Unexpected status 403 for https://api.hh.ru/vacancies/129602052: {"errors":[{"value":"captcha_required","captcha_url":"https://hh.ru/account/captcha?state=pxvcxBozfu7ry7R4QCetFmUA3SFZr_Pa4yXPQEusAiQIVW2lajVtNll6OObEQw_9kbOPkbKbHHm7t-XIJMQfyMu77lbMUyH6RUNETwB7-82dRD
[2026-01-20 21:20:01,918] ERROR: Unexpected status 403 for https://api.hh.ru/vacancies/129010739: {"errors":[{"value":"captcha_required","captcha_url":"https://hh.ru/account/captcha?state=pxvcxBozfu7ry7R4QCetFmUA3SFZr_Pa4yXPQEusAiQIVW2lajVtNll6OObEQw_9kbOPkbKbHHm7t-XIJMQfyCHp9moqqo1VDc9X6SK15slUAW
[2026-01-20 21:20:01,946] ERROR: Unexpected status 403 for https://api.hh.ru/vacancies/127306841: {"errors":[{"value":"captcha_required","captcha_url":"https://hh.ru/account/captcha?state=pxvcxBozfu7ry7R4QCetFmUA3SFZr_Pa4yXPQEusAiQIVW2lajVtNll6OObEQw_9kbOPkbKbHHm7t-XIJMQfyMFNpOXyWZChVlmBzCi5NqRfWO
[2026-01-20 21:20:01,947] ERROR: Unexpected status 403 for https://api.hh.ru/vacancies/129565674: {"errors":[{"value":"captcha_required","captcha_url":"https://hh.ru/account/captcha?state=pxvcxBozfu7ry7R4QCetFmUA3SFZr_Pa4yXPQEusAiQIVW2lajVtNll6OObEQw_9kbOPkbKbHHm7t-XIJMQfyFtk45roSZsTctts284SC_6_Yv
[2026-01-20 21:20:01,963] ERROR: Unexpected status 403 for https://api.hh.ru/vacancies/129216665: {"errors":[{"value":"captcha_required","captcha_url":"https://hh.ru/account/captcha?state=pxvcxBozfu7ry7R4QCetFmUA3SFZr_Pa4yXPQEusAiQIVW2lajVtNll6OObEQw_9kbOPkbKbHHm7t-XIJMQfyC3MhORTeKppwqGN40HY2DX-Y8
[2026-01-20 21:20:01,964] ERROR: Unexpected status 403 for https://api.hh.ru/vacancies: {"errors":[{"value":"captcha_required","captcha_url":"https://hh.ru/account/captcha?state=pxvcxBozfu7ry7R4QCetFqDzUL2cbK2LGYV-JLOJ644HLrHr0DH6jezFpCb5WIoORh7fkpHCxj4F6mHfOvxRDL1bNI8k01lgf5Aw_d6RswM%3D
[2026-01-20 21:20:01,965] INFO: Worker 4 finished area Республика Татарстан; total collected 119
[2026-01-20 21:20:01,965] INFO: Worker 4 scanning area Алексеевское (2695)
[2026-01-20 21:20:01,967] ERROR: Unexpected status 403 for https://api.hh.ru/vacancies/129273883: {"errors":[{"value":"captcha_required","captcha_url":"https://hh.ru/account/captcha?state=pxvcxBozfu7ry7R4QCetFmUA3SFZr_Pa4yXPQEusAiQIVW2lajVtNll6OObEQw_9kbOPkbKbHHm7t-XIJMQfyPbZP6wRYgzm09TCRwzPArTh9g
[2026-01-20 21:20:01,967] ERROR: Unexpected status 403 for https://api.hh.ru/vacancies/128693509: {"errors":[{"value":"captcha_required","captcha_url":"https://hh.ru/account/captcha?state=pxvcxBozfu7ry7R4QCetFmUA3SFZr_Pa4yXPQEusAiQIVW2lajVtNll6OObEQw_9kbOPkbKbHHm7t-XIJMQfyGSAndVPCCZrPVhrYjuQbQqHkp
[2026-01-20 21:20:01,999] ERROR: Unexpected status 403 for https://api.hh.ru/vacancies/129485639: {"errors":[{"value":"captcha_required","captcha_url":"https://hh.ru/account/captcha?state=pxvcxBozfu7ry7R4QCetFmUA3SFZr_Pa4yXPQEusAiQIVW2lajVtNll6OObEQw_9kbOPkbKbHHm7t-XIJMQfyHFLB0OP2X4uFfDepb7AcoRiWd
[2026-01-20 21:20:01,999] ERROR: Unexpected status 403 for https://api.hh.ru/vacancies/129142819: {"errors":[{"value":"captcha_required","captcha_url":"https://hh.ru/account/captcha?state=pxvcxBozfu7ry7R4QCetFmUA3SFZr_Pa4yXPQEusAiQIVW2lajVtNll6OObEQw_9kbOPkbKbHHm7t-XIJMQfyBHz-CrEmNa0sDjl7XdG0TPRsY
[2026-01-20 21:20:02,007] ERROR: Unexpected status 403 for https://api.hh.ru/vacancies/129478879: {"errors":[{"value":"captcha_required","captcha_url":"https://hh.ru/account/captcha?state=pxvcxBozfu7ry7R4QCetFmUA3SFZr_Pa4yXPQEusAiQIVW2lajVtNll6OObEQw_9kbOPkbKbHHm7t-XIJMQfyI03qbhrA6z2A0qoFyEqEe5PXn
[2026-01-20 21:20:02,012] ERROR: Unexpected status 403 for https://api.hh.ru/vacancies/127698296: {"errors":[{"value":"captcha_required","captcha_url":"https://hh.ru/account/captcha?state=pxvcxBozfu7ry7R4QCetFmUA3SFZr_Pa4yXPQEusAiQIVW2lajVtNll6OObEQw_9kbOPkbKbHHm7t-XIJMQfyC62onOTMYnDW_cQnan4h0jC7s
[2026-01-20 21:20:02,028] ERROR: Unexpected status 403 for https://api.hh.ru/vacancies: {"errors":[{"value":"captcha_required","captcha_url":"https://hh.ru/account/captcha?state=pxvcxBozfu7ry7R4QCetFqDzUL2cbK2LGYV-JLOJ644HLrHr0DH6jezFpCb5WIoORh7fkpHCxj4F6mHfOvxRDLAiQl5hYniA4h9ZzNnykT4%3D
[2026-01-20 21:20:02,031] ERROR: Unexpected status 403 for https://api.hh.ru/vacancies/129597819: {"errors":[{"value":"captcha_required","captcha_url":"https://hh.ru/account/captcha?state=pxvcxBozfu7ry7R4QCetFmUA3SFZr_Pa4yXPQEusAiQIVW2lajVtNll6OObEQw_9kbOPkbKbHHm7t-XIJMQfyJgY6TTAdODz8wsroahRfL8vbi
[2026-01-20 21:20:02,035] ERROR: Unexpected status 403 for https://api.hh.ru/vacancies/129184773: {"errors":[{"value":"captcha_required","captcha_url":"https://hh.ru/account/captcha?state=pxvcxBozfu7ry7R4QCetFmUA3SFZr_Pa4yXPQEusAiQIVW2lajVtNll6OObEQw_9kbOPkbKbHHm7t-XIJMQfyOwY2WQ_o5vEWwBEc9tKLAwAXp
[2026-01-20 21:20:02,039] ERROR: Unexpected status 403 for https://api.hh.ru/vacancies/129346428: {"errors":[{"value":"captcha_required","captcha_url":"https://hh.ru/account/captcha?state=pxvcxBozfu7ry7R4QCetFmUA3SFZr_Pa4yXPQEusAiQIVW2lajVtNll6OObEQw_9kbOPkbKbHHm7t-XIJMQfyNXGrUpZWi0XInumrZuNiFfOQE
[2026-01-20 21:20:02,048] ERROR: Unexpected status 403 for https://api.hh.ru/vacancies/129653730: {"errors":[{"value":"captcha_required","captcha_url":"https://hh.ru/account/captcha?state=pxvcxBozfu7ry7R4QCetFmUA3SFZr_Pa4yXPQEusAiQIVW2lajVtNll6OObEQw_9kbOPkbKbHHm7t-XIJMQfyJILX4R0DFezNjPwMnoEhoEsEY
[2026-01-20 21:20:02,048] INFO: Worker 2 finished area Аккузово; total collected 119
[2026-01-20 21:20:02,048] INFO: Worker 2 scanning area Альметьевск (1627)
[2026-01-20 21:20:02,050] ERROR: Unexpected status 403 for https://api.hh.ru/vacancies/129033536: {"errors":[{"value":"captcha_required","captcha_url":"https://hh.ru/account/captcha?state=pxvcxBozfu7ry7R4QCetFmUA3SFZr_Pa4yXPQEusAiQIVW2lajVtNll6OObEQw_9kbOPkbKbHHm7t-XIJMQfyB0s2I-PRwmLg7tYmkibIG1-Tq
[2026-01-20 21:20:02,052] ERROR: Unexpected status 403 for https://api.hh.ru/vacancies/126123430: {"errors":[{"value":"captcha_required","captcha_url":"https://hh.ru/account/captcha?state=pxvcxBozfu7ry7R4QCetFmUA3SFZr_Pa4yXPQEusAiQIVW2lajVtNll6OObEQw_9kbOPkbKbHHm7t-XIJMQfyDP6yHqZ3ZUOvDF_tdo6_zwyPw
[2026-01-20 21:20:02,054] ERROR: Unexpected status 403 for https://api.hh.ru/vacancies/129239944: {"errors":[{"value":"captcha_required","captcha_url":"https://hh.ru/account/captcha?state=pxvcxBozfu7ry7R4QCetFmUA3SFZr_Pa4yXPQEusAiQIVW2lajVtNll6OObEQw_9kbOPkbKbHHm7t-XIJMQfyKMC6itS7KiBdM7M5sKWUWH-nx
[2026-01-20 21:20:02,100] ERROR: Unexpected status 403 for https://api.hh.ru/vacancies/128540612: {"errors":[{"value":"captcha_required","captcha_url":"https://hh.ru/account/captcha?state=pxvcxBozfu7ry7R4QCetFmUA3SFZr_Pa4yXPQEusAiQIVW2lajVtNll6OObEQw_9kbOPkbKbHHm7t-XIJMQfyFnftk7m_rI5GA66pK0uxdpeCw
[2026-01-20 21:20:02,100] ERROR: Unexpected status 403 for https://api.hh.ru/vacancies/129542654: {"errors":[{"value":"captcha_required","captcha_url":"https://hh.ru/account/captcha?state=pxvcxBozfu7ry7R4QCetFmUA3SFZr_Pa4yXPQEusAiQIVW2lajVtNll6OObEQw_9kbOPkbKbHHm7t-XIJMQfyHxYYyDNuqb5rlClOOp8Ixi7bv
[2026-01-20 21:20:02,110] ERROR: Unexpected status 403 for https://api.hh.ru/vacancies/128560976: {"errors":[{"value":"captcha_required","captcha_url":"https://hh.ru/account/captcha?state=pxvcxBozfu7ry7R4QCetFmUA3SFZr_Pa4yXPQEusAiQIVW2lajVtNll6OObEQw_9kbOPkbKbHHm7t-XIJMQfyKOcLeYG4nVqe9VR9t4nPRalSG
[2026-01-20 21:20:02,111] ERROR: Unexpected status 403 for https://api.hh.ru/vacancies/128711566: {"errors":[{"value":"captcha_required","captcha_url":"https://hh.ru/account/captcha?state=pxvcxBozfu7ry7R4QCetFmUA3SFZr_Pa4yXPQEusAiQIVW2lajVtNll6OObEQw_9kbOPkbKbHHm7t-XIJMQfyMYy9J2ki6SP6MZcE0EJCWwQ-q
[2026-01-20 21:20:02,132] ERROR: Unexpected status 403 for https://api.hh.ru/vacancies/129264365: {"errors":[{"value":"captcha_required","captcha_url":"https://hh.ru/account/captcha?state=pxvcxBozfu7ry7R4QCetFmUA3SFZr_Pa4yXPQEusAiQIVW2lajVtNll6OObEQw_9kbOPkbKbHHm7t-XIJMQfyOXArUU0uS8AfFvj1Yk4IuigQG
[2026-01-20 21:20:02,143] ERROR: Unexpected status 403 for https://api.hh.ru/vacancies/129639051: {"errors":[{"value":"captcha_required","captcha_url":"https://hh.ru/account/captcha?state=pxvcxBozfu7ry7R4QCetFmUA3SFZr_Pa4yXPQEusAiQIVW2lajVtNll6OObEQw_9kbOPkbKbHHm7t-XIJMQfyAXOBwjjEcukYSirYRQ28ow8sd
[2026-01-20 21:20:02,143] ERROR: Unexpected status 403 for https://api.hh.ru/vacancies/128696038: {"errors":[{"value":"captcha_required","captcha_url":"https://hh.ru/account/captcha?state=pxvcxBozfu7ry7R4QCetFmUA3SFZr_Pa4yXPQEusAiQIVW2lajVtNll6OObEQw_9kbOPkbKbHHm7t-XIJMQfyG98eVcBOW0uAicnJ0y1mG3_qZ
[2026-01-20 21:20:02,146] ERROR: Unexpected status 403 for https://api.hh.ru/vacancies/128251288: {"errors":[{"value":"captcha_required","captcha_url":"https://hh.ru/account/captcha?state=pxvcxBozfu7ry7R4QCetFmUA3SFZr_Pa4yXPQEusAiQIVW2lajVtNll6OObEQw_9kbOPkbKbHHm7t-XIJMQfyBTwAX9qd_eL_nkyXmoln9rI2a
[2026-01-20 21:20:02,148] ERROR: Unexpected status 403 for https://api.hh.ru/vacancies/129627709: {"errors":[{"value":"captcha_required","captcha_url":"https://hh.ru/account/captcha?state=pxvcxBozfu7ry7R4QCetFmUA3SFZr_Pa4yXPQEusAiQIVW2lajVtNll6OObEQw_9kbOPkbKbHHm7t-XIJMQfyEtPXcwhG7r0ZfjhZIE0tQnGT2
[2026-01-20 21:20:02,159] ERROR: Unexpected status 403 for https://api.hh.ru/vacancies/128909760: {"errors":[{"value":"captcha_required","captcha_url":"https://hh.ru/account/captcha?state=pxvcxBozfu7ry7R4QCetFmUA3SFZr_Pa4yXPQEusAiQIVW2lajVtNll6OObEQw_9kbOPkbKbHHm7t-XIJMQfyDt5an_Yx2J2EOMzsBw0Q9a7nh
[2026-01-20 21:20:02,186] ERROR: Unexpected status 403 for https://api.hh.ru/vacancies/129334208: {"errors":[{"value":"captcha_required","captcha_url":"https://hh.ru/account/captcha?state=pxvcxBozfu7ry7R4QCetFmUA3SFZr_Pa4yXPQEusAiQIVW2lajVtNll6OObEQw_9kbOPkbKbHHm7t-XIJMQfyJIhbPg6ZKRw7f6Z2WkcMiQZV0
[2026-01-20 21:20:02,191] ERROR: Unexpected status 403 for https://api.hh.ru/vacancies/129615556: {"errors":[{"value":"captcha_required","captcha_url":"https://hh.ru/account/captcha?state=pxvcxBozfu7ry7R4QCetFmUA3SFZr_Pa4yXPQEusAiQIVW2lajVtNll6OObEQw_9kbOPkbKbHHm7t-XIJMQfyEemgQBX6E3K0sY_VF1gGJ4bH_
[2026-01-20 21:20:02,202] ERROR: Unexpected status 403 for https://api.hh.ru/vacancies/129073774: {"errors":[{"value":"captcha_required","captcha_url":"https://hh.ru/account/captcha?state=pxvcxBozfu7ry7R4QCetFmUA3SFZr_Pa4yXPQEusAiQIVW2lajVtNll6OObEQw_9kbOPkbKbHHm7t-XIJMQfyAUes3cPJRz-sT7VCCOJc2U4PD
[2026-01-20 21:20:02,205] ERROR: Unexpected status 403 for https://api.hh.ru/vacancies/129504004: {"errors":[{"value":"captcha_required","captcha_url":"https://hh.ru/account/captcha?state=pxvcxBozfu7ry7R4QCetFmUA3SFZr_Pa4yXPQEusAiQIVW2lajVtNll6OObEQw_9kbOPkbKbHHm7t-XIJMQfyD6YP0yuKzeVzQvqXdFjWlR5ua
[2026-01-20 21:20:02,210] ERROR: Unexpected status 403 for https://api.hh.ru/vacancies/129154000: {"errors":[{"value":"captcha_required","captcha_url":"https://hh.ru/account/captcha?state=pxvcxBozfu7ry7R4QCetFmUA3SFZr_Pa4yXPQEusAiQIVW2lajVtNll6OObEQw_9kbOPkbKbHHm7t-XIJMQfyFaCHrvlmadmy49y345KO6CeHU
[2026-01-20 21:20:02,240] ERROR: Unexpected status 403 for https://api.hh.ru/vacancies/128679060: {"errors":[{"value":"captcha_required","captcha_url":"https://hh.ru/account/captcha?state=pxvcxBozfu7ry7R4QCetFmUA3SFZr_Pa4yXPQEusAiQIVW2lajVtNll6OObEQw_9kbOPkbKbHHm7t-XIJMQfyFcClRB1YF0UCw_36xqAaiqZSl
[2026-01-20 21:20:02,240] ERROR: Unexpected status 403 for https://api.hh.ru/vacancies/128814988: {"errors":[{"value":"captcha_required","captcha_url":"https://hh.ru/account/captcha?state=pxvcxBozfu7ry7R4QCetFmUA3SFZr_Pa4yXPQEusAiQIVW2lajVtNll6OObEQw_9kbOPkbKbHHm7t-XIJMQfyE7EUrYjeNYFvjFGNhTVFjspg1
[2026-01-20 21:20:02,252] ERROR: Unexpected status 403 for https://api.hh.ru/vacancies/129567853: {"errors":[{"value":"captcha_required","captcha_url":"https://hh.ru/account/captcha?state=pxvcxBozfu7ry7R4QCetFmUA3SFZr_Pa4yXPQEusAiQIVW2lajVtNll6OObEQw_9kbOPkbKbHHm7t-XIJMQfyPReEYVKDVyfNexkUy4Rto2QPB
[2026-01-20 21:20:02,270] ERROR: Unexpected status 403 for https://api.hh.ru/vacancies/129252827: {"errors":[{"value":"captcha_required","captcha_url":"https://hh.ru/account/captcha?state=pxvcxBozfu7ry7R4QCetFmUA3SFZr_Pa4yXPQEusAiQIVW2lajVtNll6OObEQw_9kbOPkbKbHHm7t-XIJMQfyHJpvr4wq4CLkbHNjbWSk4sPkQ
[2026-01-20 21:20:02,274] ERROR: Unexpected status 403 for https://api.hh.ru/vacancies/129348560: {"errors":[{"value":"captcha_required","captcha_url":"https://hh.ru/account/captcha?state=pxvcxBozfu7ry7R4QCetFmUA3SFZr_Pa4yXPQEusAiQIVW2lajVtNll6OObEQw_9kbOPkbKbHHm7t-XIJMQfyPvhvEkiDCDj5hcB6p3SCrSyaN
[2026-01-20 21:20:02,278] ERROR: Unexpected status 403 for https://api.hh.ru/vacancies/129372751: {"errors":[{"value":"captcha_required","captcha_url":"https://hh.ru/account/captcha?state=pxvcxBozfu7ry7R4QCetFmUA3SFZr_Pa4yXPQEusAiQIVW2lajVtNll6OObEQw_9kbOPkbKbHHm7t-XIJMQfyE80UrAQaOlSObI0ewjPOCB11G
[2026-01-20 21:20:02,285] ERROR: Unexpected status 403 for https://api.hh.ru/vacancies/128435069: {"errors":[{"value":"captcha_required","captcha_url":"https://hh.ru/account/captcha?state=pxvcxBozfu7ry7R4QCetFmUA3SFZr_Pa4yXPQEusAiQIVW2lajVtNll6OObEQw_9kbOPkbKbHHm7t-XIJMQfyP8s1ev5PT8tcld6rhOomqOsl0
[2026-01-20 21:20:02,301] ERROR: Unexpected status 403 for https://api.hh.ru/vacancies/129019053: {"errors":[{"value":"captcha_required","captcha_url":"https://hh.ru/account/captcha?state=pxvcxBozfu7ry7R4QCetFmUA3SFZr_Pa4yXPQEusAiQIVW2lajVtNll6OObEQw_9kbOPkbKbHHm7t-XIJMQfyCSvXsVKMTp5EITQhuMZDmWh6k
[2026-01-20 21:20:02,302] ERROR: Unexpected status 403 for https://api.hh.ru/vacancies/129540494: {"errors":[{"value":"captcha_required","captcha_url":"https://hh.ru/account/captcha?state=pxvcxBozfu7ry7R4QCetFmUA3SFZr_Pa4yXPQEusAiQIVW2lajVtNll6OObEQw_9kbOPkbKbHHm7t-XIJMQfyJsCPbygc4Wspk2kjLYRLERxBa
[2026-01-20 21:20:02,319] ERROR: Unexpected status 403 for https://api.hh.ru/vacancies/129171846: {"errors":[{"value":"captcha_required","captcha_url":"https://hh.ru/account/captcha?state=pxvcxBozfu7ry7R4QCetFmUA3SFZr_Pa4yXPQEusAiQIVW2lajVtNll6OObEQw_9kbOPkbKbHHm7t-XIJMQfyNeQzEjZxSFLyLzEnmPyqoib_M
[2026-01-20 21:20:02,327] ERROR: Unexpected status 403 for https://api.hh.ru/vacancies/129483915: {"errors":[{"value":"captcha_required","captcha_url":"https://hh.ru/account/captcha?state=pxvcxBozfu7ry7R4QCetFmUA3SFZr_Pa4yXPQEusAiQIVW2lajVtNll6OObEQw_9kbOPkbKbHHm7t-XIJMQfyIi25i--PBK80hssCiMdHpnHfs
[2026-01-20 21:20:02,328] ERROR: Unexpected status 403 for https://api.hh.ru/vacancies/129625721: {"errors":[{"value":"captcha_required","captcha_url":"https://hh.ru/account/captcha?state=pxvcxBozfu7ry7R4QCetFmUA3SFZr_Pa4yXPQEusAiQIVW2lajVtNll6OObEQw_9kbOPkbKbHHm7t-XIJMQfyElEG0lEFmkgaAXtQmIrsf1hGF
[2026-01-20 21:20:02,362] ERROR: Unexpected status 403 for https://api.hh.ru/vacancies/127098299: {"errors":[{"value":"captcha_required","captcha_url":"https://hh.ru/account/captcha?state=pxvcxBozfu7ry7R4QCetFmUA3SFZr_Pa4yXPQEusAiQIVW2lajVtNll6OObEQw_9kbOPkbKbHHm7t-XIJMQfyKVSvfpeDdi8-YPaXqH3XMwcy7
[2026-01-20 21:20:02,368] ERROR: Unexpected status 403 for https://api.hh.ru/vacancies/128970061: {"errors":[{"value":"captcha_required","captcha_url":"https://hh.ru/account/captcha?state=pxvcxBozfu7ry7R4QCetFmUA3SFZr_Pa4yXPQEusAiQIVW2lajVtNll6OObEQw_9kbOPkbKbHHm7t-XIJMQfyL3vc2O_Fbbw09TeSP6xL8v1XB
[2026-01-20 21:20:02,368] ERROR: Unexpected status 403 for https://api.hh.ru/vacancies/129395023: {"errors":[{"value":"captcha_required","captcha_url":"https://hh.ru/account/captcha?state=pxvcxBozfu7ry7R4QCetFmUA3SFZr_Pa4yXPQEusAiQIVW2lajVtNll6OObEQw_9kbOPkbKbHHm7t-XIJMQfyIsgfunQPdynHZgVBlJLROAvfr
[2026-01-20 21:20:02,369] ERROR: Unexpected status 403 for https://api.hh.ru/vacancies/129307491: {"errors":[{"value":"captcha_required","captcha_url":"https://hh.ru/account/captcha?state=pxvcxBozfu7ry7R4QCetFmUA3SFZr_Pa4yXPQEusAiQIVW2lajVtNll6OObEQw_9kbOPkbKbHHm7t-XIJMQfyFGFvsUuqfiAb7gnhKZ20qV9cP
[2026-01-20 21:20:02,375] ERROR: Unexpected status 403 for https://api.hh.ru/vacancies/128488903: {"errors":[{"value":"captcha_required","captcha_url":"https://hh.ru/account/captcha?state=pxvcxBozfu7ry7R4QCetFmUA3SFZr_Pa4yXPQEusAiQIVW2lajVtNll6OObEQw_9kbOPkbKbHHm7t-XIJMQfyEenVDixf0YkEYFTXlnniNHgfP
[2026-01-20 21:20:02,405] ERROR: Unexpected status 403 for https://api.hh.ru/vacancies/129638497: {"errors":[{"value":"captcha_required","captcha_url":"https://hh.ru/account/captcha?state=pxvcxBozfu7ry7R4QCetFmUA3SFZr_Pa4yXPQEusAiQIVW2lajVtNll6OObEQw_9kbOPkbKbHHm7t-XIJMQfyASTg3bCsQqcaM9ij0ApIyud2c
[2026-01-20 21:20:02,422] ERROR: Unexpected status 403 for https://api.hh.ru/vacancies/128671354: {"errors":[{"value":"captcha_required","captcha_url":"https://hh.ru/account/captcha?state=pxvcxBozfu7ry7R4QCetFmUA3SFZr_Pa4yXPQEusAiQIVW2lajVtNll6OObEQw_9kbOPkbKbHHm7t-XIJMQfyCvpcIN-nJ97hkof0UVGS-WgFW
[2026-01-20 21:20:02,425] ERROR: Unexpected status 403 for https://api.hh.ru/vacancies/129520327: {"errors":[{"value":"captcha_required","captcha_url":"https://hh.ru/account/captcha?state=pxvcxBozfu7ry7R4QCetFmUA3SFZr_Pa4yXPQEusAiQIVW2lajVtNll6OObEQw_9kbOPkbKbHHm7t-XIJMQfyOBwxbF0pHtfTmWFuaJ1m-2G0x
[2026-01-20 21:20:02,440] ERROR: Unexpected status 403 for https://api.hh.ru/vacancies/128700724: {"errors":[{"value":"captcha_required","captcha_url":"https://hh.ru/account/captcha?state=pxvcxBozfu7ry7R4QCetFmUA3SFZr_Pa4yXPQEusAiQIVW2lajVtNll6OObEQw_9kbOPkbKbHHm7t-XIJMQfyGLJ4-7Wm8lHAlh7u6AN1MSayL
[2026-01-20 21:20:02,442] ERROR: Unexpected status 403 for https://api.hh.ru/vacancies/129614789: {"errors":[{"value":"captcha_required","captcha_url":"https://hh.ru/account/captcha?state=pxvcxBozfu7ry7R4QCetFmUA3SFZr_Pa4yXPQEusAiQIVW2lajVtNll6OObEQw_9kbOPkbKbHHm7t-XIJMQfyGd2TZCWIgUDDMR2RbDMGLC6R3
[2026-01-20 21:20:02,444] ERROR: Unexpected status 403 for https://api.hh.ru/vacancies/127550340: {"errors":[{"value":"captcha_required","captcha_url":"https://hh.ru/account/captcha?state=pxvcxBozfu7ry7R4QCetFmUA3SFZr_Pa4yXPQEusAiQIVW2lajVtNll6OObEQw_9kbOPkbKbHHm7t-XIJMQfyEH9pzMLgJNQEHSgzwb4HOSYgN
[2026-01-20 21:20:02,455] ERROR: Unexpected status 403 for https://api.hh.ru/vacancies/129044088: {"errors":[{"value":"captcha_required","captcha_url":"https://hh.ru/account/captcha?state=pxvcxBozfu7ry7R4QCetFmUA3SFZr_Pa4yXPQEusAiQIVW2lajVtNll6OObEQw_9kbOPkbKbHHm7t-XIJMQfyFf8gXVJl3gP5FoYTOGJYeg0hH
[2026-01-20 21:20:02,457] ERROR: Unexpected status 403 for https://api.hh.ru/vacancies/129553685: {"errors":[{"value":"captcha_required","captcha_url":"https://hh.ru/account/captcha?state=pxvcxBozfu7ry7R4QCetFmUA3SFZr_Pa4yXPQEusAiQIVW2lajVtNll6OObEQw_9kbOPkbKbHHm7t-XIJMQfyM8Pp_566qDkM4tqiiQVJPGi07
[2026-01-20 21:20:02,488] ERROR: Unexpected status 403 for https://api.hh.ru/vacancies: {"errors":[{"value":"captcha_required","captcha_url":"https://hh.ru/account/captcha?state=pxvcxBozfu7ry7R4QCetFqDzUL2cbK2LGYV-JLOJ644HLrHr0DH6jezFpCb5WIoORh7fkpHCxj4F6mHfOvxRDOTUj5YWoNsSABNW2V-3u3Y%3D
[2026-01-20 21:20:02,488] INFO: Worker 4 finished area Алексеевское; total collected 119
[2026-01-20 21:20:02,488] INFO: Worker 4 scanning area Апазово (7259)
[2026-01-20 21:20:02,489] ERROR: Unexpected status 403 for https://api.hh.ru/vacancies/129634146: {"errors":[{"value":"captcha_required","captcha_url":"https://hh.ru/account/captcha?state=pxvcxBozfu7ry7R4QCetFmUA3SFZr_Pa4yXPQEusAiQIVW2lajVtNll6OObEQw_9kbOPkbKbHHm7t-XIJMQfyF5I1kq6ZQkMovqWbQPcrVDtCG
[2026-01-20 21:20:02,500] ERROR: Unexpected status 403 for https://api.hh.ru/vacancies/127793048: {"errors":[{"value":"captcha_required","captcha_url":"https://hh.ru/account/captcha?state=pxvcxBozfu7ry7R4QCetFmUA3SFZr_Pa4yXPQEusAiQIVW2lajVtNll6OObEQw_9kbOPkbKbHHm7t-XIJMQfyFYpKQNj_yCYg0RPADQUw8PiDZ
[2026-01-20 21:20:02,537] ERROR: Unexpected status 403 for https://api.hh.ru/vacancies/128909239: {"errors":[{"value":"captcha_required","captcha_url":"https://hh.ru/account/captcha?state=pxvcxBozfu7ry7R4QCetFmUA3SFZr_Pa4yXPQEusAiQIVW2lajVtNll6OObEQw_9kbOPkbKbHHm7t-XIJMQfyJmVX2xtWalcKJUtMuRplNHe0V
[2026-01-20 21:20:02,558] ERROR: Unexpected status 403 for https://api.hh.ru/vacancies/129614788: {"errors":[{"value":"captcha_required","captcha_url":"https://hh.ru/account/captcha?state=pxvcxBozfu7ry7R4QCetFmUA3SFZr_Pa4yXPQEusAiQIVW2lajVtNll6OObEQw_9kbOPkbKbHHm7t-XIJMQfyBz7-usZ8Z6Vc0FNWfu2ZgSg4k
[2026-01-20 21:20:02,560] ERROR: Unexpected status 403 for https://api.hh.ru/vacancies/128498636: {"errors":[{"value":"captcha_required","captcha_url":"https://hh.ru/account/captcha?state=pxvcxBozfu7ry7R4QCetFmUA3SFZr_Pa4yXPQEusAiQIVW2lajVtNll6OObEQw_9kbOPkbKbHHm7t-XIJMQfyAQq4cSRBHH8-rexkW6RiIrtFa
[2026-01-20 21:20:02,580] ERROR: Unexpected status 403 for https://api.hh.ru/vacancies/128774032: {"errors":[{"value":"captcha_required","captcha_url":"https://hh.ru/account/captcha?state=pxvcxBozfu7ry7R4QCetFmUA3SFZr_Pa4yXPQEusAiQIVW2lajVtNll6OObEQw_9kbOPkbKbHHm7t-XIJMQfyLMhGHH-vf-ExKU2PvA1FTDdlB
[2026-01-20 21:20:02,588] ERROR: Unexpected status 403 for https://api.hh.ru/vacancies/127704600: {"errors":[{"value":"captcha_required","captcha_url":"https://hh.ru/account/captcha?state=pxvcxBozfu7ry7R4QCetFmUA3SFZr_Pa4yXPQEusAiQIVW2lajVtNll6OObEQw_9kbOPkbKbHHm7t-XIJMQfyDtFUXc52DAgMaJys7PzCmwxH5
[2026-01-20 21:20:02,596] ERROR: Unexpected status 403 for https://api.hh.ru/vacancies/129240274: {"errors":[{"value":"captcha_required","captcha_url":"https://hh.ru/account/captcha?state=pxvcxBozfu7ry7R4QCetFmUA3SFZr_Pa4yXPQEusAiQIVW2lajVtNll6OObEQw_9kbOPkbKbHHm7t-XIJMQfyKGgLmQEON4DjwdR_aSjHCWmFm
[2026-01-20 21:20:02,609] ERROR: Unexpected status 403 for https://api.hh.ru/vacancies/129078131: {"errors":[{"value":"captcha_required","captcha_url":"https://hh.ru/account/captcha?state=pxvcxBozfu7ry7R4QCetFmUA3SFZr_Pa4yXPQEusAiQIVW2lajVtNll6OObEQw_9kbOPkbKbHHm7t-XIJMQfyOmzE0y4B_Nro29T2BJWJwYyGK
[2026-01-20 21:20:02,637] ERROR: Unexpected status 403 for https://api.hh.ru/vacancies/129395015: {"errors":[{"value":"captcha_required","captcha_url":"https://hh.ru/account/captcha?state=pxvcxBozfu7ry7R4QCetFmUA3SFZr_Pa4yXPQEusAiQIVW2lajVtNll6OObEQw_9kbOPkbKbHHm7t-XIJMQfyCaGCId5B2mpr2TNQm4GIRlhKR
[2026-01-20 21:20:02,645] ERROR: Unexpected status 403 for https://api.hh.ru/vacancies: {"errors":[{"value":"captcha_required","captcha_url":"https://hh.ru/account/captcha?state=pxvcxBozfu7ry7R4QCetFqDzUL2cbK2LGYV-JLOJ644HLrHr0DH6jezFpCb5WIoORh7fkpHCxj4F6mHfOvxRDI9IfPCPCXx1mvek-iwRoEQ%3D
[2026-01-20 21:20:02,645] INFO: Worker 7 finished area Актюбинский; total collected 119
[2026-01-20 21:20:02,645] INFO: Worker 7 scanning area Апастово (2727)
[2026-01-20 21:20:02,662] ERROR: Unexpected status 403 for https://api.hh.ru/vacancies/129373723: {"errors":[{"value":"captcha_required","captcha_url":"https://hh.ru/account/captcha?state=pxvcxBozfu7ry7R4QCetFmUA3SFZr_Pa4yXPQEusAiQIVW2lajVtNll6OObEQw_9kbOPkbKbHHm7t-XIJMQfyInyuilH7OwnDX9i_ub6vCOYmP
[2026-01-20 21:20:02,663] ERROR: Unexpected status 403 for https://api.hh.ru/vacancies/128685798: {"errors":[{"value":"captcha_required","captcha_url":"https://hh.ru/account/captcha?state=pxvcxBozfu7ry7R4QCetFmUA3SFZr_Pa4yXPQEusAiQIVW2lajVtNll6OObEQw_9kbOPkbKbHHm7t-XIJMQfyPykjK3hu_PqL8e7ra1P__710i
[2026-01-20 21:20:02,696] ERROR: Unexpected status 403 for https://api.hh.ru/vacancies/129500847: {"errors":[{"value":"captcha_required","captcha_url":"https://hh.ru/account/captcha?state=pxvcxBozfu7ry7R4QCetFmUA3SFZr_Pa4yXPQEusAiQIVW2lajVtNll6OObEQw_9kbOPkbKbHHm7t-XIJMQfyFsG4EOnMlph4-qq2PlU8xl8VB
[2026-01-20 21:20:02,696] INFO: Worker 3 finished area Аксубаево; total collected 119
[2026-01-20 21:20:02,696] INFO: Worker 3 scanning area Арск (1628)
[2026-01-20 21:20:02,705] ERROR: Unexpected status 403 for https://api.hh.ru/vacancies/129073338: {"errors":[{"value":"captcha_required","captcha_url":"https://hh.ru/account/captcha?state=pxvcxBozfu7ry7R4QCetFmUA3SFZr_Pa4yXPQEusAiQIVW2lajVtNll6OObEQw_9kbOPkbKbHHm7t-XIJMQfyNGnwCTnT333DbUWZ_wLqXI1mo
[2026-01-20 21:20:02,729] ERROR: Unexpected status 403 for https://api.hh.ru/vacancies: {"errors":[{"value":"captcha_required","captcha_url":"https://hh.ru/account/captcha?state=pxvcxBozfu7ry7R4QCetFqDzUL2cbK2LGYV-JLOJ644HLrHr0DH6jezFpCb5WIoORh7fkpHCxj4F6mHfOvxRDKgzdhpX-9SgERAUT4YTxGM%3D
[2026-01-20 21:20:02,733] INFO: Worker 0 finished area Россия; total collected 119
[2026-01-20 21:20:02,733] INFO: Worker 0 scanning area Асеево (7026)
[2026-01-20 21:20:02,790] ERROR: Unexpected status 403 for https://api.hh.ru/vacancies: {"errors":[{"value":"captcha_required","captcha_url":"https://hh.ru/account/captcha?state=pxvcxBozfu7ry7R4QCetFqDzUL2cbK2LGYV-JLOJ644HLrHr0DH6jezFpCb5WIoORh7fkpHCxj4F6mHfOvxRDEQEupvlCZqf3wZcP-SXaXg%3D
[2026-01-20 21:20:02,790] INFO: Worker 4 finished area Апазово; total collected 119
[2026-01-20 21:20:02,790] INFO: Worker 4 scanning area Атабаево (7006)
[2026-01-20 21:20:02,815] ERROR: Unexpected status 403 for https://api.hh.ru/vacancies: {"errors":[{"value":"captcha_required","captcha_url":"https://hh.ru/account/captcha?state=pxvcxBozfu7ry7R4QCetFqDzUL2cbK2LGYV-JLOJ644HLrHr0DH6jezFpCb5WIoORh7fkpHCxj4F6mHfOvxRDMmfJJB6jxl8U5bqr3AknY4%3D
[2026-01-20 21:20:02,815] INFO: Worker 2 finished area Альметьевск; total collected 119
[2026-01-20 21:20:02,815] INFO: Worker 2 scanning area Аю (7071)
[2026-01-20 21:20:02,823] ERROR: Unexpected status 403 for https://api.hh.ru/vacancies/128970219: {"errors":[{"value":"captcha_required","captcha_url":"https://hh.ru/account/captcha?state=pxvcxBozfu7ry7R4QCetFmUA3SFZr_Pa4yXPQEusAiQIVW2lajVtNll6OObEQw_9kbOPkbKbHHm7t-XIJMQfyD830nJ4qgUG1xWplmjE-rW2lC
[2026-01-20 21:20:02,823] INFO: Worker 5 finished area Айша; total collected 119
[2026-01-20 21:20:02,823] INFO: Worker 5 scanning area Бавлы (1629)
[2026-01-20 21:20:02,904] ERROR: Unexpected status 403 for https://api.hh.ru/vacancies/129347479: {"errors":[{"value":"captcha_required","captcha_url":"https://hh.ru/account/captcha?state=pxvcxBozfu7ry7R4QCetFmUA3SFZr_Pa4yXPQEusAiQIVW2lajVtNll6OObEQw_9kbOPkbKbHHm7t-XIJMQfyIlDYMwyclMQn9mZ3BOzw_0FXu
[2026-01-20 21:20:02,946] ERROR: Unexpected status 403 for https://api.hh.ru/vacancies/129433967: {"errors":[{"value":"captcha_required","captcha_url":"https://hh.ru/account/captcha?state=pxvcxBozfu7ry7R4QCetFmUA3SFZr_Pa4yXPQEusAiQIVW2lajVtNll6OObEQw_9kbOPkbKbHHm7t-XIJMQfyCpFzSxDrJzmgs8wQ3nqRd4m9M
[2026-01-20 21:20:03,052] ERROR: Unexpected status 403 for https://api.hh.ru/vacancies: {"errors":[{"value":"captcha_required","captcha_url":"https://hh.ru/account/captcha?state=pxvcxBozfu7ry7R4QCetFqDzUL2cbK2LGYV-JLOJ644HLrHr0DH6jezFpCb5WIoORh7fkpHCxj4F6mHfOvxRDKVWFriFLOkQEPKjDNJcvag%3D
[2026-01-20 21:20:03,053] INFO: Worker 0 finished area Асеево; total collected 119
[2026-01-20 21:20:03,053] INFO: Worker 0 scanning area Базарные Матаки (4170)
[2026-01-20 21:20:03,064] ERROR: Unexpected status 403 for https://api.hh.ru/vacancies/129518576: {"errors":[{"value":"captcha_required","captcha_url":"https://hh.ru/account/captcha?state=pxvcxBozfu7ry7R4QCetFmUA3SFZr_Pa4yXPQEusAiQIVW2lajVtNll6OObEQw_9kbOPkbKbHHm7t-XIJMQfyByA_Fj9gCjVNJdGrmrBrVnAbq
[2026-01-20 21:20:03,081] ERROR: Unexpected status 403 for https://api.hh.ru/vacancies: {"errors":[{"value":"captcha_required","captcha_url":"https://hh.ru/account/captcha?state=pxvcxBozfu7ry7R4QCetFqDzUL2cbK2LGYV-JLOJ644HLrHr0DH6jezFpCb5WIoORh7fkpHCxj4F6mHfOvxRDAg33918l64JbaDKm_6W4QU%3D
[2026-01-20 21:20:03,081] INFO: Worker 7 finished area Апастово; total collected 119
[2026-01-20 21:20:03,081] INFO: Worker 7 scanning area Байряка (7222)
[2026-01-20 21:20:03,113] ERROR: Unexpected status 403 for https://api.hh.ru/vacancies: {"errors":[{"value":"captcha_required","captcha_url":"https://hh.ru/account/captcha?state=pxvcxBozfu7ry7R4QCetFqDzUL2cbK2LGYV-JLOJ644HLrHr0DH6jezFpCb5WIoORh7fkpHCxj4F6mHfOvxRDJbnZPnpFJjclNOz-ZAWcUE%3D
[2026-01-20 21:20:03,145] ERROR: Unexpected status 403 for https://api.hh.ru/vacancies: {"errors":[{"value":"captcha_required","captcha_url":"https://hh.ru/account/captcha?state=pxvcxBozfu7ry7R4QCetFqDzUL2cbK2LGYV-JLOJ644HLrHr0DH6jezFpCb5WIoORh7fkpHCxj4F6mHfOvxRDGZ39HAXAH9_5MG7-sp2iX8%3D
[2026-01-20 21:20:03,145] INFO: Worker 2 finished area Аю; total collected 119
[2026-01-20 21:20:03,145] INFO: Worker 2 scanning area Балтаси (2449)
[2026-01-20 21:20:03,198] ERROR: Unexpected status 403 for https://api.hh.ru/vacancies: {"errors":[{"value":"captcha_required","captcha_url":"https://hh.ru/account/captcha?state=pxvcxBozfu7ry7R4QCetFqDzUL2cbK2LGYV-JLOJ644HLrHr0DH6jezFpCb5WIoORh7fkpHCxj4F6mHfOvxRDNyxdzNqg9AMhRYHqVUrOjQ%3D
[2026-01-20 21:20:03,198] INFO: Worker 4 finished area Атабаево; total collected 119
[2026-01-20 21:20:03,199] INFO: Worker 4 scanning area Бетьки (4171)
[2026-01-20 21:20:03,282] ERROR: Unexpected status 403 for https://api.hh.ru/vacancies: {"errors":[{"value":"captcha_required","captcha_url":"https://hh.ru/account/captcha?state=pxvcxBozfu7ry7R4QCetFqDzUL2cbK2LGYV-JLOJ644HLrHr0DH6jezFpCb5WIoORh7fkpHCxj4F6mHfOvxRDGBBwruKd8ZLRlngH1bpIu0%3D
[2026-01-20 21:20:03,282] INFO: Worker 5 finished area Бавлы; total collected 119
[2026-01-20 21:20:03,282] INFO: Worker 5 scanning area Биклянь (7174)
[2026-01-20 21:20:03,352] ERROR: Unexpected status 403 for https://api.hh.ru/vacancies: {"errors":[{"value":"captcha_required","captcha_url":"https://hh.ru/account/captcha?state=pxvcxBozfu7ry7R4QCetFqDzUL2cbK2LGYV-JLOJ644HLrHr0DH6jezFpCb5WIoORh7fkpHCxj4F6mHfOvxRDI5KXonGk0J7BsWVAD1VMY4%3D
[2026-01-20 21:20:03,352] INFO: Worker 7 finished area Байряка; total collected 119
[2026-01-20 21:20:03,353] INFO: Worker 7 scanning area Биляр-Озеро (7253)
[2026-01-20 21:20:03,462] ERROR: Unexpected status 403 for https://api.hh.ru/vacancies: {"errors":[{"value":"captcha_required","captcha_url":"https://hh.ru/account/captcha?state=pxvcxBozfu7ry7R4QCetFqDzUL2cbK2LGYV-JLOJ644HLrHr0DH6jezFpCb5WIoORh7fkpHCxj4F6mHfOvxRDDBo90ZHVq41MHdbuOEiUMw%3D
[2026-01-20 21:20:03,462] INFO: Worker 3 finished area Арск; total collected 119
[2026-01-20 21:20:03,462] INFO: Worker 3 scanning area Билярск (7063)
[2026-01-20 21:20:03,472] ERROR: Unexpected status 403 for https://api.hh.ru/vacancies: {"errors":[{"value":"captcha_required","captcha_url":"https://hh.ru/account/captcha?state=pxvcxBozfu7ry7R4QCetFqDzUL2cbK2LGYV-JLOJ644HLrHr0DH6jezFpCb5WIoORh7fkpHCxj4F6mHfOvxRDP4oxn3S94P6BppSXWNxNSs%3D
[2026-01-20 21:20:03,514] ERROR: Unexpected status 403 for https://api.hh.ru/vacancies: {"errors":[{"value":"captcha_required","captcha_url":"https://hh.ru/account/captcha?state=pxvcxBozfu7ry7R4QCetFqDzUL2cbK2LGYV-JLOJ644HLrHr0DH6jezFpCb5WIoORh7fkpHCxj4F6mHfOvxRDJtEuetZk9ZFQ9pN7dPsw-4%3D
[2026-01-20 21:20:03,514] INFO: Worker 4 finished area Бетьки; total collected 119
[2026-01-20 21:20:03,514] INFO: Worker 4 scanning area Богатые Сабы (4172)
[2026-01-20 21:20:03,520] ERROR: Unexpected status 403 for https://api.hh.ru/vacancies: {"errors":[{"value":"captcha_required","captcha_url":"https://hh.ru/account/captcha?state=pxvcxBozfu7ry7R4QCetFqDzUL2cbK2LGYV-JLOJ644HLrHr0DH6jezFpCb5WIoORh7fkpHCxj4F6mHfOvxRDE7XbR9R-YMjNgDPqCPKXfU%3D
[2026-01-20 21:20:03,520] INFO: Worker 2 finished area Балтаси; total collected 119
[2026-01-20 21:20:03,520] INFO: Worker 2 scanning area Болгар (1630)
[2026-01-20 21:20:03,564] ERROR: Unexpected status 403 for https://api.hh.ru/vacancies: {"errors":[{"value":"captcha_required","captcha_url":"https://hh.ru/account/captcha?state=pxvcxBozfu7ry7R4QCetFqDzUL2cbK2LGYV-JLOJ644HLrHr0DH6jezFpCb5WIoORh7fkpHCxj4F6mHfOvxRDM_9PnCCdT9thbq8UFXSrfY%3D
[2026-01-20 21:20:03,564] INFO: Worker 5 finished area Биклянь; total collected 119
[2026-01-20 21:20:03,564] INFO: Worker 5 scanning area Большая Атня (4173)
[2026-01-20 21:20:03,643] ERROR: Unexpected status 403 for https://api.hh.ru/vacancies: {"errors":[{"value":"captcha_required","captcha_url":"https://hh.ru/account/captcha?state=pxvcxBozfu7ry7R4QCetFqDzUL2cbK2LGYV-JLOJ644HLrHr0DH6jezFpCb5WIoORh7fkpHCxj4F6mHfOvxRDAemAIhBs3x_JUAafZ0SbpM%3D
[2026-01-20 21:20:03,676] ERROR: Unexpected status 403 for https://api.hh.ru/vacancies: {"errors":[{"value":"captcha_required","captcha_url":"https://hh.ru/account/captcha?state=pxvcxBozfu7ry7R4QCetFqDzUL2cbK2LGYV-JLOJ644HLrHr0DH6jezFpCb5WIoORh7fkpHCxj4F6mHfOvxRDAJhmc6fsZgjKOVydLTk8QY%3D
[2026-01-20 21:20:03,676] INFO: Worker 7 finished area Биляр-Озеро; total collected 119
[2026-01-20 21:20:03,677] INFO: Worker 7 scanning area Большая Турма (7031)
[2026-01-20 21:20:03,838] ERROR: Unexpected status 403 for https://api.hh.ru/vacancies: {"errors":[{"value":"captcha_required","captcha_url":"https://hh.ru/account/captcha?state=pxvcxBozfu7ry7R4QCetFqDzUL2cbK2LGYV-JLOJ644HLrHr0DH6jezFpCb5WIoORh7fkpHCxj4F6mHfOvxRDGePMuqL2qLGTOoPAU709ZI%3D
[2026-01-20 21:20:03,838] INFO: Worker 3 finished area Билярск; total collected 119
[2026-01-20 21:20:03,838] INFO: Worker 3 scanning area Большие Кабаны (11932)
[2026-01-20 21:20:03,871] ERROR: Unexpected status 403 for https://api.hh.ru/vacancies: {"errors":[{"value":"captcha_required","captcha_url":"https://hh.ru/account/captcha?state=pxvcxBozfu7ry7R4QCetFqDzUL2cbK2LGYV-JLOJ644HLrHr0DH6jezFpCb5WIoORh7fkpHCxj4F6mHfOvxRDPhllMJHpxchhPN4K4z3Wvc%3D
[2026-01-20 21:20:03,896] ERROR: Unexpected status 403 for https://api.hh.ru/vacancies: {"errors":[{"value":"captcha_required","captcha_url":"https://hh.ru/account/captcha?state=pxvcxBozfu7ry7R4QCetFqDzUL2cbK2LGYV-JLOJ644HLrHr0DH6jezFpCb5WIoORh7fkpHCxj4F6mHfOvxRDBEvaL1xTgMsQ1ngnue5tKQ%3D
[2026-01-20 21:20:03,896] INFO: Worker 5 finished area Большая Атня; total collected 119
[2026-01-20 21:20:03,896] INFO: Worker 5 scanning area Большие Кайбицы (4174)
[2026-01-20 21:20:03,943] ERROR: Unexpected status 403 for https://api.hh.ru/vacancies: {"errors":[{"value":"captcha_required","captcha_url":"https://hh.ru/account/captcha?state=pxvcxBozfu7ry7R4QCetFqDzUL2cbK2LGYV-JLOJ644HLrHr0DH6jezFpCb5WIoORh7fkpHCxj4F6mHfOvxRDFltS09hA5S77EiXRnVP_Wc%3D
[2026-01-20 21:20:03,944] INFO: Worker 4 finished area Богатые Сабы; total collected 119
[2026-01-20 21:20:03,944] INFO: Worker 4 scanning area Большие Ключи (7007)
[2026-01-20 21:20:03,996] ERROR: Unexpected status 403 for https://api.hh.ru/vacancies: {"errors":[{"value":"captcha_required","captcha_url":"https://hh.ru/account/captcha?state=pxvcxBozfu7ry7R4QCetFqDzUL2cbK2LGYV-JLOJ644HLrHr0DH6jezFpCb5WIoORh7fkpHCxj4F6mHfOvxRDFHSNLJdKSG8WOf1J8A7sYY%3D
[2026-01-20 21:20:03,996] INFO: Worker 7 finished area Большая Турма; total collected 119
[2026-01-20 21:20:03,996] INFO: Worker 7 scanning area Большие Тарханы (6463)
[2026-01-20 21:20:04,203] ERROR: Unexpected status 403 for https://api.hh.ru/vacancies: {"errors":[{"value":"captcha_required","captcha_url":"https://hh.ru/account/captcha?state=pxvcxBozfu7ry7R4QCetFqDzUL2cbK2LGYV-JLOJ644HLrHr0DH6jezFpCb5WIoORh7fkpHCxj4F6mHfOvxRDM2jag1TpsNXci6-T8XPE1I%3D
[2026-01-20 21:20:04,203] INFO: Worker 2 finished area Болгар; total collected 119
[2026-01-20 21:20:04,203] INFO: Worker 2 scanning area Большое Афанасово (7090)
[2026-01-20 21:20:04,209] ERROR: Unexpected status 403 for https://api.hh.ru/vacancies: {"errors":[{"value":"captcha_required","captcha_url":"https://hh.ru/account/captcha?state=pxvcxBozfu7ry7R4QCetFqDzUL2cbK2LGYV-JLOJ644HLrHr0DH6jezFpCb5WIoORh7fkpHCxj4F6mHfOvxRDCJ3jGHhKO73q-x79SlLO88%3D
[2026-01-20 21:20:04,209] INFO: Worker 0 finished area Базарные Матаки; total collected 119
[2026-01-20 21:20:04,209] INFO: Worker 0 scanning area Большое Нуркеево (7036)
[2026-01-20 21:20:04,222] ERROR: Unexpected status 403 for https://api.hh.ru/vacancies: {"errors":[{"value":"captcha_required","captcha_url":"https://hh.ru/account/captcha?state=pxvcxBozfu7ry7R4QCetFqDzUL2cbK2LGYV-JLOJ644HLrHr0DH6jezFpCb5WIoORh7fkpHCxj4F6mHfOvxRDMwDHBb9fYjO5UOcGqB0u4s%3D
[2026-01-20 21:20:04,223] INFO: Worker 3 finished area Большие Кабаны; total collected 119
[2026-01-20 21:20:04,223] INFO: Worker 3 scanning area Большое Подберезье (7061)
[2026-01-20 21:20:04,232] ERROR: Unexpected status 403 for https://api.hh.ru/vacancies: {"errors":[{"value":"captcha_required","captcha_url":"https://hh.ru/account/captcha?state=pxvcxBozfu7ry7R4QCetFqDzUL2cbK2LGYV-JLOJ644HLrHr0DH6jezFpCb5WIoORh7fkpHCxj4F6mHfOvxRDDpKSO0BTNSgx4n-Pk147bc%3D
[2026-01-20 21:20:04,232] INFO: Worker 4 finished area Большие Ключи; total collected 119
[2026-01-20 21:20:04,232] INFO: Worker 4 scanning area Большое Шемякино (7182)
[2026-01-20 21:20:04,279] ERROR: Unexpected status 403 for https://api.hh.ru/vacancies: {"errors":[{"value":"captcha_required","captcha_url":"https://hh.ru/account/captcha?state=pxvcxBozfu7ry7R4QCetFqDzUL2cbK2LGYV-JLOJ644HLrHr0DH6jezFpCb5WIoORh7fkpHCxj4F6mHfOvxRDOR6CVUzDfAqir6mWPQXBJQ%3D
[2026-01-20 21:20:04,279] INFO: Worker 7 finished area Большие Тарханы; total collected 119
[2026-01-20 21:20:04,279] INFO: Worker 7 scanning area Большой Сухояш (7054)
[2026-01-20 21:20:04,310] ERROR: Unexpected status 403 for https://api.hh.ru/vacancies: {"errors":[{"value":"captcha_required","captcha_url":"https://hh.ru/account/captcha?state=pxvcxBozfu7ry7R4QCetFqDzUL2cbK2LGYV-JLOJ644HLrHr0DH6jezFpCb5WIoORh7fkpHCxj4F6mHfOvxRDFv_VWU93CzebgcyG9ASpY0%3D
[2026-01-20 21:20:04,319] ERROR: Unexpected status 403 for https://api.hh.ru/vacancies: {"errors":[{"value":"captcha_required","captcha_url":"https://hh.ru/account/captcha?state=pxvcxBozfu7ry7R4QCetFqDzUL2cbK2LGYV-JLOJ644HLrHr0DH6jezFpCb5WIoORh7fkpHCxj4F6mHfOvxRDPIoF0hWcPPScML_oQY_las%3D
[2026-01-20 21:20:04,319] INFO: Worker 5 finished area Большие Кайбицы; total collected 119
[2026-01-20 21:20:04,319] INFO: Worker 5 scanning area Большой Чекмак (7138)
[2026-01-20 21:20:04,508] ERROR: Unexpected status 403 for https://api.hh.ru/vacancies: {"errors":[{"value":"captcha_required","captcha_url":"https://hh.ru/account/captcha?state=pxvcxBozfu7ry7R4QCetFqDzUL2cbK2LGYV-JLOJ644HLrHr0DH6jezFpCb5WIoORh7fkpHCxj4F6mHfOvxRDIW7wCwEaXSi83Eb2LTmpZc%3D
[2026-01-20 21:20:04,534] ERROR: Unexpected status 403 for https://api.hh.ru/vacancies: {"errors":[{"value":"captcha_required","captcha_url":"https://hh.ru/account/captcha?state=pxvcxBozfu7ry7R4QCetFqDzUL2cbK2LGYV-JLOJ644HLrHr0DH6jezFpCb5WIoORh7fkpHCxj4F6mHfOvxRDLwN6zJ114_gg3r_vFpN0c8%3D
[2026-01-20 21:20:04,534] INFO: Worker 3 finished area Большое Подберезье; total collected 119
[2026-01-20 21:20:04,534] INFO: Worker 3 scanning area Бугульма (1631)
[2026-01-20 21:20:04,541] ERROR: Unexpected status 403 for https://api.hh.ru/vacancies: {"errors":[{"value":"captcha_required","captcha_url":"https://hh.ru/account/captcha?state=pxvcxBozfu7ry7R4QCetFqDzUL2cbK2LGYV-JLOJ644HLrHr0DH6jezFpCb5WIoORh7fkpHCxj4F6mHfOvxRDCWPQaGDK9ZSD2F3qKcTEeI%3D
[2026-01-20 21:20:04,541] INFO: Worker 4 finished area Большое Шемякино; total collected 119
[2026-01-20 21:20:04,541] INFO: Worker 4 scanning area Буинск (1632)
[2026-01-20 21:20:04,594] ERROR: Unexpected status 403 for https://api.hh.ru/vacancies: {"errors":[{"value":"captcha_required","captcha_url":"https://hh.ru/account/captcha?state=pxvcxBozfu7ry7R4QCetFqDzUL2cbK2LGYV-JLOJ644HLrHr0DH6jezFpCb5WIoORh7fkpHCxj4F6mHfOvxRDJ8sPC025EmFjhnaM2JSJO0%3D
[2026-01-20 21:20:04,594] INFO: Worker 2 finished area Большое Афанасово; total collected 119
[2026-01-20 21:20:04,594] INFO: Worker 2 scanning area Бураково (7021)
[2026-01-20 21:20:04,650] ERROR: Unexpected status 403 for https://api.hh.ru/vacancies: {"errors":[{"value":"captcha_required","captcha_url":"https://hh.ru/account/captcha?state=pxvcxBozfu7ry7R4QCetFqDzUL2cbK2LGYV-JLOJ644HLrHr0DH6jezFpCb5WIoORh7fkpHCxj4F6mHfOvxRDF9xlmlZ3HatP6rhjHHlpPA%3D
[2026-01-20 21:20:04,650] INFO: Worker 7 finished area Большой Сухояш; total collected 119
[2026-01-20 21:20:04,650] INFO: Worker 7 scanning area Бухарай (7146)
[2026-01-20 21:20:04,657] ERROR: Unexpected status 403 for https://api.hh.ru/vacancies: {"errors":[{"value":"captcha_required","captcha_url":"https://hh.ru/account/captcha?state=pxvcxBozfu7ry7R4QCetFqDzUL2cbK2LGYV-JLOJ644HLrHr0DH6jezFpCb5WIoORh7fkpHCxj4F6mHfOvxRDBgC51N--E4KGLSjOSjCXGc%3D
[2026-01-20 21:20:04,657] INFO: Worker 0 finished area Большое Нуркеево; total collected 119
[2026-01-20 21:20:04,657] INFO: Worker 0 scanning area Васильево (6433)
[2026-01-20 21:20:04,700] ERROR: Unexpected status 403 for https://api.hh.ru/vacancies: {"errors":[{"value":"captcha_required","captcha_url":"https://hh.ru/account/captcha?state=pxvcxBozfu7ry7R4QCetFqDzUL2cbK2LGYV-JLOJ644HLrHr0DH6jezFpCb5WIoORh7fkpHCxj4F6mHfOvxRDJwj_Y3_DRcqm_jfxD1INPc%3D
[2026-01-20 21:20:04,700] INFO: Worker 5 finished area Большой Чекмак; total collected 119
[2026-01-20 21:20:04,700] INFO: Worker 5 scanning area Верхние Челны (7242)
[2026-01-20 21:20:04,840] ERROR: Unexpected status 403 for https://api.hh.ru/vacancies: {"errors":[{"value":"captcha_required","captcha_url":"https://hh.ru/account/captcha?state=pxvcxBozfu7ry7R4QCetFqDzUL2cbK2LGYV-JLOJ644HLrHr0DH6jezFpCb5WIoORh7fkpHCxj4F6mHfOvxRDJYF6I85BigdjzgGXqkO3No%3D
[2026-01-20 21:20:04,924] ERROR: Unexpected status 403 for https://api.hh.ru/vacancies: {"errors":[{"value":"captcha_required","captcha_url":"https://hh.ru/account/captcha?state=pxvcxBozfu7ry7R4QCetFqDzUL2cbK2LGYV-JLOJ644HLrHr0DH6jezFpCb5WIoORh7fkpHCxj4F6mHfOvxRDFRL_TCQfaffkmWaW9mE84k%3D
[2026-01-20 21:20:04,924] INFO: Worker 4 finished area Буинск; total collected 119
[2026-01-20 21:20:04,924] INFO: Worker 4 scanning area Верхний Такермен (7194)
[2026-01-20 21:20:04,930] ERROR: Unexpected status 403 for https://api.hh.ru/vacancies: {"errors":[{"value":"captcha_required","captcha_url":"https://hh.ru/account/captcha?state=pxvcxBozfu7ry7R4QCetFqDzUL2cbK2LGYV-JLOJ644HLrHr0DH6jezFpCb5WIoORh7fkpHCxj4F6mHfOvxRDBrvNOaf8EE5ibv5MUbjx1M%3D
[2026-01-20 21:20:04,930] INFO: Worker 2 finished area Бураково; total collected 119
[2026-01-20 21:20:04,930] INFO: Worker 2 scanning area Верхний Услон (4175)
[2026-01-20 21:20:04,980] ERROR: Unexpected status 403 for https://api.hh.ru/vacancies: {"errors":[{"value":"captcha_required","captcha_url":"https://hh.ru/account/captcha?state=pxvcxBozfu7ry7R4QCetFqDzUL2cbK2LGYV-JLOJ644HLrHr0DH6jezFpCb5WIoORh7fkpHCxj4F6mHfOvxRDLqqgdPonykvdCgPh8LuDEQ%3D
[2026-01-20 21:20:05,080] ERROR: Unexpected status 403 for https://api.hh.ru/vacancies: {"errors":[{"value":"captcha_required","captcha_url":"https://hh.ru/account/captcha?state=pxvcxBozfu7ry7R4QCetFqDzUL2cbK2LGYV-JLOJ644HLrHr0DH6jezFpCb5WIoORh7fkpHCxj4F6mHfOvxRDCcoJlrxPBNwr0vrSRFMuug%3D
[2026-01-20 21:20:05,080] INFO: Worker 7 finished area Бухарай; total collected 119
[2026-01-20 21:20:05,080] INFO: Worker 7 scanning area Высокая Гора (4176)
[2026-01-20 21:20:05,112] ERROR: Unexpected status 403 for https://api.hh.ru/vacancies: {"errors":[{"value":"captcha_required","captcha_url":"https://hh.ru/account/captcha?state=pxvcxBozfu7ry7R4QCetFqDzUL2cbK2LGYV-JLOJ644HLrHr0DH6jezFpCb5WIoORh7fkpHCxj4F6mHfOvxRDEMROy-ob3CuIX4-feFWntE%3D
[2026-01-20 21:20:05,113] INFO: Worker 5 finished area Верхние Челны; total collected 119
[2026-01-20 21:20:05,113] INFO: Worker 5 scanning area Габишево (7230)
[2026-01-20 21:20:05,222] ERROR: Unexpected status 403 for https://api.hh.ru/vacancies: {"errors":[{"value":"captcha_required","captcha_url":"https://hh.ru/account/captcha?state=pxvcxBozfu7ry7R4QCetFqDzUL2cbK2LGYV-JLOJ644HLrHr0DH6jezFpCb5WIoORh7fkpHCxj4F6mHfOvxRDFN7IpuKUD7XFhky6unzYeM%3D
[2026-01-20 21:20:05,222] INFO: Worker 3 finished area Бугульма; total collected 119
[2026-01-20 21:20:05,222] INFO: Worker 3 scanning area Деушево (7018)
[2026-01-20 21:20:05,319] ERROR: Unexpected status 403 for https://api.hh.ru/vacancies: {"errors":[{"value":"captcha_required","captcha_url":"https://hh.ru/account/captcha?state=pxvcxBozfu7ry7R4QCetFqDzUL2cbK2LGYV-JLOJ644HLrHr0DH6jezFpCb5WIoORh7fkpHCxj4F6mHfOvxRDHgjfs8uVC3TLyxXKhCnKYw%3D
[2026-01-20 21:20:05,319] INFO: Worker 2 finished area Верхний Услон; total collected 119
[2026-01-20 21:20:05,319] INFO: Worker 2 scanning area Джалиль (4177)
[2026-01-20 21:20:05,321] ERROR: Unexpected status 403 for https://api.hh.ru/vacancies: {"errors":[{"value":"captcha_required","captcha_url":"https://hh.ru/account/captcha?state=pxvcxBozfu7ry7R4QCetFqDzUL2cbK2LGYV-JLOJ644HLrHr0DH6jezFpCb5WIoORh7fkpHCxj4F6mHfOvxRDIMHZ4h-tkv_o7HwcyGX950%3D
[2026-01-20 21:20:05,321] INFO: Worker 4 finished area Верхний Такермен; total collected 119
[2026-01-20 21:20:05,321] INFO: Worker 4 scanning area Дубъязы (7125)
[2026-01-20 21:20:05,403] ERROR: Unexpected status 403 for https://api.hh.ru/vacancies: {"errors":[{"value":"captcha_required","captcha_url":"https://hh.ru/account/captcha?state=pxvcxBozfu7ry7R4QCetFqDzUL2cbK2LGYV-JLOJ644HLrHr0DH6jezFpCb5WIoORh7fkpHCxj4F6mHfOvxRDBG93yCkIHfhccuD_8UfyZQ%3D
[2026-01-20 21:20:05,495] ERROR: Unexpected status 403 for https://api.hh.ru/vacancies: {"errors":[{"value":"captcha_required","captcha_url":"https://hh.ru/account/captcha?state=pxvcxBozfu7ry7R4QCetFqDzUL2cbK2LGYV-JLOJ644HLrHr0DH6jezFpCb5WIoORh7fkpHCxj4F6mHfOvxRDN9DQSQBd3p9xnia0xrtzfI%3D
[2026-01-20 21:20:05,495] INFO: Worker 3 finished area Деушево; total collected 119
[2026-01-20 21:20:05,495] INFO: Worker 3 scanning area Елабуга (1633)
[2026-01-20 21:20:05,546] ERROR: Unexpected status 403 for https://api.hh.ru/vacancies: {"errors":[{"value":"captcha_required","captcha_url":"https://hh.ru/account/captcha?state=pxvcxBozfu7ry7R4QCetFqDzUL2cbK2LGYV-JLOJ644HLrHr0DH6jezFpCb5WIoORh7fkpHCxj4F6mHfOvxRDHIgz9zOQP6OHwzTp5FeRhE%3D
[2026-01-20 21:20:05,546] INFO: Worker 5 finished area Габишево; total collected 119
[2026-01-20 21:20:05,546] INFO: Worker 5 scanning area Елантово (7068)
[2026-01-20 21:20:05,563] ERROR: Unexpected status 403 for https://api.hh.ru/vacancies: {"errors":[{"value":"captcha_required","captcha_url":"https://hh.ru/account/captcha?state=pxvcxBozfu7ry7R4QCetFqDzUL2cbK2LGYV-JLOJ644HLrHr0DH6jezFpCb5WIoORh7fkpHCxj4F6mHfOvxRDBQRcJdZ0t9EGnQgwsLJzHw%3D
[2026-01-20 21:20:05,563] INFO: Worker 0 finished area Васильево; total collected 119
[2026-01-20 21:20:05,564] INFO: Worker 0 scanning area Елаур (7241)
[2026-01-20 21:20:05,619] ERROR: Unexpected status 403 for https://api.hh.ru/vacancies: {"errors":[{"value":"captcha_required","captcha_url":"https://hh.ru/account/captcha?state=pxvcxBozfu7ry7R4QCetFqDzUL2cbK2LGYV-JLOJ644HLrHr0DH6jezFpCb5WIoORh7fkpHCxj4F6mHfOvxRDCvzjlksw-Hzn3lFSWuOy7M%3D
[2026-01-20 21:20:05,634] ERROR: Unexpected status 403 for https://api.hh.ru/vacancies: {"errors":[{"value":"captcha_required","captcha_url":"https://hh.ru/account/captcha?state=pxvcxBozfu7ry7R4QCetFqDzUL2cbK2LGYV-JLOJ644HLrHr0DH6jezFpCb5WIoORh7fkpHCxj4F6mHfOvxRDPMuVCKBMxAnQvPhF5PH2gg%3D
[2026-01-20 21:20:05,634] INFO: Worker 2 finished area Джалиль; total collected 119
[2026-01-20 21:20:05,634] INFO: Worker 2 scanning area Елхово (7070)
[2026-01-20 21:20:05,646] ERROR: Unexpected status 403 for https://api.hh.ru/vacancies: {"errors":[{"value":"captcha_required","captcha_url":"https://hh.ru/account/captcha?state=pxvcxBozfu7ry7R4QCetFqDzUL2cbK2LGYV-JLOJ644HLrHr0DH6jezFpCb5WIoORh7fkpHCxj4F6mHfOvxRDOxxfC3NwmnWEofb8b7Ry4I%3D
[2026-01-20 21:20:05,646] INFO: Worker 7 finished area Высокая Гора; total collected 119
[2026-01-20 21:20:05,646] INFO: Worker 7 scanning area Ерыкла (7214)
[2026-01-20 21:20:05,831] ERROR: Unexpected status 403 for https://api.hh.ru/vacancies: {"errors":[{"value":"captcha_required","captcha_url":"https://hh.ru/account/captcha?state=pxvcxBozfu7ry7R4QCetFqDzUL2cbK2LGYV-JLOJ644HLrHr0DH6jezFpCb5WIoORh7fkpHCxj4F6mHfOvxRDOO6H5vpFPNX9M3xujLuUek%3D
[2026-01-20 21:20:05,831] INFO: Worker 0 finished area Елаур; total collected 119
[2026-01-20 21:20:05,831] INFO: Worker 0 scanning area Жуково (7273)
[2026-01-20 21:20:05,891] ERROR: Unexpected status 403 for https://api.hh.ru/vacancies: {"errors":[{"value":"captcha_required","captcha_url":"https://hh.ru/account/captcha?state=pxvcxBozfu7ry7R4QCetFqDzUL2cbK2LGYV-JLOJ644HLrHr0DH6jezFpCb5WIoORh7fkpHCxj4F6mHfOvxRDKbzW_24ZY2hgBIIo6O9EZU%3D
[2026-01-20 21:20:05,892] INFO: Worker 5 finished area Елантово; total collected 119
[2026-01-20 21:20:05,892] INFO: Worker 5 scanning area Заинск (1634)
[2026-01-20 21:20:05,932] ERROR: Unexpected status 403 for https://api.hh.ru/vacancies: {"errors":[{"value":"captcha_required","captcha_url":"https://hh.ru/account/captcha?state=pxvcxBozfu7ry7R4QCetFqDzUL2cbK2LGYV-JLOJ644HLrHr0DH6jezFpCb5WIoORh7fkpHCxj4F6mHfOvxRDD1fH9uynY9HjlENTHLTBMw%3D
[2026-01-20 21:20:05,932] INFO: Worker 4 finished area Дубъязы; total collected 119
[2026-01-20 21:20:05,932] INFO: Worker 4 scanning area Зай-Каратай (7017)
[2026-01-20 21:20:05,933] ERROR: Unexpected status 403 for https://api.hh.ru/vacancies: {"errors":[{"value":"captcha_required","captcha_url":"https://hh.ru/account/captcha?state=pxvcxBozfu7ry7R4QCetFqDzUL2cbK2LGYV-JLOJ644HLrHr0DH6jezFpCb5WIoORh7fkpHCxj4F6mHfOvxRDAYoYTVdphV035XdkYR-VEE%3D
[2026-01-20 21:20:05,933] INFO: Worker 7 finished area Ерыкла; total collected 119
[2026-01-20 21:20:05,933] INFO: Worker 7 scanning area Зеленая Роща (7117)
[2026-01-20 21:20:05,981] ERROR: Unexpected status 403 for https://api.hh.ru/vacancies: {"errors":[{"value":"captcha_required","captcha_url":"https://hh.ru/account/captcha?state=pxvcxBozfu7ry7R4QCetFqDzUL2cbK2LGYV-JLOJ644HLrHr0DH6jezFpCb5WIoORh7fkpHCxj4F6mHfOvxRDKN6t9fmQFh5GlVOfzqmGyM%3D
[2026-01-20 21:20:05,981] INFO: Worker 3 finished area Елабуга; total collected 119
[2026-01-20 21:20:05,981] INFO: Worker 3 scanning area Новый (Республика Татарстан) (11978)
[2026-01-20 21:20:06,002] ERROR: Unexpected status 403 for https://api.hh.ru/vacancies: {"errors":[{"value":"captcha_required","captcha_url":"https://hh.ru/account/captcha?state=pxvcxBozfu7ry7R4QCetFqDzUL2cbK2LGYV-JLOJ644HLrHr0DH6jezFpCb5WIoORh7fkpHCxj4F6mHfOvxRDOxYA8y7AKCeo0fRM-n9asc%3D
[2026-01-20 21:20:06,051] ERROR: Unexpected status 403 for https://api.hh.ru/vacancies: {"errors":[{"value":"captcha_required","captcha_url":"https://hh.ru/account/captcha?state=pxvcxBozfu7ry7R4QCetFqDzUL2cbK2LGYV-JLOJ644HLrHr0DH6jezFpCb5WIoORh7fkpHCxj4F6mHfOvxRDOt4l6AZfKnwEvKskOf5KO0%3D
[2026-01-20 21:20:06,087] ERROR: Unexpected status 403 for https://api.hh.ru/vacancies: {"errors":[{"value":"captcha_required","captcha_url":"https://hh.ru/account/captcha?state=pxvcxBozfu7ry7R4QCetFqDzUL2cbK2LGYV-JLOJ644HLrHr0DH6jezFpCb5WIoORh7fkpHCxj4F6mHfOvxRDB2BFo8TwaUghv-bMEcPeHs%3D
[2026-01-20 21:20:06,087] INFO: Worker 2 finished area Елхово; total collected 119
[2026-01-20 21:20:06,087] INFO: Worker 2 scanning area Зеленодольск (Республика Татарстан) (1635)
[2026-01-20 21:20:06,160] ERROR: Unexpected status 403 for https://api.hh.ru/vacancies: {"errors":[{"value":"captcha_required","captcha_url":"https://hh.ru/account/captcha?state=pxvcxBozfu7ry7R4QCetFqDzUL2cbK2LGYV-JLOJ644HLrHr0DH6jezFpCb5WIoORh7fkpHCxj4F6mHfOvxRDAm__1VNjqCt6y6-YiF6AIo%3D
[2026-01-20 21:20:06,160] INFO: Worker 0 finished area Жуково; total collected 119
[2026-01-20 21:20:06,160] INFO: Worker 0 scanning area Именьково (7231)
[2026-01-20 21:20:06,400] ERROR: Unexpected status 403 for https://api.hh.ru/vacancies: {"errors":[{"value":"captcha_required","captcha_url":"https://hh.ru/account/captcha?state=pxvcxBozfu7ry7R4QCetFqDzUL2cbK2LGYV-JLOJ644HLrHr0DH6jezFpCb5WIoORh7fkpHCxj4F6mHfOvxRDKHW7P4CHVSWDVB8I9344GM%3D
[2026-01-20 21:20:06,400] INFO: Worker 5 finished area Заинск; total collected 119
[2026-01-20 21:20:06,400] INFO: Worker 5 scanning area Иннополис (2734)
[2026-01-20 21:20:06,550] ERROR: Unexpected status 403 for https://api.hh.ru/vacancies: {"errors":[{"value":"captcha_required","captcha_url":"https://hh.ru/account/captcha?state=pxvcxBozfu7ry7R4QCetFqDzUL2cbK2LGYV-JLOJ644HLrHr0DH6jezFpCb5WIoORh7fkpHCxj4F6mHfOvxRDGFEPiElpIsYlj8LRODTl1M%3D
[2026-01-20 21:20:06,550] INFO: Worker 0 finished area Именьково; total collected 119
[2026-01-20 21:20:06,550] INFO: Worker 0 scanning area Исенбаево (7277)
[2026-01-20 21:20:06,569] ERROR: Unexpected status 403 for https://api.hh.ru/vacancies: {"errors":[{"value":"captcha_required","captcha_url":"https://hh.ru/account/captcha?state=pxvcxBozfu7ry7R4QCetFqDzUL2cbK2LGYV-JLOJ644HLrHr0DH6jezFpCb5WIoORh7fkpHCxj4F6mHfOvxRDPEHFqeVM9Pm8EGVTBUGr8Q%3D
[2026-01-20 21:20:06,569] INFO: Worker 7 finished area Зеленая Роща; total collected 119
[2026-01-20 21:20:06,569] INFO: Worker 7 scanning area Иске-Рязап (7032)
[2026-01-20 21:20:06,686] ERROR: Unexpected status 403 for https://api.hh.ru/vacancies: {"errors":[{"value":"captcha_required","captcha_url":"https://hh.ru/account/captcha?state=pxvcxBozfu7ry7R4QCetFqDzUL2cbK2LGYV-JLOJ644HLrHr0DH6jezFpCb5WIoORh7fkpHCxj4F6mHfOvxRDJ5Lfc169zYIwb3RzpNwsM4%3D
[2026-01-20 21:20:06,686] INFO: Worker 4 finished area Зай-Каратай; total collected 119
[2026-01-20 21:20:06,686] INFO: Worker 4 scanning area Кадыбаш (7051)
[2026-01-20 21:20:06,729] ERROR: Unexpected status 403 for https://api.hh.ru/vacancies: {"errors":[{"value":"captcha_required","captcha_url":"https://hh.ru/account/captcha?state=pxvcxBozfu7ry7R4QCetFqDzUL2cbK2LGYV-JLOJ644HLrHr0DH6jezFpCb5WIoORh7fkpHCxj4F6mHfOvxRDGBa_zZ_Xx4aH36-7i1L81g%3D
[2026-01-20 21:20:06,730] INFO: Worker 2 finished area Зеленодольск (Республика Татарстан); total collected 119
[2026-01-20 21:20:06,730] INFO: Worker 2 scanning area Кадырово (7096)
[2026-01-20 21:20:06,763] ERROR: Unexpected status 403 for https://api.hh.ru/vacancies: {"errors":[{"value":"captcha_required","captcha_url":"https://hh.ru/account/captcha?state=pxvcxBozfu7ry7R4QCetFqDzUL2cbK2LGYV-JLOJ644HLrHr0DH6jezFpCb5WIoORh7fkpHCxj4F6mHfOvxRDItK3s_Cm4R7rsdM5VqSGiQ%3D
[2026-01-20 21:20:06,771] ERROR: Unexpected status 403 for https://api.hh.ru/vacancies: {"errors":[{"value":"captcha_required","captcha_url":"https://hh.ru/account/captcha?state=pxvcxBozfu7ry7R4QCetFqDzUL2cbK2LGYV-JLOJ644HLrHr0DH6jezFpCb5WIoORh7fkpHCxj4F6mHfOvxRDJungQsNK4w1mYc2-kTfIIw%3D
[2026-01-20 21:20:06,771] INFO: Worker 3 finished area Новый (Республика Татарстан); total collected 119
[2026-01-20 21:20:06,771] INFO: Worker 3 scanning area Каенлы (7033)
[2026-01-20 21:20:06,797] ERROR: Unexpected status 403 for https://api.hh.ru/vacancies: {"errors":[{"value":"captcha_required","captcha_url":"https://hh.ru/account/captcha?state=pxvcxBozfu7ry7R4QCetFqDzUL2cbK2LGYV-JLOJ644HLrHr0DH6jezFpCb5WIoORh7fkpHCxj4F6mHfOvxRDOm1uADFmUwfe8-TOnt7i2w%3D
[2026-01-20 21:20:06,797] INFO: Worker 5 finished area Иннополис; total collected 119
[2026-01-20 21:20:06,797] INFO: Worker 5 scanning area Казань (88)
[2026-01-20 21:20:06,854] ERROR: Unexpected status 403 for https://api.hh.ru/vacancies: {"errors":[{"value":"captcha_required","captcha_url":"https://hh.ru/account/captcha?state=pxvcxBozfu7ry7R4QCetFqDzUL2cbK2LGYV-JLOJ644HLrHr0DH6jezFpCb5WIoORh7fkpHCxj4F6mHfOvxRDANLakYnvf3wL9Wet_5vZcs%3D
[2026-01-20 21:20:06,854] INFO: Worker 0 finished area Исенбаево; total collected 119
[2026-01-20 21:20:06,854] INFO: Worker 0 scanning area Какре-Елга (7049)
[2026-01-20 21:20:06,885] ERROR: Unexpected status 403 for https://api.hh.ru/vacancies: {"errors":[{"value":"captcha_required","captcha_url":"https://hh.ru/account/captcha?state=pxvcxBozfu7ry7R4QCetFqDzUL2cbK2LGYV-JLOJ644HLrHr0DH6jezFpCb5WIoORh7fkpHCxj4F6mHfOvxRDLR23lKYIs-aRQ-UFKLlBAk%3D
[2026-01-20 21:20:06,885] INFO: Worker 7 finished area Иске-Рязап; total collected 119
[2026-01-20 21:20:06,885] INFO: Worker 7 scanning area Калмаш (7164)
[2026-01-20 21:20:06,961] ERROR: Unexpected status 403 for https://api.hh.ru/vacancies: {"errors":[{"value":"captcha_required","captcha_url":"https://hh.ru/account/captcha?state=pxvcxBozfu7ry7R4QCetFqDzUL2cbK2LGYV-JLOJ644HLrHr0DH6jezFpCb5WIoORh7fkpHCxj4F6mHfOvxRDLtVKr8wTSjVcs57dueT-KI%3D
[2026-01-20 21:20:07,057] ERROR: Unexpected status 403 for https://api.hh.ru/vacancies: {"errors":[{"value":"captcha_required","captcha_url":"https://hh.ru/account/captcha?state=pxvcxBozfu7ry7R4QCetFqDzUL2cbK2LGYV-JLOJ644HLrHr0DH6jezFpCb5WIoORh7fkpHCxj4F6mHfOvxRDKB4l9kM0S0yXzp-sJoYKDM%3D
[2026-01-20 21:20:07,057] INFO: Worker 2 finished area Кадырово; total collected 119
[2026-01-20 21:20:07,057] INFO: Worker 2 scanning area Камские Поляны (3715)
[2026-01-20 21:20:07,080] ERROR: Unexpected status 403 for https://api.hh.ru/vacancies: {"errors":[{"value":"captcha_required","captcha_url":"https://hh.ru/account/captcha?state=pxvcxBozfu7ry7R4QCetFqDzUL2cbK2LGYV-JLOJ644HLrHr0DH6jezFpCb5WIoORh7fkpHCxj4F6mHfOvxRDOkXmXIxFEM9w5KpVyi4TCo%3D
[2026-01-20 21:20:07,080] INFO: Worker 4 finished area Кадыбаш; total collected 119
[2026-01-20 21:20:07,080] INFO: Worker 4 scanning area Камский Леспромхоз (7010)
[2026-01-20 21:20:07,165] ERROR: Unexpected status 403 for https://api.hh.ru/vacancies: {"errors":[{"value":"captcha_required","captcha_url":"https://hh.ru/account/captcha?state=pxvcxBozfu7ry7R4QCetFqDzUL2cbK2LGYV-JLOJ644HLrHr0DH6jezFpCb5WIoORh7fkpHCxj4F6mHfOvxRDJ25mXIaSaUTVwO699xbe08%3D
[2026-01-20 21:20:07,165] INFO: Worker 7 finished area Калмаш; total collected 119
[2026-01-20 21:20:07,165] INFO: Worker 7 scanning area Камское Устье (2726)
[2026-01-20 21:20:07,220] ERROR: Unexpected status 403 for https://api.hh.ru/vacancies: {"errors":[{"value":"captcha_required","captcha_url":"https://hh.ru/account/captcha?state=pxvcxBozfu7ry7R4QCetFqDzUL2cbK2LGYV-JLOJ644HLrHr0DH6jezFpCb5WIoORh7fkpHCxj4F6mHfOvxRDDUsmBmkdLGun557DFUSgFA%3D
[2026-01-20 21:20:07,220] INFO: Worker 5 finished area Казань; total collected 119
[2026-01-20 21:20:07,220] INFO: Worker 5 scanning area Карабаш (Республика Татарстан) (4178)
[2026-01-20 21:20:07,265] ERROR: Unexpected status 403 for https://api.hh.ru/vacancies: {"errors":[{"value":"captcha_required","captcha_url":"https://hh.ru/account/captcha?state=pxvcxBozfu7ry7R4QCetFqDzUL2cbK2LGYV-JLOJ644HLrHr0DH6jezFpCb5WIoORh7fkpHCxj4F6mHfOvxRDCQBjP_KQ-V6LzSPPktLvNA%3D
[2026-01-20 21:20:07,265] INFO: Worker 3 finished area Каенлы; total collected 119
[2026-01-20 21:20:07,265] INFO: Worker 3 scanning area Караталга (7069)
[2026-01-20 21:20:07,290] ERROR: Unexpected status 403 for https://api.hh.ru/vacancies: {"errors":[{"value":"captcha_required","captcha_url":"https://hh.ru/account/captcha?state=pxvcxBozfu7ry7R4QCetFqDzUL2cbK2LGYV-JLOJ644HLrHr0DH6jezFpCb5WIoORh7fkpHCxj4F6mHfOvxRDC-bG6_nEHrAY002lL3-IsA%3D
[2026-01-20 21:20:07,290] INFO: Worker 0 finished area Какре-Елга; total collected 119
[2026-01-20 21:20:07,290] INFO: Worker 0 scanning area Каргали (7037)
[2026-01-20 21:20:07,375] ERROR: Unexpected status 403 for https://api.hh.ru/vacancies: {"errors":[{"value":"captcha_required","captcha_url":"https://hh.ru/account/captcha?state=pxvcxBozfu7ry7R4QCetFqDzUL2cbK2LGYV-JLOJ644HLrHr0DH6jezFpCb5WIoORh7fkpHCxj4F6mHfOvxRDNPouk0XPC37QSFjP-MRPME%3D
[2026-01-20 21:20:07,384] ERROR: Unexpected status 403 for https://api.hh.ru/vacancies: {"errors":[{"value":"captcha_required","captcha_url":"https://hh.ru/account/captcha?state=pxvcxBozfu7ry7R4QCetFqDzUL2cbK2LGYV-JLOJ644HLrHr0DH6jezFpCb5WIoORh7fkpHCxj4F6mHfOvxRDOgldvTGAP6YZyfDApQ5jR8%3D
[2026-01-20 21:20:07,384] INFO: Worker 4 finished area Камский Леспромхоз; total collected 119
[2026-01-20 21:20:07,384] INFO: Worker 4 scanning area Каркаусь (7105)
[2026-01-20 21:20:07,448] ERROR: Unexpected status 403 for https://api.hh.ru/vacancies: {"errors":[{"value":"captcha_required","captcha_url":"https://hh.ru/account/captcha?state=pxvcxBozfu7ry7R4QCetFqDzUL2cbK2LGYV-JLOJ644HLrHr0DH6jezFpCb5WIoORh7fkpHCxj4F6mHfOvxRDMjvjmRba3F7BiKI4rsEjEQ%3D
[2026-01-20 21:20:07,448] INFO: Worker 2 finished area Камские Поляны; total collected 119
[2026-01-20 21:20:07,448] INFO: Worker 2 scanning area Кармалы (7263)
[2026-01-20 21:20:07,547] ERROR: Unexpected status 403 for https://api.hh.ru/vacancies: {"errors":[{"value":"captcha_required","captcha_url":"https://hh.ru/account/captcha?state=pxvcxBozfu7ry7R4QCetFqDzUL2cbK2LGYV-JLOJ644HLrHr0DH6jezFpCb5WIoORh7fkpHCxj4F6mHfOvxRDEM3cCgWTbA3EU4af9ojmlA%3D
[2026-01-20 21:20:07,553] ERROR: Unexpected status 403 for https://api.hh.ru/vacancies: {"errors":[{"value":"captcha_required","captcha_url":"https://hh.ru/account/captcha?state=pxvcxBozfu7ry7R4QCetFqDzUL2cbK2LGYV-JLOJ644HLrHr0DH6jezFpCb5WIoORh7fkpHCxj4F6mHfOvxRDO5ZBf2dK-ldHoPgXELsMjw%3D
[2026-01-20 21:20:07,553] INFO: Worker 0 finished area Каргали; total collected 119
[2026-01-20 21:20:07,553] INFO: Worker 0 scanning area Кият (7043)
[2026-01-20 21:20:07,585] ERROR: Unexpected status 403 for https://api.hh.ru/vacancies: {"errors":[{"value":"captcha_required","captcha_url":"https://hh.ru/account/captcha?state=pxvcxBozfu7ry7R4QCetFqDzUL2cbK2LGYV-JLOJ644HLrHr0DH6jezFpCb5WIoORh7fkpHCxj4F6mHfOvxRDB7BSq2ht0-Y4lRcfSvKugs%3D
[2026-01-20 21:20:07,585] INFO: Worker 3 finished area Караталга; total collected 119
[2026-01-20 21:20:07,585] INFO: Worker 3 scanning area Кляшево (7187)
[2026-01-20 21:20:07,591] ERROR: Unexpected status 403 for https://api.hh.ru/vacancies: {"errors":[{"value":"captcha_required","captcha_url":"https://hh.ru/account/captcha?state=pxvcxBozfu7ry7R4QCetFqDzUL2cbK2LGYV-JLOJ644HLrHr0DH6jezFpCb5WIoORh7fkpHCxj4F6mHfOvxRDACLKn9QA3bi0gg-IR5EkJ8%3D
[2026-01-20 21:20:07,591] INFO: Worker 7 finished area Камское Устье; total collected 119
[2026-01-20 21:20:07,591] INFO: Worker 7 scanning area Коноваловка (7011)
[2026-01-20 21:20:07,671] ERROR: Unexpected status 403 for https://api.hh.ru/vacancies: {"errors":[{"value":"captcha_required","captcha_url":"https://hh.ru/account/captcha?state=pxvcxBozfu7ry7R4QCetFqDzUL2cbK2LGYV-JLOJ644HLrHr0DH6jezFpCb5WIoORh7fkpHCxj4F6mHfOvxRDCDaewSHMPdkXCs4KRXBxgw%3D
[2026-01-20 21:20:07,671] INFO: Worker 5 finished area Карабаш (Республика Татарстан); total collected 119
[2026-01-20 21:20:07,671] INFO: Worker 5 scanning area Кощаково (7248)
[2026-01-20 21:20:07,703] ERROR: Unexpected status 403 for https://api.hh.ru/vacancies: {"errors":[{"value":"captcha_required","captcha_url":"https://hh.ru/account/captcha?state=pxvcxBozfu7ry7R4QCetFqDzUL2cbK2LGYV-JLOJ644HLrHr0DH6jezFpCb5WIoORh7fkpHCxj4F6mHfOvxRDNT56PqW_PIDn79d6k03Tx8%3D
[2026-01-20 21:20:07,703] INFO: Worker 2 finished area Кармалы; total collected 119
[2026-01-20 21:20:07,703] INFO: Worker 2 scanning area Красный Бор (Республика Татарстан) (7095)
[2026-01-20 21:20:07,747] ERROR: Unexpected status 403 for https://api.hh.ru/vacancies: {"errors":[{"value":"captcha_required","captcha_url":"https://hh.ru/account/captcha?state=pxvcxBozfu7ry7R4QCetFqDzUL2cbK2LGYV-JLOJ644HLrHr0DH6jezFpCb5WIoORh7fkpHCxj4F6mHfOvxRDBuMhb8CLBcgJx8X3-Kl5Fs%3D
[2026-01-20 21:20:07,747] INFO: Worker 4 finished area Каркаусь; total collected 119
[2026-01-20 21:20:07,747] INFO: Worker 4 scanning area Красный Ключ (7282)
[2026-01-20 21:20:07,849] ERROR: Unexpected status 403 for https://api.hh.ru/vacancies: {"errors":[{"value":"captcha_required","captcha_url":"https://hh.ru/account/captcha?state=pxvcxBozfu7ry7R4QCetFqDzUL2cbK2LGYV-JLOJ644HLrHr0DH6jezFpCb5WIoORh7fkpHCxj4F6mHfOvxRDFo2b6wWvVs4_ajEbmgQoJ8%3D
[2026-01-20 21:20:07,849] INFO: Worker 0 finished area Кият; total collected 119
[2026-01-20 21:20:07,849] INFO: Worker 0 scanning area Круглое Поле (11708)
[2026-01-20 21:20:07,850] ERROR: Unexpected status 403 for https://api.hh.ru/vacancies: {"errors":[{"value":"captcha_required","captcha_url":"https://hh.ru/account/captcha?state=pxvcxBozfu7ry7R4QCetFqDzUL2cbK2LGYV-JLOJ644HLrHr0DH6jezFpCb5WIoORh7fkpHCxj4F6mHfOvxRDA4hefOQv5j0XGZTlgX36A8%3D
[2026-01-20 21:20:07,850] INFO: Worker 7 finished area Коноваловка; total collected 119
[2026-01-20 21:20:07,850] INFO: Worker 7 scanning area Кряш-Шуран (7243)
[2026-01-20 21:20:07,906] ERROR: Unexpected status 403 for https://api.hh.ru/vacancies: {"errors":[{"value":"captcha_required","captcha_url":"https://hh.ru/account/captcha?state=pxvcxBozfu7ry7R4QCetFqDzUL2cbK2LGYV-JLOJ644HLrHr0DH6jezFpCb5WIoORh7fkpHCxj4F6mHfOvxRDIsWP2xP7oRdZchvm_GL9T8%3D
[2026-01-20 21:20:07,906] INFO: Worker 3 finished area Кляшево; total collected 119
[2026-01-20 21:20:07,906] INFO: Worker 3 scanning area Кузембетьево (7220)
[2026-01-20 21:20:08,016] ERROR: Unexpected status 403 for https://api.hh.ru/vacancies: {"errors":[{"value":"captcha_required","captcha_url":"https://hh.ru/account/captcha?state=pxvcxBozfu7ry7R4QCetFqDzUL2cbK2LGYV-JLOJ644HLrHr0DH6jezFpCb5WIoORh7fkpHCxj4F6mHfOvxRDCcOsb0IyVB5GCT9XGeunTg%3D
[2026-01-20 21:20:08,033] ERROR: Unexpected status 403 for https://api.hh.ru/vacancies: {"errors":[{"value":"captcha_required","captcha_url":"https://hh.ru/account/captcha?state=pxvcxBozfu7ry7R4QCetFqDzUL2cbK2LGYV-JLOJ644HLrHr0DH6jezFpCb5WIoORh7fkpHCxj4F6mHfOvxRDBnbkFUeqkCoRZ4HRnuUOgM%3D
[2026-01-20 21:20:08,034] INFO: Worker 6 finished area Йошкар-Ола; total collected 119
[2026-01-20 21:20:08,034] INFO: Worker 6 scanning area Куйбышевский Затон (4179)
[2026-01-20 21:20:08,052] ERROR: Unexpected status 403 for https://api.hh.ru/vacancies: {"errors":[{"value":"captcha_required","captcha_url":"https://hh.ru/account/captcha?state=pxvcxBozfu7ry7R4QCetFqDzUL2cbK2LGYV-JLOJ644HLrHr0DH6jezFpCb5WIoORh7fkpHCxj4F6mHfOvxRDLzf5mcDDDM_IlVRgpG6fU8%3D
[2026-01-20 21:20:08,052] INFO: Worker 2 finished area Красный Бор (Республика Татарстан); total collected 119
[2026-01-20 21:20:08,052] INFO: Worker 2 scanning area Кукмор (2628)
[2026-01-20 21:20:08,059] ERROR: Unexpected status 403 for https://api.hh.ru/vacancies: {"errors":[{"value":"captcha_required","captcha_url":"https://hh.ru/account/captcha?state=pxvcxBozfu7ry7R4QCetFqDzUL2cbK2LGYV-JLOJ644HLrHr0DH6jezFpCb5WIoORh7fkpHCxj4F6mHfOvxRDJwRZo2N1kcb_vsHv5RKBkc%3D
[2026-01-20 21:20:08,059] INFO: Worker 5 finished area Кощаково; total collected 119
[2026-01-20 21:20:08,059] INFO: Worker 5 scanning area Кулаево (7255)
[2026-01-20 21:20:08,175] ERROR: Unexpected status 403 for https://api.hh.ru/vacancies: {"errors":[{"value":"captcha_required","captcha_url":"https://hh.ru/account/captcha?state=pxvcxBozfu7ry7R4QCetFqDzUL2cbK2LGYV-JLOJ644HLrHr0DH6jezFpCb5WIoORh7fkpHCxj4F6mHfOvxRDGBpXOljgQvVO3eWsslFDss%3D
[2026-01-20 21:20:08,175] INFO: Worker 4 finished area Красный Ключ; total collected 119
[2026-01-20 21:20:08,175] INFO: Worker 4 scanning area Куркачи (7147)
[2026-01-20 21:20:08,191] ERROR: Unexpected status 403 for https://api.hh.ru/vacancies: {"errors":[{"value":"captcha_required","captcha_url":"https://hh.ru/account/captcha?state=pxvcxBozfu7ry7R4QCetFqDzUL2cbK2LGYV-JLOJ644HLrHr0DH6jezFpCb5WIoORh7fkpHCxj4F6mHfOvxRDJQs6j-OhYhBzVsuAdYiknk%3D
[2026-01-20 21:20:08,191] INFO: Worker 3 finished area Кузембетьево; total collected 119
[2026-01-20 21:20:08,191] INFO: Worker 3 scanning area Кутемели (7020)
[2026-01-20 21:20:08,240] ERROR: Unexpected status 403 for https://api.hh.ru/vacancies: {"errors":[{"value":"captcha_required","captcha_url":"https://hh.ru/account/captcha?state=pxvcxBozfu7ry7R4QCetFqDzUL2cbK2LGYV-JLOJ644HLrHr0DH6jezFpCb5WIoORh7fkpHCxj4F6mHfOvxRDKkNE24zfE8BNJ97eXqp5JQ%3D
[2026-01-20 21:20:08,240] INFO: Worker 7 finished area Кряш-Шуран; total collected 119
[2026-01-20 21:20:08,240] INFO: Worker 7 scanning area Кутлу-Букаш (6462)
[2026-01-20 21:20:08,320] ERROR: Unexpected status 403 for https://api.hh.ru/vacancies: {"errors":[{"value":"captcha_required","captcha_url":"https://hh.ru/account/captcha?state=pxvcxBozfu7ry7R4QCetFqDzUL2cbK2LGYV-JLOJ644HLrHr0DH6jezFpCb5WIoORh7fkpHCxj4F6mHfOvxRDPklZO4UyHb8JsaJhJgj6_k%3D
[2026-01-20 21:20:08,320] INFO: Worker 0 finished area Круглое Поле; total collected 119
[2026-01-20 21:20:08,320] INFO: Worker 0 scanning area Куюки (6895)
[2026-01-20 21:20:08,321] ERROR: Unexpected status 403 for https://api.hh.ru/vacancies: {"errors":[{"value":"captcha_required","captcha_url":"https://hh.ru/account/captcha?state=pxvcxBozfu7ry7R4QCetFqDzUL2cbK2LGYV-JLOJ644HLrHr0DH6jezFpCb5WIoORh7fkpHCxj4F6mHfOvxRDJhMemYKqzkz2IZM8R_JEEQ%3D
[2026-01-20 21:20:08,321] INFO: Worker 6 finished area Куйбышевский Затон; total collected 119
[2026-01-20 21:20:08,321] INFO: Worker 6 scanning area Лаишево (1636)
[2026-01-20 21:20:08,417] ERROR: Unexpected status 403 for https://api.hh.ru/vacancies: {"errors":[{"value":"captcha_required","captcha_url":"https://hh.ru/account/captcha?state=pxvcxBozfu7ry7R4QCetFqDzUL2cbK2LGYV-JLOJ644HLrHr0DH6jezFpCb5WIoORh7fkpHCxj4F6mHfOvxRDAwrVXPIENangYknhNkRAhk%3D
[2026-01-20 21:20:08,431] ERROR: Unexpected status 403 for https://api.hh.ru/vacancies: {"errors":[{"value":"captcha_required","captcha_url":"https://hh.ru/account/captcha?state=pxvcxBozfu7ry7R4QCetFqDzUL2cbK2LGYV-JLOJ644HLrHr0DH6jezFpCb5WIoORh7fkpHCxj4F6mHfOvxRDLNearpa4qChOyppTC9mY3w%3D
[2026-01-20 21:20:08,431] INFO: Worker 5 finished area Кулаево; total collected 119
[2026-01-20 21:20:08,432] INFO: Worker 5 scanning area Лениногорск (1637)
[2026-01-20 21:20:08,501] ERROR: Unexpected status 403 for https://api.hh.ru/vacancies: {"errors":[{"value":"captcha_required","captcha_url":"https://hh.ru/account/captcha?state=pxvcxBozfu7ry7R4QCetFqDzUL2cbK2LGYV-JLOJ644HLrHr0DH6jezFpCb5WIoORh7fkpHCxj4F6mHfOvxRDPi0dL4MzRdsRbjHs8-V7qk%3D
[2026-01-20 21:20:08,501] INFO: Worker 2 finished area Кукмор; total collected 119
[2026-01-20 21:20:08,501] INFO: Worker 2 scanning area Ленино-Кокушкино (7238)
[2026-01-20 21:20:08,633] ERROR: Unexpected status 403 for https://api.hh.ru/vacancies: {"errors":[{"value":"captcha_required","captcha_url":"https://hh.ru/account/captcha?state=pxvcxBozfu7ry7R4QCetFqDzUL2cbK2LGYV-JLOJ644HLrHr0DH6jezFpCb5WIoORh7fkpHCxj4F6mHfOvxRDDhVSyANLVyse6TkePw4d6k%3D
[2026-01-20 21:20:08,633] INFO: Worker 3 finished area Кутемели; total collected 119
[2026-01-20 21:20:08,633] INFO: Worker 3 scanning area Лубяны (7210)
[2026-01-20 21:20:08,703] ERROR: Unexpected status 403 for https://api.hh.ru/vacancies: {"errors":[{"value":"captcha_required","captcha_url":"https://hh.ru/account/captcha?state=pxvcxBozfu7ry7R4QCetFqDzUL2cbK2LGYV-JLOJ644HLrHr0DH6jezFpCb5WIoORh7fkpHCxj4F6mHfOvxRDLxFgLXuVGg_m8C15dGSC9M%3D
[2026-01-20 21:20:08,703] INFO: Worker 4 finished area Куркачи; total collected 119
[2026-01-20 21:20:08,703] INFO: Worker 4 scanning area Мактама (7097)
[2026-01-20 21:20:08,740] ERROR: Unexpected status 403 for https://api.hh.ru/vacancies: {"errors":[{"value":"captcha_required","captcha_url":"https://hh.ru/account/captcha?state=pxvcxBozfu7ry7R4QCetFqDzUL2cbK2LGYV-JLOJ644HLrHr0DH6jezFpCb5WIoORh7fkpHCxj4F6mHfOvxRDD2qAzUNh7Wd9d7plK5fV3w%3D
[2026-01-20 21:20:08,740] INFO: Worker 0 finished area Куюки; total collected 119
[2026-01-20 21:20:08,740] INFO: Worker 0 scanning area Макулово (7254)
[2026-01-20 21:20:08,765] ERROR: Unexpected status 403 for https://api.hh.ru/vacancies: {"errors":[{"value":"captcha_required","captcha_url":"https://hh.ru/account/captcha?state=pxvcxBozfu7ry7R4QCetFqDzUL2cbK2LGYV-JLOJ644HLrHr0DH6jezFpCb5WIoORh7fkpHCxj4F6mHfOvxRDGNsyqYelR0YMEXIQfH_o2Q%3D
[2026-01-20 21:20:08,765] INFO: Worker 6 finished area Лаишево; total collected 119
[2026-01-20 21:20:08,765] INFO: Worker 6 scanning area Малая Елга (7281)
[2026-01-20 21:20:08,833] ERROR: Unexpected status 403 for https://api.hh.ru/vacancies: {"errors":[{"value":"captcha_required","captcha_url":"https://hh.ru/account/captcha?state=pxvcxBozfu7ry7R4QCetFqDzUL2cbK2LGYV-JLOJ644HLrHr0DH6jezFpCb5WIoORh7fkpHCxj4F6mHfOvxRDBmE10O1IAms8MSc174oAlg%3D
[2026-01-20 21:20:08,833] INFO: Worker 7 finished area Кутлу-Букаш; total collected 119
[2026-01-20 21:20:08,833] INFO: Worker 7 scanning area Малая Шильна (7035)
[2026-01-20 21:20:08,923] ERROR: Unexpected status 403 for https://api.hh.ru/vacancies: {"errors":[{"value":"captcha_required","captcha_url":"https://hh.ru/account/captcha?state=pxvcxBozfu7ry7R4QCetFqDzUL2cbK2LGYV-JLOJ644HLrHr0DH6jezFpCb5WIoORh7fkpHCxj4F6mHfOvxRDPhxRbbz95opbuZFv6N8Mew%3D
[2026-01-20 21:20:08,924] INFO: Worker 1 finished area Республика Марий Эл; total collected 119
[2026-01-20 21:20:08,924] INFO: Worker 1 scanning area Малые Меми (7128)
[2026-01-20 21:20:09,062] ERROR: Unexpected status 403 for https://api.hh.ru/vacancies: {"errors":[{"value":"captcha_required","captcha_url":"https://hh.ru/account/captcha?state=pxvcxBozfu7ry7R4QCetFqDzUL2cbK2LGYV-JLOJ644HLrHr0DH6jezFpCb5WIoORh7fkpHCxj4F6mHfOvxRDHLD966iMpq0PBcYANKaQ6A%3D
[2026-01-20 21:20:09,062] INFO: Worker 5 finished area Лениногорск; total collected 119
[2026-01-20 21:20:09,062] INFO: Worker 5 scanning area Мамадыш (1638)
[2026-01-20 21:20:09,068] ERROR: Unexpected status 403 for https://api.hh.ru/vacancies: {"errors":[{"value":"captcha_required","captcha_url":"https://hh.ru/account/captcha?state=pxvcxBozfu7ry7R4QCetFqDzUL2cbK2LGYV-JLOJ644HLrHr0DH6jezFpCb5WIoORh7fkpHCxj4F6mHfOvxRDLelCb-Yl8DGRC07L1qnndg%3D
[2026-01-20 21:20:09,068] INFO: Worker 4 finished area Мактама; total collected 119
[2026-01-20 21:20:09,068] INFO: Worker 4 scanning area Мамыково (7149)
[2026-01-20 21:20:09,071] ERROR: Unexpected status 403 for https://api.hh.ru/vacancies: {"errors":[{"value":"captcha_required","captcha_url":"https://hh.ru/account/captcha?state=pxvcxBozfu7ry7R4QCetFqDzUL2cbK2LGYV-JLOJ644HLrHr0DH6jezFpCb5WIoORh7fkpHCxj4F6mHfOvxRDMXisT3eEB4_2ulAoyqEhao%3D
[2026-01-20 21:20:09,071] INFO: Worker 6 finished area Малая Елга; total collected 119
[2026-01-20 21:20:09,071] INFO: Worker 6 scanning area Менделеевск (1639)
[2026-01-20 21:20:09,203] ERROR: Unexpected status 403 for https://api.hh.ru/vacancies: {"errors":[{"value":"captcha_required","captcha_url":"https://hh.ru/account/captcha?state=pxvcxBozfu7ry7R4QCetFqDzUL2cbK2LGYV-JLOJ644HLrHr0DH6jezFpCb5WIoORh7fkpHCxj4F6mHfOvxRDKsKgdnK30aY61AMeE68lok%3D
[2026-01-20 21:20:09,203] INFO: Worker 2 finished area Ленино-Кокушкино; total collected 119
[2026-01-20 21:20:09,203] INFO: Worker 2 scanning area Мензелинск (1640)
[2026-01-20 21:20:09,326] ERROR: Unexpected status 403 for https://api.hh.ru/vacancies: {"errors":[{"value":"captcha_required","captcha_url":"https://hh.ru/account/captcha?state=pxvcxBozfu7ry7R4QCetFqDzUL2cbK2LGYV-JLOJ644HLrHr0DH6jezFpCb5WIoORh7fkpHCxj4F6mHfOvxRDIKqxK75XzLqUdsA2PxrQ9Q%3D
[2026-01-20 21:20:09,326] INFO: Worker 4 finished area Мамыково; total collected 119
[2026-01-20 21:20:09,326] INFO: Worker 4 scanning area Мокрые Курнали (7172)
[2026-01-20 21:20:09,355] ERROR: Unexpected status 403 for https://api.hh.ru/vacancies: {"errors":[{"value":"captcha_required","captcha_url":"https://hh.ru/account/captcha?state=pxvcxBozfu7ry7R4QCetFqDzUL2cbK2LGYV-JLOJ644HLrHr0DH6jezFpCb5WIoORh7fkpHCxj4F6mHfOvxRDP284GMp6D93hp1_tsDg1-s%3D
[2026-01-20 21:20:09,355] INFO: Worker 1 finished area Малые Меми; total collected 119
[2026-01-20 21:20:09,355] INFO: Worker 1 scanning area Муртыш-Тамак (7065)
[2026-01-20 21:20:09,375] ERROR: Unexpected status 403 for https://api.hh.ru/vacancies: {"errors":[{"value":"captcha_required","captcha_url":"https://hh.ru/account/captcha?state=pxvcxBozfu7ry7R4QCetFqDzUL2cbK2LGYV-JLOJ644HLrHr0DH6jezFpCb5WIoORh7fkpHCxj4F6mHfOvxRDLqgOa8s69QG3pzYy92YPQQ%3D
[2026-01-20 21:20:09,375] INFO: Worker 7 finished area Малая Шильна; total collected 119
[2026-01-20 21:20:09,375] INFO: Worker 7 scanning area Муслюмово (4180)
[2026-01-20 21:20:09,416] ERROR: Unexpected status 403 for https://api.hh.ru/vacancies: {"errors":[{"value":"captcha_required","captcha_url":"https://hh.ru/account/captcha?state=pxvcxBozfu7ry7R4QCetFqDzUL2cbK2LGYV-JLOJ644HLrHr0DH6jezFpCb5WIoORh7fkpHCxj4F6mHfOvxRDJ6UHnj_JiRTsRIU7L2EfTs%3D
[2026-01-20 21:20:09,416] INFO: Worker 3 finished area Лубяны; total collected 119
[2026-01-20 21:20:09,416] INFO: Worker 3 scanning area Мюд (7139)
[2026-01-20 21:20:09,621] ERROR: Unexpected status 403 for https://api.hh.ru/vacancies: {"errors":[{"value":"captcha_required","captcha_url":"https://hh.ru/account/captcha?state=pxvcxBozfu7ry7R4QCetFqDzUL2cbK2LGYV-JLOJ644HLrHr0DH6jezFpCb5WIoORh7fkpHCxj4F6mHfOvxRDPVucrslDSWAhokiL4llzNk%3D
[2026-01-20 21:20:09,621] INFO: Worker 4 finished area Мокрые Курнали; total collected 119
[2026-01-20 21:20:09,621] INFO: Worker 4 scanning area Набережные Челны (1641)
[2026-01-20 21:20:09,622] ERROR: Unexpected status 403 for https://api.hh.ru/vacancies: {"errors":[{"value":"captcha_required","captcha_url":"https://hh.ru/account/captcha?state=pxvcxBozfu7ry7R4QCetFqDzUL2cbK2LGYV-JLOJ644HLrHr0DH6jezFpCb5WIoORh7fkpHCxj4F6mHfOvxRDEXHquUFNMwVkfSSgUNbm1o%3D
[2026-01-20 21:20:09,622] INFO: Worker 2 finished area Мензелинск; total collected 119
[2026-01-20 21:20:09,622] INFO: Worker 2 scanning area Нармонка (7197)
[2026-01-20 21:20:09,629] ERROR: Unexpected status 403 for https://api.hh.ru/vacancies: {"errors":[{"value":"captcha_required","captcha_url":"https://hh.ru/account/captcha?state=pxvcxBozfu7ry7R4QCetFqDzUL2cbK2LGYV-JLOJ644HLrHr0DH6jezFpCb5WIoORh7fkpHCxj4F6mHfOvxRDMgRV-zNWEhTnBzTKQNNpPI%3D
[2026-01-20 21:20:09,629] INFO: Worker 5 finished area Мамадыш; total collected 119
[2026-01-20 21:20:09,629] INFO: Worker 5 scanning area Нижнее Алькеево (7044)
[2026-01-20 21:20:09,660] ERROR: Unexpected status 403 for https://api.hh.ru/vacancies: {"errors":[{"value":"captcha_required","captcha_url":"https://hh.ru/account/captcha?state=pxvcxBozfu7ry7R4QCetFqDzUL2cbK2LGYV-JLOJ644HLrHr0DH6jezFpCb5WIoORh7fkpHCxj4F6mHfOvxRDL7xjtckl8Snkwdb7Pr9ZdQ%3D
[2026-01-20 21:20:09,660] INFO: Worker 6 finished area Менделеевск; total collected 119
[2026-01-20 21:20:09,660] INFO: Worker 6 scanning area Нижнекамск (1642)
[2026-01-20 21:20:09,668] ERROR: Unexpected status 403 for https://api.hh.ru/vacancies: {"errors":[{"value":"captcha_required","captcha_url":"https://hh.ru/account/captcha?state=pxvcxBozfu7ry7R4QCetFqDzUL2cbK2LGYV-JLOJ644HLrHr0DH6jezFpCb5WIoORh7fkpHCxj4F6mHfOvxRDKKIsfbK2dOMOg-GH0TnfnU%3D
[2026-01-20 21:20:09,668] INFO: Worker 0 finished area Макулово; total collected 119
[2026-01-20 21:20:09,668] INFO: Worker 0 scanning area Нижние Аты (7013)
[2026-01-20 21:20:09,677] ERROR: Unexpected status 403 for https://api.hh.ru/vacancies: {"errors":[{"value":"captcha_required","captcha_url":"https://hh.ru/account/captcha?state=pxvcxBozfu7ry7R4QCetFqDzUL2cbK2LGYV-JLOJ644HLrHr0DH6jezFpCb5WIoORh7fkpHCxj4F6mHfOvxRDIPWI5PxBIY6lydF45Cyk5s%3D
[2026-01-20 21:20:09,677] INFO: Worker 1 finished area Муртыш-Тамак; total collected 119
[2026-01-20 21:20:09,678] INFO: Worker 1 scanning area Нижние Вязовые (3077)
[2026-01-20 21:20:09,687] ERROR: Unexpected status 403 for https://api.hh.ru/vacancies: {"errors":[{"value":"captcha_required","captcha_url":"https://hh.ru/account/captcha?state=pxvcxBozfu7ry7R4QCetFqDzUL2cbK2LGYV-JLOJ644HLrHr0DH6jezFpCb5WIoORh7fkpHCxj4F6mHfOvxRDPUUeM_aaJvvd0Z4Uf05F3w%3D
[2026-01-20 21:20:09,687] INFO: Worker 3 finished area Мюд; total collected 119
[2026-01-20 21:20:09,687] INFO: Worker 3 scanning area Нижний Каракитан (7209)
[2026-01-20 21:20:09,731] ERROR: Unexpected status 403 for https://api.hh.ru/vacancies: {"errors":[{"value":"captcha_required","captcha_url":"https://hh.ru/account/captcha?state=pxvcxBozfu7ry7R4QCetFqDzUL2cbK2LGYV-JLOJ644HLrHr0DH6jezFpCb5WIoORh7fkpHCxj4F6mHfOvxRDKDvN0rXaOuXn5DjJZgYx2I%3D
[2026-01-20 21:20:09,731] INFO: Worker 7 finished area Муслюмово; total collected 119
[2026-01-20 21:20:09,731] INFO: Worker 7 scanning area Нижний Таканыш (7249)
[2026-01-20 21:20:09,989] ERROR: Unexpected status 403 for https://api.hh.ru/vacancies: {"errors":[{"value":"captcha_required","captcha_url":"https://hh.ru/account/captcha?state=pxvcxBozfu7ry7R4QCetFqDzUL2cbK2LGYV-JLOJ644HLrHr0DH6jezFpCb5WIoORh7fkpHCxj4F6mHfOvxRDEnNoaANgxujsgLMtoFmN3E%3D
[2026-01-20 21:20:09,989] INFO: Worker 4 finished area Набережные Челны; total collected 119
[2026-01-20 21:20:09,989] INFO: Worker 4 scanning area Нижняя Мактама (4181)
[2026-01-20 21:20:09,990] ERROR: Unexpected status 403 for https://api.hh.ru/vacancies: {"errors":[{"value":"captcha_required","captcha_url":"https://hh.ru/account/captcha?state=pxvcxBozfu7ry7R4QCetFqDzUL2cbK2LGYV-JLOJ644HLrHr0DH6jezFpCb5WIoORh7fkpHCxj4F6mHfOvxRDOs1b-2fEBIgeJrF0LV4kTQ%3D
[2026-01-20 21:20:09,990] INFO: Worker 0 finished area Нижние Аты; total collected 119
[2026-01-20 21:20:09,990] INFO: Worker 0 scanning area Новое Ибрайкино (7124)
[2026-01-20 21:20:10,013] ERROR: Unexpected status 403 for https://api.hh.ru/vacancies: {"errors":[{"value":"captcha_required","captcha_url":"https://hh.ru/account/captcha?state=pxvcxBozfu7ry7R4QCetFqDzUL2cbK2LGYV-JLOJ644HLrHr0DH6jezFpCb5WIoORh7fkpHCxj4F6mHfOvxRDNz3pU-ymCVLrQK0AKqD_lk%3D
[2026-01-20 21:20:10,013] INFO: Worker 5 finished area Нижнее Алькеево; total collected 119
[2026-01-20 21:20:10,013] INFO: Worker 5 scanning area Новое Каширово (7111)
[2026-01-20 21:20:10,028] ERROR: Unexpected status 403 for https://api.hh.ru/vacancies: {"errors":[{"value":"captcha_required","captcha_url":"https://hh.ru/account/captcha?state=pxvcxBozfu7ry7R4QCetFqDzUL2cbK2LGYV-JLOJ644HLrHr0DH6jezFpCb5WIoORh7fkpHCxj4F6mHfOvxRDDtEjG5I074ld6VqH4B3xqs%3D
[2026-01-20 21:20:10,028] INFO: Worker 3 finished area Нижний Каракитан; total collected 119
[2026-01-20 21:20:10,028] INFO: Worker 3 scanning area Новое Шигалеево (Татарстан) (11813)
[2026-01-20 21:20:10,113] ERROR: Unexpected status 403 for https://api.hh.ru/vacancies: {"errors":[{"value":"captcha_required","captcha_url":"https://hh.ru/account/captcha?state=pxvcxBozfu7ry7R4QCetFqDzUL2cbK2LGYV-JLOJ644HLrHr0DH6jezFpCb5WIoORh7fkpHCxj4F6mHfOvxRDFYzgVIeOiaN_FKl7XM-PN0%3D
[2026-01-20 21:20:10,114] INFO: Worker 7 finished area Нижний Таканыш; total collected 119
[2026-01-20 21:20:10,114] INFO: Worker 7 scanning area Новое Шигалиево (6893)
[2026-01-20 21:20:10,262] ERROR: Unexpected status 403 for https://api.hh.ru/vacancies: {"errors":[{"value":"captcha_required","captcha_url":"https://hh.ru/account/captcha?state=pxvcxBozfu7ry7R4QCetFqDzUL2cbK2LGYV-JLOJ644HLrHr0DH6jezFpCb5WIoORh7fkpHCxj4F6mHfOvxRDJGDeH_Fj9oEwNcajH7SJNE%3D
[2026-01-20 21:20:10,263] INFO: Worker 6 finished area Нижнекамск; total collected 119
[2026-01-20 21:20:10,263] INFO: Worker 6 scanning area Новошешминск (4182)
[2026-01-20 21:20:10,282] ERROR: Unexpected status 403 for https://api.hh.ru/vacancies: {"errors":[{"value":"captcha_required","captcha_url":"https://hh.ru/account/captcha?state=pxvcxBozfu7ry7R4QCetFqDzUL2cbK2LGYV-JLOJ644HLrHr0DH6jezFpCb5WIoORh7fkpHCxj4F6mHfOvxRDFF5lW5qPGghf1ECyXRi-Xo%3D
[2026-01-20 21:20:10,282] INFO: Worker 5 finished area Новое Каширово; total collected 119
[2026-01-20 21:20:10,282] INFO: Worker 5 scanning area Новый Кинер (7078)
[2026-01-20 21:20:10,370] ERROR: Unexpected status 403 for https://api.hh.ru/vacancies: {"errors":[{"value":"captcha_required","captcha_url":"https://hh.ru/account/captcha?state=pxvcxBozfu7ry7R4QCetFqDzUL2cbK2LGYV-JLOJ644HLrHr0DH6jezFpCb5WIoORh7fkpHCxj4F6mHfOvxRDI1Emyu8XLl4vJLoUkx3GQc%3D
[2026-01-20 21:20:10,370] INFO: Worker 2 finished area Нармонка; total collected 119
[2026-01-20 21:20:10,370] INFO: Worker 2 scanning area Нурлат (1643)
[2026-01-20 21:20:10,376] ERROR: Unexpected status 403 for https://api.hh.ru/vacancies: {"errors":[{"value":"captcha_required","captcha_url":"https://hh.ru/account/captcha?state=pxvcxBozfu7ry7R4QCetFqDzUL2cbK2LGYV-JLOJ644HLrHr0DH6jezFpCb5WIoORh7fkpHCxj4F6mHfOvxRDMwHyr_fIdbjH3Xj2TepDTE%3D
[2026-01-20 21:20:10,376] INFO: Worker 0 finished area Новое Ибрайкино; total collected 119
[2026-01-20 21:20:10,376] INFO: Worker 0 scanning area Нурлаты (7030)
[2026-01-20 21:20:10,438] ERROR: Unexpected status 403 for https://api.hh.ru/vacancies: {"errors":[{"value":"captcha_required","captcha_url":"https://hh.ru/account/captcha?state=pxvcxBozfu7ry7R4QCetFqDzUL2cbK2LGYV-JLOJ644HLrHr0DH6jezFpCb5WIoORh7fkpHCxj4F6mHfOvxRDGxLVZLMDHCqYllk-5_IKtM%3D
[2026-01-20 21:20:10,438] INFO: Worker 3 finished area Новое Шигалеево (Татарстан); total collected 119
[2026-01-20 21:20:10,438] INFO: Worker 3 scanning area Октябрьский (Республика Татарстан) (7158)
[2026-01-20 21:20:10,470] ERROR: Unexpected status 403 for https://api.hh.ru/vacancies: {"errors":[{"value":"captcha_required","captcha_url":"https://hh.ru/account/captcha?state=pxvcxBozfu7ry7R4QCetFqDzUL2cbK2LGYV-JLOJ644HLrHr0DH6jezFpCb5WIoORh7fkpHCxj4F6mHfOvxRDOtKoGFYRA-ryd1LWGoUxO0%3D
[2026-01-20 21:20:10,471] INFO: Worker 1 finished area Нижние Вязовые; total collected 119
[2026-01-20 21:20:10,471] INFO: Worker 1 scanning area Осиново (4183)
[2026-01-20 21:20:10,487] ERROR: Unexpected status 403 for https://api.hh.ru/vacancies: {"errors":[{"value":"captcha_required","captcha_url":"https://hh.ru/account/captcha?state=pxvcxBozfu7ry7R4QCetFqDzUL2cbK2LGYV-JLOJ644HLrHr0DH6jezFpCb5WIoORh7fkpHCxj4F6mHfOvxRDNwWlstLaUbDDhZ6wFiyXu4%3D
[2026-01-20 21:20:10,487] INFO: Worker 4 finished area Нижняя Мактама; total collected 119
[2026-01-20 21:20:10,487] INFO: Worker 4 scanning area Пановка (Республика Татарстан) (11857)
[2026-01-20 21:20:10,505] ERROR: Unexpected status 403 for https://api.hh.ru/vacancies: {"errors":[{"value":"captcha_required","captcha_url":"https://hh.ru/account/captcha?state=pxvcxBozfu7ry7R4QCetFqDzUL2cbK2LGYV-JLOJ644HLrHr0DH6jezFpCb5WIoORh7fkpHCxj4F6mHfOvxRDI1pIvtRZtEm1J7sh-ompLI%3D
[2026-01-20 21:20:10,505] INFO: Worker 7 finished area Новое Шигалиево; total collected 119
[2026-01-20 21:20:10,505] INFO: Worker 7 scanning area Пестрецы (2725)
[2026-01-20 21:20:10,606] ERROR: Unexpected status 403 for https://api.hh.ru/vacancies: {"errors":[{"value":"captcha_required","captcha_url":"https://hh.ru/account/captcha?state=pxvcxBozfu7ry7R4QCetFqDzUL2cbK2LGYV-JLOJ644HLrHr0DH6jezFpCb5WIoORh7fkpHCxj4F6mHfOvxRDH01PsOOvW62GYD13qxjQFM%3D
[2026-01-20 21:20:10,606] INFO: Worker 6 finished area Новошешминск; total collected 119
[2026-01-20 21:20:10,607] INFO: Worker 6 scanning area Песчаные Ковали (7217)
[2026-01-20 21:20:10,640] ERROR: Unexpected status 403 for https://api.hh.ru/vacancies: {"errors":[{"value":"captcha_required","captcha_url":"https://hh.ru/account/captcha?state=pxvcxBozfu7ry7R4QCetFqDzUL2cbK2LGYV-JLOJ644HLrHr0DH6jezFpCb5WIoORh7fkpHCxj4F6mHfOvxRDDRKnPk5atpK1RMC61Vo6Fc%3D
[2026-01-20 21:20:10,640] INFO: Worker 5 finished area Новый Кинер; total collected 119
[2026-01-20 21:20:10,640] INFO: Worker 5 scanning area Петровский Завод (7136)
[2026-01-20 21:20:10,746] ERROR: Unexpected status 403 for https://api.hh.ru/vacancies: {"errors":[{"value":"captcha_required","captcha_url":"https://hh.ru/account/captcha?state=pxvcxBozfu7ry7R4QCetFqDzUL2cbK2LGYV-JLOJ644HLrHr0DH6jezFpCb5WIoORh7fkpHCxj4F6mHfOvxRDCs5HCy6lRO2M9yeH1x7_Z4%3D
[2026-01-20 21:20:10,746] INFO: Worker 3 finished area Октябрьский (Республика Татарстан); total collected 119
[2026-01-20 21:20:10,746] INFO: Worker 3 scanning area Победа (7039)
[2026-01-20 21:20:10,883] ERROR: Unexpected status 403 for https://api.hh.ru/vacancies: {"errors":[{"value":"captcha_required","captcha_url":"https://hh.ru/account/captcha?state=pxvcxBozfu7ry7R4QCetFqDzUL2cbK2LGYV-JLOJ644HLrHr0DH6jezFpCb5WIoORh7fkpHCxj4F6mHfOvxRDA7_yO6uk-cntt1ObGgkysE%3D
[2026-01-20 21:20:10,884] INFO: Worker 4 finished area Пановка (Республика Татарстан); total collected 119
[2026-01-20 21:20:10,884] INFO: Worker 4 scanning area Поисево (7081)
[2026-01-20 21:20:10,904] ERROR: Unexpected status 403 for https://api.hh.ru/vacancies: {"errors":[{"value":"captcha_required","captcha_url":"https://hh.ru/account/captcha?state=pxvcxBozfu7ry7R4QCetFqDzUL2cbK2LGYV-JLOJ644HLrHr0DH6jezFpCb5WIoORh7fkpHCxj4F6mHfOvxRDJ-Qk5ydfjsy-91KKnYP7bM%3D
[2026-01-20 21:20:10,904] INFO: Worker 1 finished area Осиново; total collected 119
[2026-01-20 21:20:10,904] INFO: Worker 1 scanning area Поселок Бирюлинского Зверосовхоза (7159)
[2026-01-20 21:20:10,927] ERROR: Unexpected status 403 for https://api.hh.ru/vacancies: {"errors":[{"value":"captcha_required","captcha_url":"https://hh.ru/account/captcha?state=pxvcxBozfu7ry7R4QCetFqDzUL2cbK2LGYV-JLOJ644HLrHr0DH6jezFpCb5WIoORh7fkpHCxj4F6mHfOvxRDBv4s4nHHkDdGYnaqftknwI%3D
[2026-01-20 21:20:10,927] INFO: Worker 7 finished area Пестрецы; total collected 119
[2026-01-20 21:20:10,927] INFO: Worker 7 scanning area Поселок станции Каратун (7052)
[2026-01-20 21:20:10,936] ERROR: Unexpected status 403 for https://api.hh.ru/vacancies: {"errors":[{"value":"captcha_required","captcha_url":"https://hh.ru/account/captcha?state=pxvcxBozfu7ry7R4QCetFqDzUL2cbK2LGYV-JLOJ644HLrHr0DH6jezFpCb5WIoORh7fkpHCxj4F6mHfOvxRDEtP_LF4-NhJtiIvV6EZXuk%3D
[2026-01-20 21:20:10,936] INFO: Worker 0 finished area Нурлаты; total collected 119
[2026-01-20 21:20:10,936] INFO: Worker 0 scanning area Русский Акташ (4184)
[2026-01-20 21:20:10,973] ERROR: Unexpected status 403 for https://api.hh.ru/vacancies: {"errors":[{"value":"captcha_required","captcha_url":"https://hh.ru/account/captcha?state=pxvcxBozfu7ry7R4QCetFqDzUL2cbK2LGYV-JLOJ644HLrHr0DH6jezFpCb5WIoORh7fkpHCxj4F6mHfOvxRDPA2MXb5MhvpRxABS6h38Fo%3D
[2026-01-20 21:20:10,973] INFO: Worker 5 finished area Петровский Завод; total collected 119
[2026-01-20 21:20:10,973] INFO: Worker 5 scanning area Рыбная Слобода (4185)
[2026-01-20 21:20:11,112] ERROR: Unexpected status 403 for https://api.hh.ru/vacancies: {"errors":[{"value":"captcha_required","captcha_url":"https://hh.ru/account/captcha?state=pxvcxBozfu7ry7R4QCetFqDzUL2cbK2LGYV-JLOJ644HLrHr0DH6jezFpCb5WIoORh7fkpHCxj4F6mHfOvxRDN77T0X-OyV_nVzIZEfUYpc%3D
[2026-01-20 21:20:11,113] INFO: Worker 3 finished area Победа; total collected 119
[2026-01-20 21:20:11,113] INFO: Worker 3 scanning area Саклов-Баш (7275)
[2026-01-20 21:20:11,196] ERROR: Unexpected status 403 for https://api.hh.ru/vacancies: {"errors":[{"value":"captcha_required","captcha_url":"https://hh.ru/account/captcha?state=pxvcxBozfu7ry7R4QCetFqDzUL2cbK2LGYV-JLOJ644HLrHr0DH6jezFpCb5WIoORh7fkpHCxj4F6mHfOvxRDPgekbut9AUHPkXWMbplao4%3D
[2026-01-20 21:20:11,196] INFO: Worker 6 finished area Песчаные Ковали; total collected 119
[2026-01-20 21:20:11,196] INFO: Worker 6 scanning area Сарманово (4186)
[2026-01-20 21:20:11,262] ERROR: Unexpected status 403 for https://api.hh.ru/vacancies: {"errors":[{"value":"captcha_required","captcha_url":"https://hh.ru/account/captcha?state=pxvcxBozfu7ry7R4QCetFqDzUL2cbK2LGYV-JLOJ644HLrHr0DH6jezFpCb5WIoORh7fkpHCxj4F6mHfOvxRDJ-jjq0vagUnZPB-V4k2Rro%3D
[2026-01-20 21:20:11,262] INFO: Worker 0 finished area Русский Акташ; total collected 119
[2026-01-20 21:20:11,262] INFO: Worker 0 scanning area Сатламышево (7229)
[2026-01-20 21:20:11,267] ERROR: Unexpected status 403 for https://api.hh.ru/vacancies: {"errors":[{"value":"captcha_required","captcha_url":"https://hh.ru/account/captcha?state=pxvcxBozfu7ry7R4QCetFqDzUL2cbK2LGYV-JLOJ644HLrHr0DH6jezFpCb5WIoORh7fkpHCxj4F6mHfOvxRDGEXFAj1MxxCq9yyCwr82lc%3D
[2026-01-20 21:20:11,267] INFO: Worker 2 finished area Нурлат; total collected 119
[2026-01-20 21:20:11,267] INFO: Worker 2 scanning area Светлое Озеро (7047)
[2026-01-20 21:20:11,356] ERROR: Unexpected status 403 for https://api.hh.ru/vacancies: {"errors":[{"value":"captcha_required","captcha_url":"https://hh.ru/account/captcha?state=pxvcxBozfu7ry7R4QCetFqDzUL2cbK2LGYV-JLOJ644HLrHr0DH6jezFpCb5WIoORh7fkpHCxj4F6mHfOvxRDLSA-ovXZEEBgSHr0Hvrccg%3D
[2026-01-20 21:20:11,356] INFO: Worker 5 finished area Рыбная Слобода; total collected 119
[2026-01-20 21:20:11,356] INFO: Worker 5 scanning area Совхоз Татарстан (7235)
[2026-01-20 21:20:11,376] ERROR: Unexpected status 403 for https://api.hh.ru/vacancies: {"errors":[{"value":"captcha_required","captcha_url":"https://hh.ru/account/captcha?state=pxvcxBozfu7ry7R4QCetFqDzUL2cbK2LGYV-JLOJ644HLrHr0DH6jezFpCb5WIoORh7fkpHCxj4F6mHfOvxRDBwx49dxkxWun5fF3TlWwUM%3D
[2026-01-20 21:20:11,376] INFO: Worker 4 finished area Поисево; total collected 119
[2026-01-20 21:20:11,377] INFO: Worker 4 scanning area Сокуры (6317)
[2026-01-20 21:20:11,380] ERROR: Unexpected status 403 for https://api.hh.ru/vacancies: {"errors":[{"value":"captcha_required","captcha_url":"https://hh.ru/account/captcha?state=pxvcxBozfu7ry7R4QCetFqDzUL2cbK2LGYV-JLOJ644HLrHr0DH6jezFpCb5WIoORh7fkpHCxj4F6mHfOvxRDITnZk3YmeYREQmwGp-vGJk%3D
[2026-01-20 21:20:11,380] INFO: Worker 3 finished area Саклов-Баш; total collected 119
[2026-01-20 21:20:11,380] INFO: Worker 3 scanning area Старое Альметьево (7183)
[2026-01-20 21:20:11,400] ERROR: Unexpected status 403 for https://api.hh.ru/vacancies: {"errors":[{"value":"captcha_required","captcha_url":"https://hh.ru/account/captcha?state=pxvcxBozfu7ry7R4QCetFqDzUL2cbK2LGYV-JLOJ644HLrHr0DH6jezFpCb5WIoORh7fkpHCxj4F6mHfOvxRDEssql25H_ObuMp4n-UllfI%3D
[2026-01-20 21:20:11,400] INFO: Worker 7 finished area Поселок станции Каратун; total collected 119
[2026-01-20 21:20:11,400] INFO: Worker 7 scanning area Старое Дрожжаное (3692)
[2026-01-20 21:20:11,482] ERROR: Unexpected status 403 for https://api.hh.ru/vacancies: {"errors":[{"value":"captcha_required","captcha_url":"https://hh.ru/account/captcha?state=pxvcxBozfu7ry7R4QCetFqDzUL2cbK2LGYV-JLOJ644HLrHr0DH6jezFpCb5WIoORh7fkpHCxj4F6mHfOvxRDF9OtypJw4LEfgPfThAx52M%3D
[2026-01-20 21:20:11,482] INFO: Worker 6 finished area Сарманово; total collected 119
[2026-01-20 21:20:11,482] INFO: Worker 6 scanning area Старое Сафарово (7042)
[2026-01-20 21:20:11,537] ERROR: Unexpected status 403 for https://api.hh.ru/vacancies: {"errors":[{"value":"captcha_required","captcha_url":"https://hh.ru/account/captcha?state=pxvcxBozfu7ry7R4QCetFqDzUL2cbK2LGYV-JLOJ644HLrHr0DH6jezFpCb5WIoORh7fkpHCxj4F6mHfOvxRDKPm-hl2OUKlphyZ71LUR9M%3D
[2026-01-20 21:20:11,537] INFO: Worker 0 finished area Сатламышево; total collected 119
[2026-01-20 21:20:11,537] INFO: Worker 0 scanning area Старое Шаймурзино (7223)
[2026-01-20 21:20:11,698] ERROR: Unexpected status 403 for https://api.hh.ru/vacancies: {"errors":[{"value":"captcha_required","captcha_url":"https://hh.ru/account/captcha?state=pxvcxBozfu7ry7R4QCetFqDzUL2cbK2LGYV-JLOJ644HLrHr0DH6jezFpCb5WIoORh7fkpHCxj4F6mHfOvxRDFEgWBu3QgR2DaGJ7yOMJbo%3D
[2026-01-20 21:20:11,699] INFO: Worker 3 finished area Старое Альметьево; total collected 119
[2026-01-20 21:20:11,699] INFO: Worker 3 scanning area Старошешминск (7211)
[2026-01-20 21:20:11,739] ERROR: Unexpected status 403 for https://api.hh.ru/vacancies: {"errors":[{"value":"captcha_required","captcha_url":"https://hh.ru/account/captcha?state=pxvcxBozfu7ry7R4QCetFqDzUL2cbK2LGYV-JLOJ644HLrHr0DH6jezFpCb5WIoORh7fkpHCxj4F6mHfOvxRDNoAqcqa9k3WsTmMGJ2QXJs%3D
[2026-01-20 21:20:11,739] INFO: Worker 7 finished area Старое Дрожжаное; total collected 119
[2026-01-20 21:20:11,739] INFO: Worker 7 scanning area Старые Бугады (7250)
[2026-01-20 21:20:11,742] ERROR: Unexpected status 403 for https://api.hh.ru/vacancies: {"errors":[{"value":"captcha_required","captcha_url":"https://hh.ru/account/captcha?state=pxvcxBozfu7ry7R4QCetFqDzUL2cbK2LGYV-JLOJ644HLrHr0DH6jezFpCb5WIoORh7fkpHCxj4F6mHfOvxRDMYSxe590uvIo-3cwfoNIOs%3D
[2026-01-20 21:20:11,742] INFO: Worker 5 finished area Совхоз Татарстан; total collected 119
[2026-01-20 21:20:11,743] INFO: Worker 5 scanning area Старые Карамалы (7245)
[2026-01-20 21:20:11,753] ERROR: Unexpected status 403 for https://api.hh.ru/vacancies: {"errors":[{"value":"captcha_required","captcha_url":"https://hh.ru/account/captcha?state=pxvcxBozfu7ry7R4QCetFqDzUL2cbK2LGYV-JLOJ644HLrHr0DH6jezFpCb5WIoORh7fkpHCxj4F6mHfOvxRDArD7_U5tmBL2Q0ITtOIiQY%3D
[2026-01-20 21:20:11,753] INFO: Worker 1 finished area Поселок Бирюлинского Зверосовхоза; total collected 119
[2026-01-20 21:20:11,753] INFO: Worker 1 scanning area Старые Челны (7247)
[2026-01-20 21:20:11,763] ERROR: Unexpected status 403 for https://api.hh.ru/vacancies: {"errors":[{"value":"captcha_required","captcha_url":"https://hh.ru/account/captcha?state=pxvcxBozfu7ry7R4QCetFqDzUL2cbK2LGYV-JLOJ644HLrHr0DH6jezFpCb5WIoORh7fkpHCxj4F6mHfOvxRDCAq5HNKilDiEa6HZsZYMCU%3D
[2026-01-20 21:20:11,764] INFO: Worker 6 finished area Старое Сафарово; total collected 119
[2026-01-20 21:20:11,764] INFO: Worker 6 scanning area Старый Кашир (7118)
[2026-01-20 21:20:11,814] ERROR: Unexpected status 403 for https://api.hh.ru/vacancies: {"errors":[{"value":"captcha_required","captcha_url":"https://hh.ru/account/captcha?state=pxvcxBozfu7ry7R4QCetFqDzUL2cbK2LGYV-JLOJ644HLrHr0DH6jezFpCb5WIoORh7fkpHCxj4F6mHfOvxRDM9dmXo1rQzvYWNWS9SUdCY%3D
[2026-01-20 21:20:11,814] INFO: Worker 2 finished area Светлое Озеро; total collected 119
[2026-01-20 21:20:11,814] INFO: Worker 2 scanning area Старый Кувак (7215)
[2026-01-20 21:20:11,848] ERROR: Unexpected status 403 for https://api.hh.ru/vacancies: {"errors":[{"value":"captcha_required","captcha_url":"https://hh.ru/account/captcha?state=pxvcxBozfu7ry7R4QCetFqDzUL2cbK2LGYV-JLOJ644HLrHr0DH6jezFpCb5WIoORh7fkpHCxj4F6mHfOvxRDEvzRdEE4-x2e4QDFh6rrSE%3D
[2026-01-20 21:20:11,848] INFO: Worker 0 finished area Старое Шаймурзино; total collected 119
[2026-01-20 21:20:11,849] INFO: Worker 0 scanning area Старый Юраш (7103)
[2026-01-20 21:20:12,060] ERROR: Unexpected status 403 for https://api.hh.ru/vacancies: {"errors":[{"value":"captcha_required","captcha_url":"https://hh.ru/account/captcha?state=pxvcxBozfu7ry7R4QCetFqDzUL2cbK2LGYV-JLOJ644HLrHr0DH6jezFpCb5WIoORh7fkpHCxj4F6mHfOvxRDHoqh65G55BW-aCdq95JzHU%3D
[2026-01-20 21:20:12,060] INFO: Worker 5 finished area Старые Карамалы; total collected 119
[2026-01-20 21:20:12,060] INFO: Worker 5 scanning area Столбище (6315)
[2026-01-20 21:20:12,111] ERROR: Unexpected status 403 for https://api.hh.ru/vacancies: {"errors":[{"value":"captcha_required","captcha_url":"https://hh.ru/account/captcha?state=pxvcxBozfu7ry7R4QCetFqDzUL2cbK2LGYV-JLOJ644HLrHr0DH6jezFpCb5WIoORh7fkpHCxj4F6mHfOvxRDM5hjRIMshHrOGZ9bOtebEo%3D
[2026-01-20 21:20:12,111] INFO: Worker 6 finished area Старый Кашир; total collected 119
[2026-01-20 21:20:12,111] INFO: Worker 6 scanning area Сулеево (7179)
[2026-01-20 21:20:12,147] ERROR: Unexpected status 403 for https://api.hh.ru/vacancies: {"errors":[{"value":"captcha_required","captcha_url":"https://hh.ru/account/captcha?state=pxvcxBozfu7ry7R4QCetFqDzUL2cbK2LGYV-JLOJ644HLrHr0DH6jezFpCb5WIoORh7fkpHCxj4F6mHfOvxRDKmILZSZYbx3PBmjzZ3_r-M%3D
[2026-01-20 21:20:12,148] INFO: Worker 1 finished area Старые Челны; total collected 119
[2026-01-20 21:20:12,148] INFO: Worker 1 scanning area Такталачук (7019)
[2026-01-20 21:20:12,165] ERROR: Unexpected status 403 for https://api.hh.ru/vacancies: {"errors":[{"value":"captcha_required","captcha_url":"https://hh.ru/account/captcha?state=pxvcxBozfu7ry7R4QCetFqDzUL2cbK2LGYV-JLOJ644HLrHr0DH6jezFpCb5WIoORh7fkpHCxj4F6mHfOvxRDPhwxxC8TTVyVyYTzn6VHhE%3D
[2026-01-20 21:20:12,165] INFO: Worker 3 finished area Старошешминск; total collected 119
[2026-01-20 21:20:12,165] INFO: Worker 3 scanning area Татарские Суксы (7046)
[2026-01-20 21:20:12,190] ERROR: Unexpected status 403 for https://api.hh.ru/vacancies: {"errors":[{"value":"captcha_required","captcha_url":"https://hh.ru/account/captcha?state=pxvcxBozfu7ry7R4QCetFqDzUL2cbK2LGYV-JLOJ644HLrHr0DH6jezFpCb5WIoORh7fkpHCxj4F6mHfOvxRDEswkm8TAWHkmcgj9HxZ17I%3D
[2026-01-20 21:20:12,190] INFO: Worker 4 finished area Сокуры; total collected 119
[2026-01-20 21:20:12,190] INFO: Worker 4 scanning area Татарские Ямалы (7246)
[2026-01-20 21:20:12,221] ERROR: Unexpected status 403 for https://api.hh.ru/vacancies: {"errors":[{"value":"captcha_required","captcha_url":"https://hh.ru/account/captcha?state=pxvcxBozfu7ry7R4QCetFqDzUL2cbK2LGYV-JLOJ644HLrHr0DH6jezFpCb5WIoORh7fkpHCxj4F6mHfOvxRDLn8WDZu4GeAMlDASZESldY%3D
[2026-01-20 21:20:12,221] INFO: Worker 0 finished area Старый Юраш; total collected 119
[2026-01-20 21:20:12,221] INFO: Worker 0 scanning area Татарский Сарсаз (7252)
[2026-01-20 21:20:12,298] ERROR: Unexpected status 403 for https://api.hh.ru/vacancies: {"errors":[{"value":"captcha_required","captcha_url":"https://hh.ru/account/captcha?state=pxvcxBozfu7ry7R4QCetFqDzUL2cbK2LGYV-JLOJ644HLrHr0DH6jezFpCb5WIoORh7fkpHCxj4F6mHfOvxRDBjCqPuAjAXBFyRguC7DwCw%3D
[2026-01-20 21:20:12,298] INFO: Worker 2 finished area Старый Кувак; total collected 119
[2026-01-20 21:20:12,298] INFO: Worker 2 scanning area Татарское Адельшино (7131)
[2026-01-20 21:20:12,324] ERROR: Unexpected status 403 for https://api.hh.ru/vacancies: {"errors":[{"value":"captcha_required","captcha_url":"https://hh.ru/account/captcha?state=pxvcxBozfu7ry7R4QCetFqDzUL2cbK2LGYV-JLOJ644HLrHr0DH6jezFpCb5WIoORh7fkpHCxj4F6mHfOvxRDE6YJkMwcSt3tUqLc7ZTSo4%3D
[2026-01-20 21:20:12,324] INFO: Worker 7 finished area Старые Бугады; total collected 119
[2026-01-20 21:20:12,324] INFO: Worker 7 scanning area Тенишево (7073)
[2026-01-20 21:20:12,520] ERROR: Unexpected status 403 for https://api.hh.ru/vacancies: {"errors":[{"value":"captcha_required","captcha_url":"https://hh.ru/account/captcha?state=pxvcxBozfu7ry7R4QCetFqDzUL2cbK2LGYV-JLOJ644HLrHr0DH6jezFpCb5WIoORh7fkpHCxj4F6mHfOvxRDJIOjCbsmX0qB51KVpUaL18%3D
[2026-01-20 21:20:12,520] INFO: Worker 3 finished area Татарские Суксы; total collected 119
[2026-01-20 21:20:12,521] INFO: Worker 3 scanning area Теньки (7109)
[2026-01-20 21:20:12,530] ERROR: Unexpected status 403 for https://api.hh.ru/vacancies: {"errors":[{"value":"captcha_required","captcha_url":"https://hh.ru/account/captcha?state=pxvcxBozfu7ry7R4QCetFqDzUL2cbK2LGYV-JLOJ644HLrHr0DH6jezFpCb5WIoORh7fkpHCxj4F6mHfOvxRDCj6nngeNQ487Qh7wH_pdU4%3D
[2026-01-20 21:20:12,530] INFO: Worker 6 finished area Сулеево; total collected 119
[2026-01-20 21:20:12,530] INFO: Worker 6 scanning area Терси (7218)
[2026-01-20 21:20:12,581] ERROR: Unexpected status 403 for https://api.hh.ru/vacancies: {"errors":[{"value":"captcha_required","captcha_url":"https://hh.ru/account/captcha?state=pxvcxBozfu7ry7R4QCetFqDzUL2cbK2LGYV-JLOJ644HLrHr0DH6jezFpCb5WIoORh7fkpHCxj4F6mHfOvxRDLU1MuornNO9n3TES3I_qgs%3D
[2026-01-20 21:20:12,581] INFO: Worker 1 finished area Такталачук; total collected 119
[2026-01-20 21:20:12,582] INFO: Worker 1 scanning area Тетюши (1644)
[2026-01-20 21:20:12,598] ERROR: Unexpected status 403 for https://api.hh.ru/vacancies: {"errors":[{"value":"captcha_required","captcha_url":"https://hh.ru/account/captcha?state=pxvcxBozfu7ry7R4QCetFqDzUL2cbK2LGYV-JLOJ644HLrHr0DH6jezFpCb5WIoORh7fkpHCxj4F6mHfOvxRDCrJ1FjQpfnWJphkcpbfwb0%3D
[2026-01-20 21:20:12,598] INFO: Worker 0 finished area Татарский Сарсаз; total collected 119
[2026-01-20 21:20:12,598] INFO: Worker 0 scanning area Тимяшево (5115)
[2026-01-20 21:20:12,609] ERROR: Unexpected status 403 for https://api.hh.ru/vacancies: {"errors":[{"value":"captcha_required","captcha_url":"https://hh.ru/account/captcha?state=pxvcxBozfu7ry7R4QCetFqDzUL2cbK2LGYV-JLOJ644HLrHr0DH6jezFpCb5WIoORh7fkpHCxj4F6mHfOvxRDCnhpvl6_P_FaMYZZSTLkR4%3D
[2026-01-20 21:20:12,609] INFO: Worker 4 finished area Татарские Ямалы; total collected 119
[2026-01-20 21:20:12,609] INFO: Worker 4 scanning area Тлянче-Тамак (7101)
[2026-01-20 21:20:12,647] ERROR: Unexpected status 403 for https://api.hh.ru/vacancies: {"errors":[{"value":"captcha_required","captcha_url":"https://hh.ru/account/captcha?state=pxvcxBozfu7ry7R4QCetFqDzUL2cbK2LGYV-JLOJ644HLrHr0DH6jezFpCb5WIoORh7fkpHCxj4F6mHfOvxRDFpLyia-VqEooHPK1DuYsjY%3D
[2026-01-20 21:20:12,647] INFO: Worker 2 finished area Татарское Адельшино; total collected 119
[2026-01-20 21:20:12,647] INFO: Worker 2 scanning area Тумутук (7219)
[2026-01-20 21:20:12,652] ERROR: Unexpected status 403 for https://api.hh.ru/vacancies: {"errors":[{"value":"captcha_required","captcha_url":"https://hh.ru/account/captcha?state=pxvcxBozfu7ry7R4QCetFqDzUL2cbK2LGYV-JLOJ644HLrHr0DH6jezFpCb5WIoORh7fkpHCxj4F6mHfOvxRDPcumVjk8rDNx-7v3ahtDlk%3D
[2026-01-20 21:20:12,652] INFO: Worker 7 finished area Тенишево; total collected 119
[2026-01-20 21:20:12,652] INFO: Worker 7 scanning area Тюлячи (4187)
[2026-01-20 21:20:12,788] ERROR: Unexpected status 403 for https://api.hh.ru/vacancies: {"errors":[{"value":"captcha_required","captcha_url":"https://hh.ru/account/captcha?state=pxvcxBozfu7ry7R4QCetFqDzUL2cbK2LGYV-JLOJ644HLrHr0DH6jezFpCb5WIoORh7fkpHCxj4F6mHfOvxRDNM0oq3RZqVQ5qrP0zYBVjc%3D
[2026-01-20 21:20:12,788] INFO: Worker 5 finished area Столбище; total collected 119
[2026-01-20 21:20:12,788] INFO: Worker 5 scanning area Тюрнясево (7060)
[2026-01-20 21:20:12,864] ERROR: Unexpected status 403 for https://api.hh.ru/vacancies: {"errors":[{"value":"captcha_required","captcha_url":"https://hh.ru/account/captcha?state=pxvcxBozfu7ry7R4QCetFqDzUL2cbK2LGYV-JLOJ644HLrHr0DH6jezFpCb5WIoORh7fkpHCxj4F6mHfOvxRDLxn3UquqNlZEDfBhuLzyd8%3D
[2026-01-20 21:20:12,864] INFO: Worker 6 finished area Терси; total collected 119
[2026-01-20 21:20:12,864] INFO: Worker 6 scanning area Убей (4188)
[2026-01-20 21:20:12,960] ERROR: Unexpected status 403 for https://api.hh.ru/vacancies: {"errors":[{"value":"captcha_required","captcha_url":"https://hh.ru/account/captcha?state=pxvcxBozfu7ry7R4QCetFqDzUL2cbK2LGYV-JLOJ644HLrHr0DH6jezFpCb5WIoORh7fkpHCxj4F6mHfOvxRDN_VYfwqkrGiibn5N4FUeFk%3D
[2026-01-20 21:20:12,961] INFO: Worker 4 finished area Тлянче-Тамак; total collected 119
[2026-01-20 21:20:12,961] INFO: Worker 4 scanning area Урняк (7151)
[2026-01-20 21:20:13,022] ERROR: Unexpected status 403 for https://api.hh.ru/vacancies: {"errors":[{"value":"captcha_required","captcha_url":"https://hh.ru/account/captcha?state=pxvcxBozfu7ry7R4QCetFqDzUL2cbK2LGYV-JLOJ644HLrHr0DH6jezFpCb5WIoORh7fkpHCxj4F6mHfOvxRDEULN9bgEQV2VdR2gqA3qCQ%3D
[2026-01-20 21:20:13,022] INFO: Worker 0 finished area Тимяшево; total collected 119
[2026-01-20 21:20:13,022] INFO: Worker 0 scanning area Уруссу (2953)
[2026-01-20 21:20:13,047] ERROR: Unexpected status 403 for https://api.hh.ru/vacancies: {"errors":[{"value":"captcha_required","captcha_url":"https://hh.ru/account/captcha?state=pxvcxBozfu7ry7R4QCetFqDzUL2cbK2LGYV-JLOJ644HLrHr0DH6jezFpCb5WIoORh7fkpHCxj4F6mHfOvxRDKeaPpTDRXcEbtCHL7T0p4o%3D
[2026-01-20 21:20:13,047] INFO: Worker 7 finished area Тюлячи; total collected 119
[2026-01-20 21:20:13,048] INFO: Worker 7 scanning area Урюм (7148)
[2026-01-20 21:20:13,096] ERROR: Unexpected status 403 for https://api.hh.ru/vacancies: {"errors":[{"value":"captcha_required","captcha_url":"https://hh.ru/account/captcha?state=pxvcxBozfu7ry7R4QCetFqDzUL2cbK2LGYV-JLOJ644HLrHr0DH6jezFpCb5WIoORh7fkpHCxj4F6mHfOvxRDF-KPcaT8TAtA72qSINcGEo%3D
[2026-01-20 21:20:13,096] INFO: Worker 1 finished area Тетюши; total collected 119
[2026-01-20 21:20:13,097] INFO: Worker 1 scanning area Усады (6465)
[2026-01-20 21:20:13,111] ERROR: Unexpected status 403 for https://api.hh.ru/vacancies: {"errors":[{"value":"captcha_required","captcha_url":"https://hh.ru/account/captcha?state=pxvcxBozfu7ry7R4QCetFqDzUL2cbK2LGYV-JLOJ644HLrHr0DH6jezFpCb5WIoORh7fkpHCxj4F6mHfOvxRDL0EvOTmLyjimQgdoBa3Gd0%3D
[2026-01-20 21:20:13,111] INFO: Worker 3 finished area Теньки; total collected 119
[2026-01-20 21:20:13,111] INFO: Worker 3 scanning area Учалле (7016)
[2026-01-20 21:20:13,122] ERROR: Unexpected status 403 for https://api.hh.ru/vacancies: {"errors":[{"value":"captcha_required","captcha_url":"https://hh.ru/account/captcha?state=pxvcxBozfu7ry7R4QCetFqDzUL2cbK2LGYV-JLOJ644HLrHr0DH6jezFpCb5WIoORh7fkpHCxj4F6mHfOvxRDCppv79M6-ZyQl7EoCe6iDw%3D
[2026-01-20 21:20:13,122] INFO: Worker 2 finished area Тумутук; total collected 119
[2026-01-20 21:20:13,122] INFO: Worker 2 scanning area Хозесаново (7130)
[2026-01-20 21:20:13,195] ERROR: Unexpected status 403 for https://api.hh.ru/vacancies: {"errors":[{"value":"captcha_required","captcha_url":"https://hh.ru/account/captcha?state=pxvcxBozfu7ry7R4QCetFqDzUL2cbK2LGYV-JLOJ644HLrHr0DH6jezFpCb5WIoORh7fkpHCxj4F6mHfOvxRDMe1tmMz1lkDsHSiPXDzI6Q%3D
[2026-01-20 21:20:13,195] INFO: Worker 6 finished area Убей; total collected 119
[2026-01-20 21:20:13,195] INFO: Worker 6 scanning area Ципья (7084)
[2026-01-20 21:20:13,290] ERROR: Unexpected status 403 for https://api.hh.ru/vacancies: {"errors":[{"value":"captcha_required","captcha_url":"https://hh.ru/account/captcha?state=pxvcxBozfu7ry7R4QCetFqDzUL2cbK2LGYV-JLOJ644HLrHr0DH6jezFpCb5WIoORh7fkpHCxj4F6mHfOvxRDLaKbBa14eCD0iTBFbwbC_s%3D
[2026-01-20 21:20:13,290] INFO: Worker 4 finished area Урняк; total collected 119
[2026-01-20 21:20:13,290] INFO: Worker 4 scanning area Чалпы (7228)
[2026-01-20 21:20:13,298] ERROR: Unexpected status 403 for https://api.hh.ru/vacancies: {"errors":[{"value":"captcha_required","captcha_url":"https://hh.ru/account/captcha?state=pxvcxBozfu7ry7R4QCetFqDzUL2cbK2LGYV-JLOJ644HLrHr0DH6jezFpCb5WIoORh7fkpHCxj4F6mHfOvxRDPIzw3hkZVipeoUcAxB1_fM%3D
[2026-01-20 21:20:13,299] INFO: Worker 5 finished area Тюрнясево; total collected 119
[2026-01-20 21:20:13,299] INFO: Worker 5 scanning area Чепчуги (7203)
[2026-01-20 21:20:13,327] ERROR: Unexpected status 403 for https://api.hh.ru/vacancies: {"errors":[{"value":"captcha_required","captcha_url":"https://hh.ru/account/captcha?state=pxvcxBozfu7ry7R4QCetFqDzUL2cbK2LGYV-JLOJ644HLrHr0DH6jezFpCb5WIoORh7fkpHCxj4F6mHfOvxRDACh75JIK-RWYeWnIE7rKQg%3D
[2026-01-20 21:20:13,327] INFO: Worker 7 finished area Урюм; total collected 119
[2026-01-20 21:20:13,327] INFO: Worker 7 scanning area Черемшан (4189)
[2026-01-20 21:20:13,396] ERROR: Unexpected status 403 for https://api.hh.ru/vacancies: {"errors":[{"value":"captcha_required","captcha_url":"https://hh.ru/account/captcha?state=pxvcxBozfu7ry7R4QCetFqDzUL2cbK2LGYV-JLOJ644HLrHr0DH6jezFpCb5WIoORh7fkpHCxj4F6mHfOvxRDPbZ_YHqhhepCBEhHWYCjSg%3D
[2026-01-20 21:20:13,397] INFO: Worker 3 finished area Учалле; total collected 119
[2026-01-20 21:20:13,397] INFO: Worker 3 scanning area Чистополь (1645)
[2026-01-20 21:20:13,409] ERROR: Unexpected status 403 for https://api.hh.ru/vacancies: {"errors":[{"value":"captcha_required","captcha_url":"https://hh.ru/account/captcha?state=pxvcxBozfu7ry7R4QCetFqDzUL2cbK2LGYV-JLOJ644HLrHr0DH6jezFpCb5WIoORh7fkpHCxj4F6mHfOvxRDOGnI_pxDt_zVbyOwGR_ejw%3D
[2026-01-20 21:20:13,409] INFO: Worker 0 finished area Уруссу; total collected 119
[2026-01-20 21:20:13,409] INFO: Worker 0 scanning area Чувашское Дрожжаное (4190)
[2026-01-20 21:20:13,528] ERROR: Unexpected status 403 for https://api.hh.ru/vacancies: {"errors":[{"value":"captcha_required","captcha_url":"https://hh.ru/account/captcha?state=pxvcxBozfu7ry7R4QCetFqDzUL2cbK2LGYV-JLOJ644HLrHr0DH6jezFpCb5WIoORh7fkpHCxj4F6mHfOvxRDIvAw058uzQgqhOvgr7p3G8%3D
[2026-01-20 21:20:13,528] INFO: Worker 2 finished area Хозесаново; total collected 119
[2026-01-20 21:20:13,528] INFO: Worker 2 scanning area Чэчэкле (7066)
[2026-01-20 21:20:13,532] ERROR: Unexpected status 403 for https://api.hh.ru/vacancies: {"errors":[{"value":"captcha_required","captcha_url":"https://hh.ru/account/captcha?state=pxvcxBozfu7ry7R4QCetFqDzUL2cbK2LGYV-JLOJ644HLrHr0DH6jezFpCb5WIoORh7fkpHCxj4F6mHfOvxRDIGanOd_MrFyRVlRZqheIa4%3D
[2026-01-20 21:20:13,532] INFO: Worker 1 finished area Усады; total collected 119
[2026-01-20 21:20:13,532] INFO: Worker 1 scanning area Шапши (7161)
[2026-01-20 21:20:13,612] ERROR: Unexpected status 403 for https://api.hh.ru/vacancies: {"errors":[{"value":"captcha_required","captcha_url":"https://hh.ru/account/captcha?state=pxvcxBozfu7ry7R4QCetFqDzUL2cbK2LGYV-JLOJ644HLrHr0DH6jezFpCb5WIoORh7fkpHCxj4F6mHfOvxRDEoOC5UTxrZn7AbBm1O-VWU%3D
[2026-01-20 21:20:13,612] INFO: Worker 5 finished area Чепчуги; total collected 119
[2026-01-20 21:20:13,612] INFO: Worker 5 scanning area Шеланга (7202)
[2026-01-20 21:20:13,635] ERROR: Unexpected status 403 for https://api.hh.ru/vacancies: {"errors":[{"value":"captcha_required","captcha_url":"https://hh.ru/account/captcha?state=pxvcxBozfu7ry7R4QCetFqDzUL2cbK2LGYV-JLOJ644HLrHr0DH6jezFpCb5WIoORh7fkpHCxj4F6mHfOvxRDMfq4txj1R5jGz7MzOzZzOY%3D
[2026-01-20 21:20:13,635] INFO: Worker 4 finished area Чалпы; total collected 119
[2026-01-20 21:20:13,635] INFO: Worker 4 scanning area Шемордан (4191)
[2026-01-20 21:20:13,872] ERROR: Unexpected status 403 for https://api.hh.ru/vacancies: {"errors":[{"value":"captcha_required","captcha_url":"https://hh.ru/account/captcha?state=pxvcxBozfu7ry7R4QCetFqDzUL2cbK2LGYV-JLOJ644HLrHr0DH6jezFpCb5WIoORh7fkpHCxj4F6mHfOvxRDIV4wLn7-Qro9uilWAxZNsQ%3D
[2026-01-20 21:20:13,872] INFO: Worker 6 finished area Ципья; total collected 119
[2026-01-20 21:20:13,872] INFO: Worker 6 scanning area Шереметьевка (7212)
[2026-01-20 21:20:13,878] ERROR: Unexpected status 403 for https://api.hh.ru/vacancies: {"errors":[{"value":"captcha_required","captcha_url":"https://hh.ru/account/captcha?state=pxvcxBozfu7ry7R4QCetFqDzUL2cbK2LGYV-JLOJ644HLrHr0DH6jezFpCb5WIoORh7fkpHCxj4F6mHfOvxRDLfc_oKOj5I3GbSEuLle5wM%3D
[2026-01-20 21:20:13,878] INFO: Worker 7 finished area Черемшан; total collected 119
[2026-01-20 21:20:13,879] INFO: Worker 7 scanning area Шингальчи (7150)
[2026-01-20 21:20:13,891] ERROR: Unexpected status 403 for https://api.hh.ru/vacancies: {"errors":[{"value":"captcha_required","captcha_url":"https://hh.ru/account/captcha?state=pxvcxBozfu7ry7R4QCetFqDzUL2cbK2LGYV-JLOJ644HLrHr0DH6jezFpCb5WIoORh7fkpHCxj4F6mHfOvxRDPqcmz0_MMVfatDopnhi0Z0%3D
[2026-01-20 21:20:13,891] INFO: Worker 1 finished area Шапши; total collected 119
[2026-01-20 21:20:13,891] INFO: Worker 1 scanning area Шипки (7050)
[2026-01-20 21:20:13,933] ERROR: Unexpected status 403 for https://api.hh.ru/vacancies: {"errors":[{"value":"captcha_required","captcha_url":"https://hh.ru/account/captcha?state=pxvcxBozfu7ry7R4QCetFqDzUL2cbK2LGYV-JLOJ644HLrHr0DH6jezFpCb5WIoORh7fkpHCxj4F6mHfOvxRDLPBGapJczSFZqnApK3DbME%3D
[2026-01-20 21:20:13,933] INFO: Worker 2 finished area Чэчэкле; total collected 119
[2026-01-20 21:20:13,933] INFO: Worker 2 scanning area Шушмабаш (7181)
[2026-01-20 21:20:14,073] ERROR: Unexpected status 403 for https://api.hh.ru/vacancies: {"errors":[{"value":"captcha_required","captcha_url":"https://hh.ru/account/captcha?state=pxvcxBozfu7ry7R4QCetFqDzUL2cbK2LGYV-JLOJ644HLrHr0DH6jezFpCb5WIoORh7fkpHCxj4F6mHfOvxRDP96Yg8TrQaUZZ1AhymVGO0%3D
[2026-01-20 21:20:14,073] INFO: Worker 5 finished area Шеланга; total collected 119
[2026-01-20 21:20:14,073] INFO: Worker 5 scanning area Юлтимерово (7283)
[2026-01-20 21:20:14,094] ERROR: Unexpected status 403 for https://api.hh.ru/vacancies: {"errors":[{"value":"captcha_required","captcha_url":"https://hh.ru/account/captcha?state=pxvcxBozfu7ry7R4QCetFqDzUL2cbK2LGYV-JLOJ644HLrHr0DH6jezFpCb5WIoORh7fkpHCxj4F6mHfOvxRDE-HyPvjJfxl4xPp0qrVDAs%3D
[2026-01-20 21:20:14,094] INFO: Worker 0 finished area Чувашское Дрожжаное; total collected 119
[2026-01-20 21:20:14,094] INFO: Worker 0 scanning area Ютаза (7034)
[2026-01-20 21:20:14,186] ERROR: Unexpected status 403 for https://api.hh.ru/vacancies: {"errors":[{"value":"captcha_required","captcha_url":"https://hh.ru/account/captcha?state=pxvcxBozfu7ry7R4QCetFqDzUL2cbK2LGYV-JLOJ644HLrHr0DH6jezFpCb5WIoORh7fkpHCxj4F6mHfOvxRDBve002qe_aJQB1YL4_bvGI%3D
[2026-01-20 21:20:14,186] INFO: Worker 7 finished area Шингальчи; total collected 119
[2026-01-20 21:20:14,186] INFO: Worker 7 scanning area Юхмачи (7251)
[2026-01-20 21:20:14,252] ERROR: Unexpected status 403 for https://api.hh.ru/vacancies: {"errors":[{"value":"captcha_required","captcha_url":"https://hh.ru/account/captcha?state=pxvcxBozfu7ry7R4QCetFqDzUL2cbK2LGYV-JLOJ644HLrHr0DH6jezFpCb5WIoORh7fkpHCxj4F6mHfOvxRDEVWARJkkD64PGcYvSW5IZY%3D
[2026-01-20 21:20:14,252] INFO: Worker 1 finished area Шипки; total collected 119
[2026-01-20 21:20:14,252] INFO: Worker 1 scanning area Удмуртская Республика (1646)
[2026-01-20 21:20:14,301] ERROR: Unexpected status 403 for https://api.hh.ru/vacancies: {"errors":[{"value":"captcha_required","captcha_url":"https://hh.ru/account/captcha?state=pxvcxBozfu7ry7R4QCetFqDzUL2cbK2LGYV-JLOJ644HLrHr0DH6jezFpCb5WIoORh7fkpHCxj4F6mHfOvxRDLzFZw9Fduk06Wy3vDFs7-c%3D
[2026-01-20 21:20:14,302] INFO: Worker 2 finished area Шушмабаш; total collected 119
[2026-01-20 21:20:14,302] INFO: Worker 2 scanning area Алнаши (4192)
[2026-01-20 21:20:14,305] ERROR: Unexpected status 403 for https://api.hh.ru/vacancies: {"errors":[{"value":"captcha_required","captcha_url":"https://hh.ru/account/captcha?state=pxvcxBozfu7ry7R4QCetFqDzUL2cbK2LGYV-JLOJ644HLrHr0DH6jezFpCb5WIoORh7fkpHCxj4F6mHfOvxRDKYBBK12OrKQu4sxtTWYnrg%3D
[2026-01-20 21:20:14,305] INFO: Worker 3 finished area Чистополь; total collected 119
[2026-01-20 21:20:14,305] INFO: Worker 3 scanning area Арзамасцево (7057)
[2026-01-20 21:20:14,358] ERROR: Unexpected status 403 for https://api.hh.ru/vacancies: {"errors":[{"value":"captcha_required","captcha_url":"https://hh.ru/account/captcha?state=pxvcxBozfu7ry7R4QCetFqDzUL2cbK2LGYV-JLOJ644HLrHr0DH6jezFpCb5WIoORh7fkpHCxj4F6mHfOvxRDI_eplsS4CTZH_PV2lQr-qU%3D
[2026-01-20 21:20:14,358] INFO: Worker 5 finished area Юлтимерово; total collected 119
[2026-01-20 21:20:14,358] INFO: Worker 5 scanning area Бабино (7256)
[2026-01-20 21:20:14,368] ERROR: Unexpected status 403 for https://api.hh.ru/vacancies: {"errors":[{"value":"captcha_required","captcha_url":"https://hh.ru/account/captcha?state=pxvcxBozfu7ry7R4QCetFqDzUL2cbK2LGYV-JLOJ644HLrHr0DH6jezFpCb5WIoORh7fkpHCxj4F6mHfOvxRDKKPbUeeuuwHGQ9xGF15zcs%3D
[2026-01-20 21:20:14,368] INFO: Worker 0 finished area Ютаза; total collected 119
[2026-01-20 21:20:14,368] INFO: Worker 0 scanning area Балезино (3768)
[2026-01-20 21:20:14,405] ERROR: Unexpected status 403 for https://api.hh.ru/vacancies: {"errors":[{"value":"captcha_required","captcha_url":"https://hh.ru/account/captcha?state=pxvcxBozfu7ry7R4QCetFqDzUL2cbK2LGYV-JLOJ644HLrHr0DH6jezFpCb5WIoORh7fkpHCxj4F6mHfOvxRDIf-8L7zENd-JIpHkyMGLHA%3D
[2026-01-20 21:20:14,405] INFO: Worker 6 finished area Шереметьевка; total collected 119
[2026-01-20 21:20:14,405] INFO: Worker 6 scanning area Балезино-3 (7112)
[2026-01-20 21:20:14,482] ERROR: Unexpected status 403 for https://api.hh.ru/vacancies: {"errors":[{"value":"captcha_required","captcha_url":"https://hh.ru/account/captcha?state=pxvcxBozfu7ry7R4QCetFqDzUL2cbK2LGYV-JLOJ644HLrHr0DH6jezFpCb5WIoORh7fkpHCxj4F6mHfOvxRDHcQdVUC4XpT5U9CzjmV8m4%3D
[2026-01-20 21:20:14,482] INFO: Worker 4 finished area Шемордан; total collected 119
[2026-01-20 21:20:14,482] INFO: Worker 4 scanning area Бемыж (11898)
[2026-01-20 21:20:14,515] ERROR: Unexpected status 403 for https://api.hh.ru/vacancies: {"errors":[{"value":"captcha_required","captcha_url":"https://hh.ru/account/captcha?state=pxvcxBozfu7ry7R4QCetFqDzUL2cbK2LGYV-JLOJ644HLrHr0DH6jezFpCb5WIoORh7fkpHCxj4F6mHfOvxRDLaL3iIueyZeH1nfYNL77Vc%3D
[2026-01-20 21:20:14,515] INFO: Worker 7 finished area Юхмачи; total collected 119
[2026-01-20 21:20:14,515] INFO: Worker 7 scanning area Большая Уча (7110)
[2026-01-20 21:20:14,581] ERROR: Unexpected status 403 for https://api.hh.ru/vacancies: {"errors":[{"value":"captcha_required","captcha_url":"https://hh.ru/account/captcha?state=pxvcxBozfu7ry7R4QCetFqDzUL2cbK2LGYV-JLOJ644HLrHr0DH6jezFpCb5WIoORh7fkpHCxj4F6mHfOvxRDJXyqFoitBIeb9Xb2M7Be4k%3D
[2026-01-20 21:20:14,582] INFO: Worker 3 finished area Арзамасцево; total collected 119
[2026-01-20 21:20:14,582] INFO: Worker 3 scanning area Большое Волково (7058)
[2026-01-20 21:20:14,659] ERROR: Unexpected status 403 for https://api.hh.ru/vacancies: {"errors":[{"value":"captcha_required","captcha_url":"https://hh.ru/account/captcha?state=pxvcxBozfu7ry7R4QCetFqDzUL2cbK2LGYV-JLOJ644HLrHr0DH6jezFpCb5WIoORh7fkpHCxj4F6mHfOvxRDCqPZncOUoF2xcCC4X4gSD4%3D
[2026-01-20 21:20:14,659] INFO: Worker 5 finished area Бабино; total collected 119
[2026-01-20 21:20:14,659] INFO: Worker 5 scanning area Большой Зетым (4193)
[2026-01-20 21:20:14,750] ERROR: Unexpected status 403 for https://api.hh.ru/vacancies: {"errors":[{"value":"captcha_required","captcha_url":"https://hh.ru/account/captcha?state=pxvcxBozfu7ry7R4QCetFqDzUL2cbK2LGYV-JLOJ644HLrHr0DH6jezFpCb5WIoORh7fkpHCxj4F6mHfOvxRDOMjaWvN7Pt9BENF1r5pYCs%3D
[2026-01-20 21:20:14,750] INFO: Worker 2 finished area Алнаши; total collected 119
[2026-01-20 21:20:14,750] INFO: Worker 2 scanning area Булай (7204)
[2026-01-20 21:20:14,905] ERROR: Unexpected status 403 for https://api.hh.ru/vacancies: {"errors":[{"value":"captcha_required","captcha_url":"https://hh.ru/account/captcha?state=pxvcxBozfu7ry7R4QCetFqDzUL2cbK2LGYV-JLOJ644HLrHr0DH6jezFpCb5WIoORh7fkpHCxj4F6mHfOvxRDKtYwxR-iGhHHkRhSzhKPMk%3D
[2026-01-20 21:20:14,906] INFO: Worker 0 finished area Балезино; total collected 119
[2026-01-20 21:20:14,906] INFO: Worker 0 scanning area Вавож (4194)
[2026-01-20 21:20:14,906] ERROR: Unexpected status 403 for https://api.hh.ru/vacancies: {"errors":[{"value":"captcha_required","captcha_url":"https://hh.ru/account/captcha?state=pxvcxBozfu7ry7R4QCetFqDzUL2cbK2LGYV-JLOJ644HLrHr0DH6jezFpCb5WIoORh7fkpHCxj4F6mHfOvxRDLDHmR9FSL13eXKRvDcqYAQ%3D
[2026-01-20 21:20:14,907] INFO: Worker 3 finished area Большое Волково; total collected 119
[2026-01-20 21:20:14,907] INFO: Worker 3 scanning area Водзимонье (7233)
[2026-01-20 21:20:14,932] ERROR: Unexpected status 403 for https://api.hh.ru/vacancies: {"errors":[{"value":"captcha_required","captcha_url":"https://hh.ru/account/captcha?state=pxvcxBozfu7ry7R4QCetFqDzUL2cbK2LGYV-JLOJ644HLrHr0DH6jezFpCb5WIoORh7fkpHCxj4F6mHfOvxRDDQ4HSAywgIhhoZ_hReMuiA%3D
[2026-01-20 21:20:14,932] INFO: Worker 6 finished area Балезино-3; total collected 119
[2026-01-20 21:20:14,932] INFO: Worker 6 scanning area Воткинск (1647)
[2026-01-20 21:20:14,970] ERROR: Unexpected status 403 for https://api.hh.ru/vacancies: {"errors":[{"value":"captcha_required","captcha_url":"https://hh.ru/account/captcha?state=pxvcxBozfu7ry7R4QCetFqDzUL2cbK2LGYV-JLOJ644HLrHr0DH6jezFpCb5WIoORh7fkpHCxj4F6mHfOvxRDHkshbBIdHjDcMUTzapIuCI%3D
[2026-01-20 21:20:14,970] INFO: Worker 7 finished area Большая Уча; total collected 119
[2026-01-20 21:20:14,970] INFO: Worker 7 scanning area Глазов (1648)
[2026-01-20 21:20:14,983] ERROR: Unexpected status 403 for https://api.hh.ru/vacancies: {"errors":[{"value":"captcha_required","captcha_url":"https://hh.ru/account/captcha?state=pxvcxBozfu7ry7R4QCetFqDzUL2cbK2LGYV-JLOJ644HLrHr0DH6jezFpCb5WIoORh7fkpHCxj4F6mHfOvxRDGNCYSEodNX3dxuLHN41Cwk%3D
[2026-01-20 21:20:14,983] INFO: Worker 4 finished area Бемыж; total collected 119
[2026-01-20 21:20:14,983] INFO: Worker 4 scanning area Грахово (4195)
[2026-01-20 21:20:14,996] ERROR: Unexpected status 403 for https://api.hh.ru/vacancies: {"errors":[{"value":"captcha_required","captcha_url":"https://hh.ru/account/captcha?state=pxvcxBozfu7ry7R4QCetFqDzUL2cbK2LGYV-JLOJ644HLrHr0DH6jezFpCb5WIoORh7fkpHCxj4F6mHfOvxRDBjFIYQOE0m-5mAlRyySCk8%3D
[2026-01-20 21:20:14,996] INFO: Worker 5 finished area Большой Зетым; total collected 119
[2026-01-20 21:20:14,996] INFO: Worker 5 scanning area Дебёсы (4196)
[2026-01-20 21:20:15,200] ERROR: Unexpected status 403 for https://api.hh.ru/vacancies: {"errors":[{"value":"captcha_required","captcha_url":"https://hh.ru/account/captcha?state=pxvcxBozfu7ry7R4QCetFqDzUL2cbK2LGYV-JLOJ644HLrHr0DH6jezFpCb5WIoORh7fkpHCxj4F6mHfOvxRDO7s7uQq6Fg8hTyfaw4uai4%3D
[2026-01-20 21:20:15,200] INFO: Worker 0 finished area Вавож; total collected 119
[2026-01-20 21:20:15,200] INFO: Worker 0 scanning area Дизьмино (7155)
[2026-01-20 21:20:15,285] ERROR: Unexpected status 403 for https://api.hh.ru/vacancies: {"errors":[{"value":"captcha_required","captcha_url":"https://hh.ru/account/captcha?state=pxvcxBozfu7ry7R4QCetFqDzUL2cbK2LGYV-JLOJ644HLrHr0DH6jezFpCb5WIoORh7fkpHCxj4F6mHfOvxRDDv94F0juKXaEwtfb5vqNYk%3D
[2026-01-20 21:20:15,285] INFO: Worker 2 finished area Булай; total collected 119
[2026-01-20 21:20:15,285] INFO: Worker 2 scanning area Ершовка (4197)
[2026-01-20 21:20:15,308] ERROR: Unexpected status 403 for https://api.hh.ru/vacancies: {"errors":[{"value":"captcha_required","captcha_url":"https://hh.ru/account/captcha?state=pxvcxBozfu7ry7R4QCetFqDzUL2cbK2LGYV-JLOJ644HLrHr0DH6jezFpCb5WIoORh7fkpHCxj4F6mHfOvxRDHPTJI8VsVDoEE_-IDGbCTg%3D
[2026-01-20 21:20:15,308] INFO: Worker 4 finished area Грахово; total collected 119
[2026-01-20 21:20:15,308] INFO: Worker 4 scanning area Завьялово (4198)
[2026-01-20 21:20:15,343] ERROR: Unexpected status 403 for https://api.hh.ru/vacancies: {"errors":[{"value":"captcha_required","captcha_url":"https://hh.ru/account/captcha?state=pxvcxBozfu7ry7R4QCetFqDzUL2cbK2LGYV-JLOJ644HLrHr0DH6jezFpCb5WIoORh7fkpHCxj4F6mHfOvxRDD4l3K_W7fPEELcJVcIxySw%3D
[2026-01-20 21:20:15,343] INFO: Worker 3 finished area Водзимонье; total collected 119
[2026-01-20 21:20:15,344] INFO: Worker 3 scanning area Засеково (4199)
[2026-01-20 21:20:15,398] ERROR: Unexpected status 403 for https://api.hh.ru/vacancies: {"errors":[{"value":"captcha_required","captcha_url":"https://hh.ru/account/captcha?state=pxvcxBozfu7ry7R4QCetFqDzUL2cbK2LGYV-JLOJ644HLrHr0DH6jezFpCb5WIoORh7fkpHCxj4F6mHfOvxRDIzE-xgGozTdS0N2LP2v5R8%3D
[2026-01-20 21:20:15,399] INFO: Worker 5 finished area Дебёсы; total collected 119
[2026-01-20 21:20:15,399] INFO: Worker 5 scanning area Зура (7284)
[2026-01-20 21:20:15,409] ERROR: Unexpected status 403 for https://api.hh.ru/vacancies: {"errors":[{"value":"captcha_required","captcha_url":"https://hh.ru/account/captcha?state=pxvcxBozfu7ry7R4QCetFqDzUL2cbK2LGYV-JLOJ644HLrHr0DH6jezFpCb5WIoORh7fkpHCxj4F6mHfOvxRDCwjVY_2V9hEC5jJTGdL0Aw%3D
[2026-01-20 21:20:15,409] INFO: Worker 6 finished area Воткинск; total collected 119
[2026-01-20 21:20:15,409] INFO: Worker 6 scanning area Игра (3717)
[2026-01-20 21:20:15,515] ERROR: Unexpected status 403 for https://api.hh.ru/vacancies: {"errors":[{"value":"captcha_required","captcha_url":"https://hh.ru/account/captcha?state=pxvcxBozfu7ry7R4QCetFqDzUL2cbK2LGYV-JLOJ644HLrHr0DH6jezFpCb5WIoORh7fkpHCxj4F6mHfOvxRDPX8ENID1LYgH2Rd6FCfd8k%3D
[2026-01-20 21:20:15,515] INFO: Worker 1 finished area Удмуртская Республика; total collected 119
[2026-01-20 21:20:15,515] INFO: Worker 1 scanning area Ижевск (96)
[2026-01-20 21:20:15,619] ERROR: Unexpected status 403 for https://api.hh.ru/vacancies: {"errors":[{"value":"captcha_required","captcha_url":"https://hh.ru/account/captcha?state=pxvcxBozfu7ry7R4QCetFqDzUL2cbK2LGYV-JLOJ644HLrHr0DH6jezFpCb5WIoORh7fkpHCxj4F6mHfOvxRDE6U7x0dHIK7hOpaWlwxuCE%3D
[2026-01-20 21:20:15,619] INFO: Worker 7 finished area Глазов; total collected 119
[2026-01-20 21:20:15,619] INFO: Worker 7 scanning area Июльское (7027)
[2026-01-20 21:20:15,656] ERROR: Unexpected status 403 for https://api.hh.ru/vacancies: {"errors":[{"value":"captcha_required","captcha_url":"https://hh.ru/account/captcha?state=pxvcxBozfu7ry7R4QCetFqDzUL2cbK2LGYV-JLOJ644HLrHr0DH6jezFpCb5WIoORh7fkpHCxj4F6mHfOvxRDO0XF-q5MeEXGTw0Cvsr4vk%3D
[2026-01-20 21:20:15,656] INFO: Worker 3 finished area Засеково; total collected 119
[2026-01-20 21:20:15,656] INFO: Worker 3 scanning area Какмож (7062)
[2026-01-20 21:20:15,730] ERROR: Unexpected status 403 for https://api.hh.ru/vacancies: {"errors":[{"value":"captcha_required","captcha_url":"https://hh.ru/account/captcha?state=pxvcxBozfu7ry7R4QCetFqDzUL2cbK2LGYV-JLOJ644HLrHr0DH6jezFpCb5WIoORh7fkpHCxj4F6mHfOvxRDMYeWjHcZ9iJm2rp6Q2daRk%3D
[2026-01-20 21:20:15,730] INFO: Worker 0 finished area Дизьмино; total collected 119
[2026-01-20 21:20:15,730] INFO: Worker 0 scanning area Кама (7088)
[2026-01-20 21:20:15,734] ERROR: Unexpected status 403 for https://api.hh.ru/vacancies: {"errors":[{"value":"captcha_required","captcha_url":"https://hh.ru/account/captcha?state=pxvcxBozfu7ry7R4QCetFqDzUL2cbK2LGYV-JLOJ644HLrHr0DH6jezFpCb5WIoORh7fkpHCxj4F6mHfOvxRDElGl2_iZHwiuHa68s1M0Gk%3D
[2026-01-20 21:20:15,734] INFO: Worker 2 finished area Ершовка; total collected 119
[2026-01-20 21:20:15,734] INFO: Worker 2 scanning area Камбарка (1649)
[2026-01-20 21:20:15,761] ERROR: Unexpected status 403 for https://api.hh.ru/vacancies: {"errors":[{"value":"captcha_required","captcha_url":"https://hh.ru/account/captcha?state=pxvcxBozfu7ry7R4QCetFqDzUL2cbK2LGYV-JLOJ644HLrHr0DH6jezFpCb5WIoORh7fkpHCxj4F6mHfOvxRDOyl8DlAYYqDmd0WogrEORw%3D
[2026-01-20 21:20:15,761] INFO: Worker 5 finished area Зура; total collected 119
[2026-01-20 21:20:15,761] INFO: Worker 5 scanning area Каменное (Удмуртская Республика) (11930)
[2026-01-20 21:20:15,915] ERROR: Unexpected status 403 for https://api.hh.ru/vacancies: {"errors":[{"value":"captcha_required","captcha_url":"https://hh.ru/account/captcha?state=pxvcxBozfu7ry7R4QCetFqDzUL2cbK2LGYV-JLOJ644HLrHr0DH6jezFpCb5WIoORh7fkpHCxj4F6mHfOvxRDF7Un9fjbSl4PZcIaodo62Y%3D
[2026-01-20 21:20:15,915] INFO: Worker 1 finished area Ижевск; total collected 119
[2026-01-20 21:20:15,915] INFO: Worker 1 scanning area Камское (7163)
[2026-01-20 21:20:15,968] ERROR: Unexpected status 403 for https://api.hh.ru/vacancies: {"errors":[{"value":"captcha_required","captcha_url":"https://hh.ru/account/captcha?state=pxvcxBozfu7ry7R4QCetFqDzUL2cbK2LGYV-JLOJ644HLrHr0DH6jezFpCb5WIoORh7fkpHCxj4F6mHfOvxRDHjzprgOm4z-sXIAeko6cZA%3D
[2026-01-20 21:20:15,968] INFO: Worker 4 finished area Завьялово; total collected 119
[2026-01-20 21:20:15,968] INFO: Worker 4 scanning area Каракулино (4200)
[2026-01-20 21:20:15,995] ERROR: Unexpected status 403 for https://api.hh.ru/vacancies: {"errors":[{"value":"captcha_required","captcha_url":"https://hh.ru/account/captcha?state=pxvcxBozfu7ry7R4QCetFqDzUL2cbK2LGYV-JLOJ644HLrHr0DH6jezFpCb5WIoORh7fkpHCxj4F6mHfOvxRDP4W2XzFugAU2AaUXqNvCQc%3D
[2026-01-20 21:20:15,995] INFO: Worker 0 finished area Кама; total collected 119
[2026-01-20 21:20:15,995] INFO: Worker 0 scanning area Каркалай (7092)
[2026-01-20 21:20:16,046] ERROR: Unexpected status 403 for https://api.hh.ru/vacancies: {"errors":[{"value":"captcha_required","captcha_url":"https://hh.ru/account/captcha?state=pxvcxBozfu7ry7R4QCetFqDzUL2cbK2LGYV-JLOJ644HLrHr0DH6jezFpCb5WIoORh7fkpHCxj4F6mHfOvxRDG2_dd-ijF34gK3pcmuQUpA%3D
[2026-01-20 21:20:16,046] INFO: Worker 6 finished area Игра; total collected 119
[2026-01-20 21:20:16,046] INFO: Worker 6 scanning area Карсовай (7152)
[2026-01-20 21:20:16,051] ERROR: Unexpected status 403 for https://api.hh.ru/vacancies: {"errors":[{"value":"captcha_required","captcha_url":"https://hh.ru/account/captcha?state=pxvcxBozfu7ry7R4QCetFqDzUL2cbK2LGYV-JLOJ644HLrHr0DH6jezFpCb5WIoORh7fkpHCxj4F6mHfOvxRDLItQ8PA2KdKL_SJKGQpf7s%3D
[2026-01-20 21:20:16,051] INFO: Worker 7 finished area Июльское; total collected 119
[2026-01-20 21:20:16,052] INFO: Worker 7 scanning area Кварса (7189)
[2026-01-20 21:20:16,162] ERROR: Unexpected status 403 for https://api.hh.ru/vacancies: {"errors":[{"value":"captcha_required","captcha_url":"https://hh.ru/account/captcha?state=pxvcxBozfu7ry7R4QCetFqDzUL2cbK2LGYV-JLOJ644HLrHr0DH6jezFpCb5WIoORh7fkpHCxj4F6mHfOvxRDI0TczAGgyojPL8nCygf_7E%3D
[2026-01-20 21:20:16,163] INFO: Worker 2 finished area Камбарка; total collected 119
[2026-01-20 21:20:16,163] INFO: Worker 2 scanning area Кватчи (7157)
[2026-01-20 21:20:16,183] ERROR: Unexpected status 403 for https://api.hh.ru/vacancies: {"errors":[{"value":"captcha_required","captcha_url":"https://hh.ru/account/captcha?state=pxvcxBozfu7ry7R4QCetFqDzUL2cbK2LGYV-JLOJ644HLrHr0DH6jezFpCb5WIoORh7fkpHCxj4F6mHfOvxRDAQ_B4IhHnsoTO7ZdjeGOPE%3D
[2026-01-20 21:20:16,183] INFO: Worker 3 finished area Какмож; total collected 119
[2026-01-20 21:20:16,184] INFO: Worker 3 scanning area Кез (4201)
[2026-01-20 21:20:16,205] ERROR: Unexpected status 403 for https://api.hh.ru/vacancies: {"errors":[{"value":"captcha_required","captcha_url":"https://hh.ru/account/captcha?state=pxvcxBozfu7ry7R4QCetFqDzUL2cbK2LGYV-JLOJ644HLrHr0DH6jezFpCb5WIoORh7fkpHCxj4F6mHfOvxRDKgoh_KTNQmsItz0BzPdwOs%3D
[2026-01-20 21:20:16,205] INFO: Worker 5 finished area Каменное (Удмуртская Республика); total collected 119
[2026-01-20 21:20:16,205] INFO: Worker 5 scanning area Кечёво (11676)
[2026-01-20 21:20:16,238] ERROR: Unexpected status 403 for https://api.hh.ru/vacancies: {"errors":[{"value":"captcha_required","captcha_url":"https://hh.ru/account/captcha?state=pxvcxBozfu7ry7R4QCetFqDzUL2cbK2LGYV-JLOJ644HLrHr0DH6jezFpCb5WIoORh7fkpHCxj4F6mHfOvxRDJOq6eHiMYNrG8CDiRHxzFo%3D
[2026-01-20 21:20:16,238] INFO: Worker 1 finished area Камское; total collected 119
[2026-01-20 21:20:16,238] INFO: Worker 1 scanning area Кигбаево (7175)
[2026-01-20 21:20:16,334] ERROR: Unexpected status 403 for https://api.hh.ru/vacancies: {"errors":[{"value":"captcha_required","captcha_url":"https://hh.ru/account/captcha?state=pxvcxBozfu7ry7R4QCetFqDzUL2cbK2LGYV-JLOJ644HLrHr0DH6jezFpCb5WIoORh7fkpHCxj4F6mHfOvxRDAV9vP1EUAico7_RBWOgCgM%3D
[2026-01-20 21:20:16,334] INFO: Worker 7 finished area Кварса; total collected 119
[2026-01-20 21:20:16,334] INFO: Worker 7 scanning area Кизнер (4202)
[2026-01-20 21:20:16,355] ERROR: Unexpected status 403 for https://api.hh.ru/vacancies: {"errors":[{"value":"captcha_required","captcha_url":"https://hh.ru/account/captcha?state=pxvcxBozfu7ry7R4QCetFqDzUL2cbK2LGYV-JLOJ644HLrHr0DH6jezFpCb5WIoORh7fkpHCxj4F6mHfOvxRDK9A9jzMHcCZcr-zdGkrdGo%3D
[2026-01-20 21:20:16,355] INFO: Worker 0 finished area Каркалай; total collected 119
[2026-01-20 21:20:16,355] INFO: Worker 0 scanning area Кильмезь (4203)
[2026-01-20 21:20:16,356] ERROR: Unexpected status 403 for https://api.hh.ru/vacancies: {"errors":[{"value":"captcha_required","captcha_url":"https://hh.ru/account/captcha?state=pxvcxBozfu7ry7R4QCetFqDzUL2cbK2LGYV-JLOJ644HLrHr0DH6jezFpCb5WIoORh7fkpHCxj4F6mHfOvxRDOa-HbNUXb8t_skqtyfv0is%3D
[2026-01-20 21:20:16,356] INFO: Worker 4 finished area Каракулино; total collected 119
[2026-01-20 21:20:16,356] INFO: Worker 4 scanning area Киясово (4204)
[2026-01-20 21:20:16,422] ERROR: Unexpected status 403 for https://api.hh.ru/vacancies: {"errors":[{"value":"captcha_required","captcha_url":"https://hh.ru/account/captcha?state=pxvcxBozfu7ry7R4QCetFqDzUL2cbK2LGYV-JLOJ644HLrHr0DH6jezFpCb5WIoORh7fkpHCxj4F6mHfOvxRDPdCm4omZ6tlgFAhqBOYaVo%3D
[2026-01-20 21:20:16,422] INFO: Worker 6 finished area Карсовай; total collected 119
[2026-01-20 21:20:16,422] INFO: Worker 6 scanning area Красногорское (4205)
[2026-01-20 21:20:16,469] ERROR: Unexpected status 403 for https://api.hh.ru/vacancies: {"errors":[{"value":"captcha_required","captcha_url":"https://hh.ru/account/captcha?state=pxvcxBozfu7ry7R4QCetFqDzUL2cbK2LGYV-JLOJ644HLrHr0DH6jezFpCb5WIoORh7fkpHCxj4F6mHfOvxRDBcg3tqNfVnmRbe49oTkdAw%3D
[2026-01-20 21:20:16,469] INFO: Worker 2 finished area Кватчи; total collected 119
[2026-01-20 21:20:16,469] INFO: Worker 2 scanning area Кулига (7056)
[2026-01-20 21:20:16,513] ERROR: Unexpected status 403 for https://api.hh.ru/vacancies: {"errors":[{"value":"captcha_required","captcha_url":"https://hh.ru/account/captcha?state=pxvcxBozfu7ry7R4QCetFqDzUL2cbK2LGYV-JLOJ644HLrHr0DH6jezFpCb5WIoORh7fkpHCxj4F6mHfOvxRDGJ2tn-3J_Mws8AP_fdlFM8%3D
[2026-01-20 21:20:16,513] INFO: Worker 5 finished area Кечёво; total collected 119
[2026-01-20 21:20:16,513] INFO: Worker 5 scanning area Кыйлуд (7041)
[2026-01-20 21:20:16,593] ERROR: Unexpected status 403 for https://api.hh.ru/vacancies: {"errors":[{"value":"captcha_required","captcha_url":"https://hh.ru/account/captcha?state=pxvcxBozfu7ry7R4QCetFqDzUL2cbK2LGYV-JLOJ644HLrHr0DH6jezFpCb5WIoORh7fkpHCxj4F6mHfOvxRDGS5F2HOmv68QYJ41XTPa1U%3D
[2026-01-20 21:20:16,594] INFO: Worker 3 finished area Кез; total collected 119
[2026-01-20 21:20:16,594] INFO: Worker 3 scanning area Лынга (7040)
[2026-01-20 21:20:16,725] ERROR: Unexpected status 403 for https://api.hh.ru/vacancies: {"errors":[{"value":"captcha_required","captcha_url":"https://hh.ru/account/captcha?state=pxvcxBozfu7ry7R4QCetFqDzUL2cbK2LGYV-JLOJ644HLrHr0DH6jezFpCb5WIoORh7fkpHCxj4F6mHfOvxRDBJVlFsQpZdFz0tde9IeCdY%3D
[2026-01-20 21:20:16,725] INFO: Worker 4 finished area Киясово; total collected 119
[2026-01-20 21:20:16,725] INFO: Worker 4 scanning area Мазунино (7108)
[2026-01-20 21:20:16,738] ERROR: Unexpected status 403 for https://api.hh.ru/vacancies: {"errors":[{"value":"captcha_required","captcha_url":"https://hh.ru/account/captcha?state=pxvcxBozfu7ry7R4QCetFqDzUL2cbK2LGYV-JLOJ644HLrHr0DH6jezFpCb5WIoORh7fkpHCxj4F6mHfOvxRDM4TmeHm1Bal9yG1ArHfZSc%3D
[2026-01-20 21:20:16,738] INFO: Worker 6 finished area Красногорское; total collected 119
[2026-01-20 21:20:16,738] INFO: Worker 6 scanning area Малая Пурга (4206)
[2026-01-20 21:20:16,766] ERROR: Unexpected status 403 for https://api.hh.ru/vacancies: {"errors":[{"value":"captcha_required","captcha_url":"https://hh.ru/account/captcha?state=pxvcxBozfu7ry7R4QCetFqDzUL2cbK2LGYV-JLOJ644HLrHr0DH6jezFpCb5WIoORh7fkpHCxj4F6mHfOvxRDEuTCKGIa5rHabnxrFNKEas%3D
[2026-01-20 21:20:16,766] INFO: Worker 0 finished area Кильмезь; total collected 119
[2026-01-20 21:20:16,767] INFO: Worker 0 scanning area Менил (7008)
[2026-01-20 21:20:16,797] ERROR: Unexpected status 403 for https://api.hh.ru/vacancies: {"errors":[{"value":"captcha_required","captcha_url":"https://hh.ru/account/captcha?state=pxvcxBozfu7ry7R4QCetFqDzUL2cbK2LGYV-JLOJ644HLrHr0DH6jezFpCb5WIoORh7fkpHCxj4F6mHfOvxRDPHiGha39CCXBI9Nl8lSOj8%3D
[2026-01-20 21:20:16,798] INFO: Worker 2 finished area Кулига; total collected 119
[2026-01-20 21:20:16,798] INFO: Worker 2 scanning area Можга (1650)
[2026-01-20 21:20:16,842] ERROR: Unexpected status 403 for https://api.hh.ru/vacancies: {"errors":[{"value":"captcha_required","captcha_url":"https://hh.ru/account/captcha?state=pxvcxBozfu7ry7R4QCetFqDzUL2cbK2LGYV-JLOJ644HLrHr0DH6jezFpCb5WIoORh7fkpHCxj4F6mHfOvxRDDkD-MjTCG4F2xfdDh-del8%3D
[2026-01-20 21:20:16,842] INFO: Worker 7 finished area Кизнер; total collected 119
[2026-01-20 21:20:16,842] INFO: Worker 7 scanning area Мукши (7028)
[2026-01-20 21:20:16,918] ERROR: Unexpected status 403 for https://api.hh.ru/vacancies: {"errors":[{"value":"captcha_required","captcha_url":"https://hh.ru/account/captcha?state=pxvcxBozfu7ry7R4QCetFqDzUL2cbK2LGYV-JLOJ644HLrHr0DH6jezFpCb5WIoORh7fkpHCxj4F6mHfOvxRDOO-2wRPOQKZjMOgXR1gCg4%3D
[2026-01-20 21:20:16,918] INFO: Worker 1 finished area Кигбаево; total collected 119
[2026-01-20 21:20:16,918] INFO: Worker 1 scanning area Нечкино (7100)
[2026-01-20 21:20:16,928] ERROR: Unexpected status 403 for https://api.hh.ru/vacancies: {"errors":[{"value":"captcha_required","captcha_url":"https://hh.ru/account/captcha?state=pxvcxBozfu7ry7R4QCetFqDzUL2cbK2LGYV-JLOJ644HLrHr0DH6jezFpCb5WIoORh7fkpHCxj4F6mHfOvxRDNOVm4xVZfeedBnZmPIDlLY%3D
[2026-01-20 21:20:16,928] INFO: Worker 5 finished area Кыйлуд; total collected 119
[2026-01-20 21:20:16,928] INFO: Worker 5 scanning area Новая Бия (7272)
[2026-01-20 21:20:17,010] ERROR: Unexpected status 403 for https://api.hh.ru/vacancies: {"errors":[{"value":"captcha_required","captcha_url":"https://hh.ru/account/captcha?state=pxvcxBozfu7ry7R4QCetFqDzUL2cbK2LGYV-JLOJ644HLrHr0DH6jezFpCb5WIoORh7fkpHCxj4F6mHfOvxRDDgaXmm0C0rMvQ9UiW82BpY%3D
[2026-01-20 21:20:17,010] INFO: Worker 3 finished area Лынга; total collected 119
[2026-01-20 21:20:17,010] INFO: Worker 3 scanning area Новый Мултан (6753)
[2026-01-20 21:20:17,067] ERROR: Unexpected status 403 for https://api.hh.ru/vacancies: {"errors":[{"value":"captcha_required","captcha_url":"https://hh.ru/account/captcha?state=pxvcxBozfu7ry7R4QCetFqDzUL2cbK2LGYV-JLOJ644HLrHr0DH6jezFpCb5WIoORh7fkpHCxj4F6mHfOvxRDCvWRv8qH3InyoFlJkFZdA0%3D
[2026-01-20 21:20:17,067] INFO: Worker 0 finished area Менил; total collected 119
[2026-01-20 21:20:17,067] INFO: Worker 0 scanning area Нылга (7098)
[2026-01-20 21:20:17,091] ERROR: Unexpected status 403 for https://api.hh.ru/vacancies: {"errors":[{"value":"captcha_required","captcha_url":"https://hh.ru/account/captcha?state=pxvcxBozfu7ry7R4QCetFqDzUL2cbK2LGYV-JLOJ644HLrHr0DH6jezFpCb5WIoORh7fkpHCxj4F6mHfOvxRDK8hj3rbbj0vRiO06dO32rw%3D
[2026-01-20 21:20:17,091] INFO: Worker 6 finished area Малая Пурга; total collected 119
[2026-01-20 21:20:17,091] INFO: Worker 6 scanning area Нюрдор-Котья (7009)
[2026-01-20 21:20:17,149] ERROR: Unexpected status 403 for https://api.hh.ru/vacancies: {"errors":[{"value":"captcha_required","captcha_url":"https://hh.ru/account/captcha?state=pxvcxBozfu7ry7R4QCetFqDzUL2cbK2LGYV-JLOJ644HLrHr0DH6jezFpCb5WIoORh7fkpHCxj4F6mHfOvxRDH_BpCwdUQv9Qe8pHAnKrWA%3D
[2026-01-20 21:20:17,149] INFO: Worker 4 finished area Мазунино; total collected 119
[2026-01-20 21:20:17,149] INFO: Worker 4 scanning area Октябрьский (Удмуртская Республика) (7137)
[2026-01-20 21:20:17,180] ERROR: Unexpected status 403 for https://api.hh.ru/vacancies: {"errors":[{"value":"captcha_required","captcha_url":"https://hh.ru/account/captcha?state=pxvcxBozfu7ry7R4QCetFqDzUL2cbK2LGYV-JLOJ644HLrHr0DH6jezFpCb5WIoORh7fkpHCxj4F6mHfOvxRDLPbhAnl-yw84QJV6xvGy2Y%3D
[2026-01-20 21:20:17,180] INFO: Worker 7 finished area Мукши; total collected 119
[2026-01-20 21:20:17,180] INFO: Worker 7 scanning area Орловское (7038)
[2026-01-20 21:20:17,244] ERROR: Unexpected status 403 for https://api.hh.ru/vacancies: {"errors":[{"value":"captcha_required","captcha_url":"https://hh.ru/account/captcha?state=pxvcxBozfu7ry7R4QCetFqDzUL2cbK2LGYV-JLOJ644HLrHr0DH6jezFpCb5WIoORh7fkpHCxj4F6mHfOvxRDGDRxhVOPsEBpVvUTlOZQks%3D
[2026-01-20 21:20:17,244] INFO: Worker 1 finished area Нечкино; total collected 119
[2026-01-20 21:20:17,244] INFO: Worker 1 scanning area Пирогово (4207)
[2026-01-20 21:20:17,276] ERROR: Unexpected status 403 for https://api.hh.ru/vacancies: {"errors":[{"value":"captcha_required","captcha_url":"https://hh.ru/account/captcha?state=pxvcxBozfu7ry7R4QCetFqDzUL2cbK2LGYV-JLOJ644HLrHr0DH6jezFpCb5WIoORh7fkpHCxj4F6mHfOvxRDGqO_bV9Cc5udu9B2Tkhnyw%3D
[2026-01-20 21:20:17,276] INFO: Worker 5 finished area Новая Бия; total collected 119
[2026-01-20 21:20:17,276] INFO: Worker 5 scanning area Подшивалово (7133)
[2026-01-20 21:20:17,370] ERROR: Unexpected status 403 for https://api.hh.ru/vacancies: {"errors":[{"value":"captcha_required","captcha_url":"https://hh.ru/account/captcha?state=pxvcxBozfu7ry7R4QCetFqDzUL2cbK2LGYV-JLOJ644HLrHr0DH6jezFpCb5WIoORh7fkpHCxj4F6mHfOvxRDJOH48hM3cKczbXSxJ6ciBg%3D
[2026-01-20 21:20:17,370] INFO: Worker 6 finished area Нюрдор-Котья; total collected 119
[2026-01-20 21:20:17,370] INFO: Worker 6 scanning area Понино (7166)
[2026-01-20 21:20:17,372] ERROR: Unexpected status 403 for https://api.hh.ru/vacancies: {"errors":[{"value":"captcha_required","captcha_url":"https://hh.ru/account/captcha?state=pxvcxBozfu7ry7R4QCetFqDzUL2cbK2LGYV-JLOJ644HLrHr0DH6jezFpCb5WIoORh7fkpHCxj4F6mHfOvxRDLpSspWgxDPJIvlcV6vSVRk%3D
[2026-01-20 21:20:17,372] INFO: Worker 3 finished area Новый Мултан; total collected 119
[2026-01-20 21:20:17,372] INFO: Worker 3 scanning area Малая Венья (11995)
[2026-01-20 21:20:17,426] ERROR: Unexpected status 403 for https://api.hh.ru/vacancies: {"errors":[{"value":"captcha_required","captcha_url":"https://hh.ru/account/captcha?state=pxvcxBozfu7ry7R4QCetFqDzUL2cbK2LGYV-JLOJ644HLrHr0DH6jezFpCb5WIoORh7fkpHCxj4F6mHfOvxRDLbK7zfXgOZCzlM_eVaGzrs%3D
[2026-01-20 21:20:17,426] INFO: Worker 0 finished area Нылга; total collected 119
[2026-01-20 21:20:17,427] INFO: Worker 0 scanning area Пугачево (7160)
[2026-01-20 21:20:17,483] ERROR: Unexpected status 403 for https://api.hh.ru/vacancies: {"errors":[{"value":"captcha_required","captcha_url":"https://hh.ru/account/captcha?state=pxvcxBozfu7ry7R4QCetFqDzUL2cbK2LGYV-JLOJ644HLrHr0DH6jezFpCb5WIoORh7fkpHCxj4F6mHfOvxRDFvNUwv5ySIcizXgdDlfHrM%3D
[2026-01-20 21:20:17,483] INFO: Worker 7 finished area Орловское; total collected 119
[2026-01-20 21:20:17,483] INFO: Worker 7 scanning area Пудем (7207)
[2026-01-20 21:20:17,488] ERROR: Unexpected status 403 for https://api.hh.ru/vacancies: {"errors":[{"value":"captcha_required","captcha_url":"https://hh.ru/account/captcha?state=pxvcxBozfu7ry7R4QCetFqDzUL2cbK2LGYV-JLOJ644HLrHr0DH6jezFpCb5WIoORh7fkpHCxj4F6mHfOvxRDIKPc-xl_wpCEWFTTVJ6Kts%3D
[2026-01-20 21:20:17,488] INFO: Worker 4 finished area Октябрьский (Удмуртская Республика); total collected 119
[2026-01-20 21:20:17,488] INFO: Worker 4 scanning area Пычас (7184)
[2026-01-20 21:20:17,601] ERROR: Unexpected status 403 for https://api.hh.ru/vacancies: {"errors":[{"value":"captcha_required","captcha_url":"https://hh.ru/account/captcha?state=pxvcxBozfu7ry7R4QCetFqDzUL2cbK2LGYV-JLOJ644HLrHr0DH6jezFpCb5WIoORh7fkpHCxj4F6mHfOvxRDFgsxTmA-pQS3LafvJz71UM%3D
[2026-01-20 21:20:17,601] INFO: Worker 1 finished area Пирогово; total collected 119
[2026-01-20 21:20:17,601] INFO: Worker 1 scanning area Рябово (Удмуртская Республика) (7072)
[2026-01-20 21:20:17,639] ERROR: Unexpected status 403 for https://api.hh.ru/vacancies: {"errors":[{"value":"captcha_required","captcha_url":"https://hh.ru/account/captcha?state=pxvcxBozfu7ry7R4QCetFqDzUL2cbK2LGYV-JLOJ644HLrHr0DH6jezFpCb5WIoORh7fkpHCxj4F6mHfOvxRDENEPmt07JhWwwLQ6CqBP74%3D
[2026-01-20 21:20:17,640] INFO: Worker 5 finished area Подшивалово; total collected 119
[2026-01-20 21:20:17,640] INFO: Worker 5 scanning area Сарапул (1651)
[2026-01-20 21:20:17,678] ERROR: Unexpected status 403 for https://api.hh.ru/vacancies: {"errors":[{"value":"captcha_required","captcha_url":"https://hh.ru/account/captcha?state=pxvcxBozfu7ry7R4QCetFqDzUL2cbK2LGYV-JLOJ644HLrHr0DH6jezFpCb5WIoORh7fkpHCxj4F6mHfOvxRDDhBHb_PvGcSboc-47drYC4%3D
[2026-01-20 21:20:17,679] INFO: Worker 6 finished area Понино; total collected 119
[2026-01-20 21:20:17,679] INFO: Worker 6 scanning area Селты (4208)
[2026-01-20 21:20:17,757] ERROR: Unexpected status 403 for https://api.hh.ru/vacancies: {"errors":[{"value":"captcha_required","captcha_url":"https://hh.ru/account/captcha?state=pxvcxBozfu7ry7R4QCetFqDzUL2cbK2LGYV-JLOJ644HLrHr0DH6jezFpCb5WIoORh7fkpHCxj4F6mHfOvxRDMqtkAb0fro33qVzPj09S4k%3D
[2026-01-20 21:20:17,757] INFO: Worker 0 finished area Пугачево; total collected 119
[2026-01-20 21:20:17,757] INFO: Worker 0 scanning area Сигаево (4209)
[2026-01-20 21:20:17,874] ERROR: Unexpected status 403 for https://api.hh.ru/vacancies: {"errors":[{"value":"captcha_required","captcha_url":"https://hh.ru/account/captcha?state=pxvcxBozfu7ry7R4QCetFqDzUL2cbK2LGYV-JLOJ644HLrHr0DH6jezFpCb5WIoORh7fkpHCxj4F6mHfOvxRDAhofzq4zcBgy6MO2LKO4jE%3D
[2026-01-20 21:20:17,875] INFO: Worker 7 finished area Пудем; total collected 119
[2026-01-20 21:20:17,875] INFO: Worker 7 scanning area Среднее Кечёво (11677)
[2026-01-20 21:20:17,907] ERROR: Unexpected status 403 for https://api.hh.ru/vacancies: {"errors":[{"value":"captcha_required","captcha_url":"https://hh.ru/account/captcha?state=pxvcxBozfu7ry7R4QCetFqDzUL2cbK2LGYV-JLOJ644HLrHr0DH6jezFpCb5WIoORh7fkpHCxj4F6mHfOvxRDBNxGdUumZqj2vg-JBw9f4w%3D
[2026-01-20 21:20:17,907] INFO: Worker 3 finished area Малая Венья; total collected 119
[2026-01-20 21:20:17,907] INFO: Worker 3 scanning area Старые Зятцы (7077)
[2026-01-20 21:20:18,012] ERROR: Unexpected status 403 for https://api.hh.ru/vacancies: {"errors":[{"value":"captcha_required","captcha_url":"https://hh.ru/account/captcha?state=pxvcxBozfu7ry7R4QCetFqDzUL2cbK2LGYV-JLOJ644HLrHr0DH6jezFpCb5WIoORh7fkpHCxj4F6mHfOvxRDCCkl_Zlp8sPI_shJJWfrQA%3D
[2026-01-20 21:20:18,012] INFO: Worker 2 finished area Можга; total collected 119
[2026-01-20 21:20:18,013] INFO: Worker 2 scanning area Старые Какси (7126)
[2026-01-20 21:20:18,019] ERROR: Unexpected status 403 for https://api.hh.ru/vacancies: {"errors":[{"value":"captcha_required","captcha_url":"https://hh.ru/account/captcha?state=pxvcxBozfu7ry7R4QCetFqDzUL2cbK2LGYV-JLOJ644HLrHr0DH6jezFpCb5WIoORh7fkpHCxj4F6mHfOvxRDLiGI6tVDo2ShloaaKzRHtg%3D
[2026-01-20 21:20:18,019] INFO: Worker 6 finished area Селты; total collected 119
[2026-01-20 21:20:18,019] INFO: Worker 6 scanning area Сюмси (4210)
[2026-01-20 21:20:18,028] ERROR: Unexpected status 403 for https://api.hh.ru/vacancies: {"errors":[{"value":"captcha_required","captcha_url":"https://hh.ru/account/captcha?state=pxvcxBozfu7ry7R4QCetFqDzUL2cbK2LGYV-JLOJ644HLrHr0DH6jezFpCb5WIoORh7fkpHCxj4F6mHfOvxRDCu2lwbD5s_C9h7BjNRyTH0%3D
[2026-01-20 21:20:18,029] INFO: Worker 1 finished area Рябово (Удмуртская Республика); total collected 119
[2026-01-20 21:20:18,029] INFO: Worker 1 scanning area Тарасово (7196)
[2026-01-20 21:20:18,166] ERROR: Unexpected status 403 for https://api.hh.ru/vacancies: {"errors":[{"value":"captcha_required","captcha_url":"https://hh.ru/account/captcha?state=pxvcxBozfu7ry7R4QCetFqDzUL2cbK2LGYV-JLOJ644HLrHr0DH6jezFpCb5WIoORh7fkpHCxj4F6mHfOvxRDFTav54opHQuxeQsyyaEEwY%3D
[2026-01-20 21:20:18,166] INFO: Worker 7 finished area Среднее Кечёво; total collected 119
[2026-01-20 21:20:18,167] INFO: Worker 7 scanning area Ува (2959)
[2026-01-20 21:20:18,167] ERROR: Unexpected status 403 for https://api.hh.ru/vacancies: {"errors":[{"value":"captcha_required","captcha_url":"https://hh.ru/account/captcha?state=pxvcxBozfu7ry7R4QCetFqDzUL2cbK2LGYV-JLOJ644HLrHr0DH6jezFpCb5WIoORh7fkpHCxj4F6mHfOvxRDFN_C5Tcxbe8YIQvSfSneeI%3D
[2026-01-20 21:20:18,167] INFO: Worker 0 finished area Сигаево; total collected 119
[2026-01-20 21:20:18,167] INFO: Worker 0 scanning area Удугучин (7236)
[2026-01-20 21:20:18,197] ERROR: Unexpected status 403 for https://api.hh.ru/vacancies: {"errors":[{"value":"captcha_required","captcha_url":"https://hh.ru/account/captcha?state=pxvcxBozfu7ry7R4QCetFqDzUL2cbK2LGYV-JLOJ644HLrHr0DH6jezFpCb5WIoORh7fkpHCxj4F6mHfOvxRDKMeXKsfi913bNARM7E43-k%3D
[2026-01-20 21:20:18,197] INFO: Worker 5 finished area Сарапул; total collected 119
[2026-01-20 21:20:18,197] INFO: Worker 5 scanning area Укан (7165)
[2026-01-20 21:20:18,214] ERROR: Unexpected status 403 for https://api.hh.ru/vacancies: {"errors":[{"value":"captcha_required","captcha_url":"https://hh.ru/account/captcha?state=pxvcxBozfu7ry7R4QCetFqDzUL2cbK2LGYV-JLOJ644HLrHr0DH6jezFpCb5WIoORh7fkpHCxj4F6mHfOvxRDAmxmjBW7uurBFTL8KLofqo%3D
[2026-01-20 21:20:18,214] INFO: Worker 3 finished area Старые Зятцы; total collected 119
[2026-01-20 21:20:18,215] INFO: Worker 3 scanning area Уральский (Удмуртская Республика) (7285)
[2026-01-20 21:20:18,316] ERROR: Unexpected status 403 for https://api.hh.ru/vacancies: {"errors":[{"value":"captcha_required","captcha_url":"https://hh.ru/account/captcha?state=pxvcxBozfu7ry7R4QCetFqDzUL2cbK2LGYV-JLOJ644HLrHr0DH6jezFpCb5WIoORh7fkpHCxj4F6mHfOvxRDNswgFKBXk-dULqQk4u5xqA%3D
[2026-01-20 21:20:18,316] INFO: Worker 4 finished area Пычас; total collected 119
[2026-01-20 21:20:18,316] INFO: Worker 4 scanning area Ушур (11695)
[2026-01-20 21:20:18,333] ERROR: Unexpected status 403 for https://api.hh.ru/vacancies: {"errors":[{"value":"captcha_required","captcha_url":"https://hh.ru/account/captcha?state=pxvcxBozfu7ry7R4QCetFqDzUL2cbK2LGYV-JLOJ644HLrHr0DH6jezFpCb5WIoORh7fkpHCxj4F6mHfOvxRDCrJCYjY7a2o-HCmeIN38Bk%3D
[2026-01-20 21:20:18,333] INFO: Worker 1 finished area Тарасово; total collected 119
[2026-01-20 21:20:18,333] INFO: Worker 1 scanning area Факел (7025)
[2026-01-20 21:20:18,390] ERROR: Unexpected status 403 for https://api.hh.ru/vacancies: {"errors":[{"value":"captcha_required","captcha_url":"https://hh.ru/account/captcha?state=pxvcxBozfu7ry7R4QCetFqDzUL2cbK2LGYV-JLOJ644HLrHr0DH6jezFpCb5WIoORh7fkpHCxj4F6mHfOvxRDDCnlqKGzJLBLrcaiUUIsQU%3D
[2026-01-20 21:20:18,390] INFO: Worker 2 finished area Старые Какси; total collected 119
[2026-01-20 21:20:18,390] INFO: Worker 2 scanning area Хохряки (4211)
[2026-01-20 21:20:18,533] ERROR: Unexpected status 403 for https://api.hh.ru/vacancies: {"errors":[{"value":"captcha_required","captcha_url":"https://hh.ru/account/captcha?state=pxvcxBozfu7ry7R4QCetFqDzUL2cbK2LGYV-JLOJ644HLrHr0DH6jezFpCb5WIoORh7fkpHCxj4F6mHfOvxRDMzEluIGw_VkwK6cVcnSlfU%3D
[2026-01-20 21:20:18,533] INFO: Worker 5 finished area Укан; total collected 119
[2026-01-20 21:20:18,533] INFO: Worker 5 scanning area Чепца (7271)
[2026-01-20 21:20:18,548] ERROR: Unexpected status 403 for https://api.hh.ru/vacancies: {"errors":[{"value":"captcha_required","captcha_url":"https://hh.ru/account/captcha?state=pxvcxBozfu7ry7R4QCetFqDzUL2cbK2LGYV-JLOJ644HLrHr0DH6jezFpCb5WIoORh7fkpHCxj4F6mHfOvxRDMeSlLJqAoo67-yU33oL9XA%3D
[2026-01-20 21:20:18,548] INFO: Worker 3 finished area Уральский (Удмуртская Республика); total collected 119
[2026-01-20 21:20:18,548] INFO: Worker 3 scanning area Чур (7143)
[2026-01-20 21:20:18,637] ERROR: Unexpected status 403 for https://api.hh.ru/vacancies: {"errors":[{"value":"captcha_required","captcha_url":"https://hh.ru/account/captcha?state=pxvcxBozfu7ry7R4QCetFqDzUL2cbK2LGYV-JLOJ644HLrHr0DH6jezFpCb5WIoORh7fkpHCxj4F6mHfOvxRDAzYlOH2zTto_pRmYAH7PtI%3D
[2026-01-20 21:20:18,637] INFO: Worker 0 finished area Удугучин; total collected 119
[2026-01-20 21:20:18,637] INFO: Worker 0 scanning area Чутырь (7122)
[2026-01-20 21:20:18,638] ERROR: Unexpected status 403 for https://api.hh.ru/vacancies: {"errors":[{"value":"captcha_required","captcha_url":"https://hh.ru/account/captcha?state=pxvcxBozfu7ry7R4QCetFqDzUL2cbK2LGYV-JLOJ644HLrHr0DH6jezFpCb5WIoORh7fkpHCxj4F6mHfOvxRDBqwXPkS2oT4hG-akfm27uM%3D
[2026-01-20 21:20:18,638] INFO: Worker 6 finished area Сюмси; total collected 119
[2026-01-20 21:20:18,638] INFO: Worker 6 scanning area Шаркан (4212)
[2026-01-20 21:20:18,696] ERROR: Unexpected status 403 for https://api.hh.ru/vacancies: {"errors":[{"value":"captcha_required","captcha_url":"https://hh.ru/account/captcha?state=pxvcxBozfu7ry7R4QCetFqDzUL2cbK2LGYV-JLOJ644HLrHr0DH6jezFpCb5WIoORh7fkpHCxj4F6mHfOvxRDPsacUEhPEb0usz-ASuQXAk%3D
[2026-01-20 21:20:18,696] INFO: Worker 1 finished area Факел; total collected 119
[2026-01-20 21:20:18,696] INFO: Worker 1 scanning area Юкаменское (4213)
[2026-01-20 21:20:18,738] ERROR: Unexpected status 403 for https://api.hh.ru/vacancies: {"errors":[{"value":"captcha_required","captcha_url":"https://hh.ru/account/captcha?state=pxvcxBozfu7ry7R4QCetFqDzUL2cbK2LGYV-JLOJ644HLrHr0DH6jezFpCb5WIoORh7fkpHCxj4F6mHfOvxRDBsUxQ1RARdobELJl4v36AY%3D
[2026-01-20 21:20:18,739] INFO: Worker 4 finished area Ушур; total collected 119
[2026-01-20 21:20:18,739] INFO: Worker 4 scanning area Яган-Докья (7154)
[2026-01-20 21:20:18,750] ERROR: Unexpected status 403 for https://api.hh.ru/vacancies: {"errors":[{"value":"captcha_required","captcha_url":"https://hh.ru/account/captcha?state=pxvcxBozfu7ry7R4QCetFqDzUL2cbK2LGYV-JLOJ644HLrHr0DH6jezFpCb5WIoORh7fkpHCxj4F6mHfOvxRDMYzbIOEE0ySNVW6M6fW9kM%3D
[2026-01-20 21:20:18,750] INFO: Worker 7 finished area Ува; total collected 119
[2026-01-20 21:20:18,750] INFO: Worker 7 scanning area Якшур (7014)
[2026-01-20 21:20:18,862] ERROR: Unexpected status 403 for https://api.hh.ru/vacancies: {"errors":[{"value":"captcha_required","captcha_url":"https://hh.ru/account/captcha?state=pxvcxBozfu7ry7R4QCetFqDzUL2cbK2LGYV-JLOJ644HLrHr0DH6jezFpCb5WIoORh7fkpHCxj4F6mHfOvxRDKWI01h1nIzfZ_i-oOauvzQ%3D
[2026-01-20 21:20:18,863] INFO: Worker 5 finished area Чепца; total collected 119
[2026-01-20 21:20:18,863] INFO: Worker 5 scanning area Якшур-Бодья (4214)
[2026-01-20 21:20:18,879] ERROR: Unexpected status 403 for https://api.hh.ru/vacancies: {"errors":[{"value":"captcha_required","captcha_url":"https://hh.ru/account/captcha?state=pxvcxBozfu7ry7R4QCetFqDzUL2cbK2LGYV-JLOJ644HLrHr0DH6jezFpCb5WIoORh7fkpHCxj4F6mHfOvxRDBHWoZoIqAnLqnLRG3jJvtg%3D
[2026-01-20 21:20:18,879] INFO: Worker 3 finished area Чур; total collected 119
[2026-01-20 21:20:18,879] INFO: Worker 3 scanning area Яр (4215)
[2026-01-20 21:20:19,008] ERROR: Unexpected status 403 for https://api.hh.ru/vacancies: {"errors":[{"value":"captcha_required","captcha_url":"https://hh.ru/account/captcha?state=pxvcxBozfu7ry7R4QCetFqDzUL2cbK2LGYV-JLOJ644HLrHr0DH6jezFpCb5WIoORh7fkpHCxj4F6mHfOvxRDFpVw3C88WgT_CywEXvgAvk%3D
[2026-01-20 21:20:19,008] INFO: Worker 6 finished area Шаркан; total collected 119
[2026-01-20 21:20:19,008] INFO: Worker 6 scanning area Чувашская Республика (1652)
[2026-01-20 21:20:19,059] ERROR: Unexpected status 403 for https://api.hh.ru/vacancies: {"errors":[{"value":"captcha_required","captcha_url":"https://hh.ru/account/captcha?state=pxvcxBozfu7ry7R4QCetFqDzUL2cbK2LGYV-JLOJ644HLrHr0DH6jezFpCb5WIoORh7fkpHCxj4F6mHfOvxRDHMvXwq1PM9SvmV_uO4hSNY%3D
[2026-01-20 21:20:19,060] INFO: Worker 1 finished area Юкаменское; total collected 119
[2026-01-20 21:20:19,060] INFO: Worker 1 scanning area Айбечи (7232)
[2026-01-20 21:20:19,073] ERROR: Unexpected status 403 for https://api.hh.ru/vacancies: {"errors":[{"value":"captcha_required","captcha_url":"https://hh.ru/account/captcha?state=pxvcxBozfu7ry7R4QCetFqDzUL2cbK2LGYV-JLOJ644HLrHr0DH6jezFpCb5WIoORh7fkpHCxj4F6mHfOvxRDJPsUIFmllrBZtBaEW1_c30%3D
[2026-01-20 21:20:19,073] INFO: Worker 0 finished area Чутырь; total collected 119
[2026-01-20 21:20:19,073] INFO: Worker 0 scanning area Аксарино (7266)
[2026-01-20 21:20:19,084] ERROR: Unexpected status 403 for https://api.hh.ru/vacancies: {"errors":[{"value":"captcha_required","captcha_url":"https://hh.ru/account/captcha?state=pxvcxBozfu7ry7R4QCetFqDzUL2cbK2LGYV-JLOJ644HLrHr0DH6jezFpCb5WIoORh7fkpHCxj4F6mHfOvxRDD-0tRUj3asOVZjRMXtpmwo%3D
[2026-01-20 21:20:19,085] INFO: Worker 4 finished area Яган-Докья; total collected 119
[2026-01-20 21:20:19,085] INFO: Worker 4 scanning area Алатырь (1653)
[2026-01-20 21:20:19,115] ERROR: Unexpected status 403 for https://api.hh.ru/vacancies: {"errors":[{"value":"captcha_required","captcha_url":"https://hh.ru/account/captcha?state=pxvcxBozfu7ry7R4QCetFqDzUL2cbK2LGYV-JLOJ644HLrHr0DH6jezFpCb5WIoORh7fkpHCxj4F6mHfOvxRDFeYFGlHm3c8k69OgEn8dZc%3D
[2026-01-20 21:20:19,116] INFO: Worker 2 finished area Хохряки; total collected 119
[2026-01-20 21:20:19,116] INFO: Worker 2 scanning area Аликово (4216)
[2026-01-20 21:20:19,221] ERROR: Unexpected status 403 for https://api.hh.ru/vacancies: {"errors":[{"value":"captcha_required","captcha_url":"https://hh.ru/account/captcha?state=pxvcxBozfu7ry7R4QCetFqDzUL2cbK2LGYV-JLOJ644HLrHr0DH6jezFpCb5WIoORh7fkpHCxj4F6mHfOvxRDIVqofhv4WVdzx37BI9Uy4c%3D
[2026-01-20 21:20:19,221] INFO: Worker 3 finished area Яр; total collected 119
[2026-01-20 21:20:19,221] INFO: Worker 3 scanning area Алманчиково (7226)
[2026-01-20 21:20:19,324] ERROR: Unexpected status 403 for https://api.hh.ru/vacancies: {"errors":[{"value":"captcha_required","captcha_url":"https://hh.ru/account/captcha?state=pxvcxBozfu7ry7R4QCetFqDzUL2cbK2LGYV-JLOJ644HLrHr0DH6jezFpCb5WIoORh7fkpHCxj4F6mHfOvxRDE4nsK4osz2vmUBW8cSdM8Y%3D
[2026-01-20 21:20:19,324] INFO: Worker 0 finished area Аксарино; total collected 119
[2026-01-20 21:20:19,324] INFO: Worker 0 scanning area Алтышево (7093)
[2026-01-20 21:20:19,364] ERROR: Unexpected status 403 for https://api.hh.ru/vacancies: {"errors":[{"value":"captcha_required","captcha_url":"https://hh.ru/account/captcha?state=pxvcxBozfu7ry7R4QCetFqDzUL2cbK2LGYV-JLOJ644HLrHr0DH6jezFpCb5WIoORh7fkpHCxj4F6mHfOvxRDDnVsxRX7klK9HODjTm_bR0%3D
[2026-01-20 21:20:19,364] INFO: Worker 5 finished area Якшур-Бодья; total collected 119
[2026-01-20 21:20:19,364] INFO: Worker 5 scanning area Анастасово (7198)
[2026-01-20 21:20:19,392] ERROR: Unexpected status 403 for https://api.hh.ru/vacancies: {"errors":[{"value":"captcha_required","captcha_url":"https://hh.ru/account/captcha?state=pxvcxBozfu7ry7R4QCetFqDzUL2cbK2LGYV-JLOJ644HLrHr0DH6jezFpCb5WIoORh7fkpHCxj4F6mHfOvxRDElyGRO2Yqf_THEBi_MKMns%3D
[2026-01-20 21:20:19,392] INFO: Worker 7 finished area Якшур; total collected 119
[2026-01-20 21:20:19,392] INFO: Worker 7 scanning area Анаткасы (7106)
[2026-01-20 21:20:19,414] ERROR: Unexpected status 403 for https://api.hh.ru/vacancies: {"errors":[{"value":"captcha_required","captcha_url":"https://hh.ru/account/captcha?state=pxvcxBozfu7ry7R4QCetFqDzUL2cbK2LGYV-JLOJ644HLrHr0DH6jezFpCb5WIoORh7fkpHCxj4F6mHfOvxRDH3JsolmXDCJ4lJbT3-_q68%3D
[2026-01-20 21:20:19,414] INFO: Worker 1 finished area Айбечи; total collected 119
[2026-01-20 21:20:19,414] INFO: Worker 1 scanning area Атнары (7086)
[2026-01-20 21:20:19,490] ERROR: Unexpected status 403 for https://api.hh.ru/vacancies: {"errors":[{"value":"captcha_required","captcha_url":"https://hh.ru/account/captcha?state=pxvcxBozfu7ry7R4QCetFqDzUL2cbK2LGYV-JLOJ644HLrHr0DH6jezFpCb5WIoORh7fkpHCxj4F6mHfOvxRDMsTsCSk4SRPo4NmOtpdesM%3D
[2026-01-20 21:20:19,490] INFO: Worker 3 finished area Алманчиково; total collected 119
[2026-01-20 21:20:19,490] INFO: Worker 3 scanning area Атрать (7176)
[2026-01-20 21:20:19,571] ERROR: Unexpected status 403 for https://api.hh.ru/vacancies: {"errors":[{"value":"captcha_required","captcha_url":"https://hh.ru/account/captcha?state=pxvcxBozfu7ry7R4QCetFqDzUL2cbK2LGYV-JLOJ644HLrHr0DH6jezFpCb5WIoORh7fkpHCxj4F6mHfOvxRDKhKorxa7be75j8oKPmK-UI%3D
[2026-01-20 21:20:19,571] INFO: Worker 4 finished area Алатырь; total collected 119
[2026-01-20 21:20:19,571] INFO: Worker 4 scanning area Батырево (3678)
[2026-01-20 21:20:19,595] ERROR: Unexpected status 403 for https://api.hh.ru/vacancies: {"errors":[{"value":"captcha_required","captcha_url":"https://hh.ru/account/captcha?state=pxvcxBozfu7ry7R4QCetFqDzUL2cbK2LGYV-JLOJ644HLrHr0DH6jezFpCb5WIoORh7fkpHCxj4F6mHfOvxRDCQpgEwzJcc1f4mhJdb-bWI%3D
[2026-01-20 21:20:19,595] INFO: Worker 2 finished area Аликово; total collected 119
[2026-01-20 21:20:19,595] INFO: Worker 2 scanning area Бичурга-Баишево (7170)
[2026-01-20 21:20:19,638] ERROR: Unexpected status 403 for https://api.hh.ru/vacancies: {"errors":[{"value":"captcha_required","captcha_url":"https://hh.ru/account/captcha?state=pxvcxBozfu7ry7R4QCetFqDzUL2cbK2LGYV-JLOJ644HLrHr0DH6jezFpCb5WIoORh7fkpHCxj4F6mHfOvxRDHdaLrme_NnwXymL6citej4%3D
[2026-01-20 21:20:19,639] INFO: Worker 6 finished area Чувашская Республика; total collected 119
[2026-01-20 21:20:19,639] INFO: Worker 6 scanning area Богатырево (7121)
[2026-01-20 21:20:19,643] ERROR: Unexpected status 403 for https://api.hh.ru/vacancies: {"errors":[{"value":"captcha_required","captcha_url":"https://hh.ru/account/captcha?state=pxvcxBozfu7ry7R4QCetFqDzUL2cbK2LGYV-JLOJ644HLrHr0DH6jezFpCb5WIoORh7fkpHCxj4F6mHfOvxRDNMRRkF9sX7L9z0XLqqvXKU%3D
[2026-01-20 21:20:19,643] INFO: Worker 5 finished area Анастасово; total collected 119
[2026-01-20 21:20:19,644] INFO: Worker 5 scanning area Большая Выла (7015)
[2026-01-20 21:20:19,682] ERROR: Unexpected status 403 for https://api.hh.ru/vacancies: {"errors":[{"value":"captcha_required","captcha_url":"https://hh.ru/account/captcha?state=pxvcxBozfu7ry7R4QCetFqDzUL2cbK2LGYV-JLOJ644HLrHr0DH6jezFpCb5WIoORh7fkpHCxj4F6mHfOvxRDNTh-Kst1BYvF_CzSbkVD9w%3D
[2026-01-20 21:20:19,682] INFO: Worker 1 finished area Атнары; total collected 119
[2026-01-20 21:20:19,683] INFO: Worker 1 scanning area Большие Алгаши (7224)
[2026-01-20 21:20:19,755] ERROR: Unexpected status 403 for https://api.hh.ru/vacancies: {"errors":[{"value":"captcha_required","captcha_url":"https://hh.ru/account/captcha?state=pxvcxBozfu7ry7R4QCetFqDzUL2cbK2LGYV-JLOJ644HLrHr0DH6jezFpCb5WIoORh7fkpHCxj4F6mHfOvxRDIuFpuPuzCYM_LET4cJyDsg%3D
[2026-01-20 21:20:19,755] INFO: Worker 3 finished area Атрать; total collected 119
[2026-01-20 21:20:19,756] INFO: Worker 3 scanning area Большие Катраси (7144)
[2026-01-20 21:20:19,807] ERROR: Unexpected status 403 for https://api.hh.ru/vacancies: {"errors":[{"value":"captcha_required","captcha_url":"https://hh.ru/account/captcha?state=pxvcxBozfu7ry7R4QCetFqDzUL2cbK2LGYV-JLOJ644HLrHr0DH6jezFpCb5WIoORh7fkpHCxj4F6mHfOvxRDKbnQNOhchywcXRtTY2ZSqs%3D
[2026-01-20 21:20:19,807] INFO: Worker 0 finished area Алтышево; total collected 119
[2026-01-20 21:20:19,807] INFO: Worker 0 scanning area Большие Яуши (7200)
[2026-01-20 21:20:19,840] ERROR: Unexpected status 403 for https://api.hh.ru/vacancies: {"errors":[{"value":"captcha_required","captcha_url":"https://hh.ru/account/captcha?state=pxvcxBozfu7ry7R4QCetFqDzUL2cbK2LGYV-JLOJ644HLrHr0DH6jezFpCb5WIoORh7fkpHCxj4F6mHfOvxRDD7UWNZxIP-62og1yxKxJJY%3D
[2026-01-20 21:20:19,840] INFO: Worker 7 finished area Анаткасы; total collected 119
[2026-01-20 21:20:19,840] INFO: Worker 7 scanning area Большое Шигаево (7173)
[2026-01-20 21:20:19,918] ERROR: Unexpected status 403 for https://api.hh.ru/vacancies: {"errors":[{"value":"captcha_required","captcha_url":"https://hh.ru/account/captcha?state=pxvcxBozfu7ry7R4QCetFqDzUL2cbK2LGYV-JLOJ644HLrHr0DH6jezFpCb5WIoORh7fkpHCxj4F6mHfOvxRDLCJFiRppNRykAH933bD2vY%3D
[2026-01-20 21:20:19,918] INFO: Worker 2 finished area Бичурга-Баишево; total collected 119
[2026-01-20 21:20:19,918] INFO: Worker 2 scanning area Большое Яниково (7262)
[2026-01-20 21:20:19,963] ERROR: Unexpected status 403 for https://api.hh.ru/vacancies: {"errors":[{"value":"captcha_required","captcha_url":"https://hh.ru/account/captcha?state=pxvcxBozfu7ry7R4QCetFqDzUL2cbK2LGYV-JLOJ644HLrHr0DH6jezFpCb5WIoORh7fkpHCxj4F6mHfOvxRDCYW2qeyzVS4YtQsYn8OKIo%3D
[2026-01-20 21:20:19,963] INFO: Worker 6 finished area Богатырево; total collected 119
[2026-01-20 21:20:19,963] INFO: Worker 6 scanning area Большой Сундырь (3680)
[2026-01-20 21:20:20,021] ERROR: Unexpected status 403 for https://api.hh.ru/vacancies: {"errors":[{"value":"captcha_required","captcha_url":"https://hh.ru/account/captcha?state=pxvcxBozfu7ry7R4QCetFqDzUL2cbK2LGYV-JLOJ644HLrHr0DH6jezFpCb5WIoORh7fkpHCxj4F6mHfOvxRDGiJ8Ytdq1ugeFhpBh5nOno%3D
[2026-01-20 21:20:20,021] INFO: Worker 5 finished area Большая Выла; total collected 119
[2026-01-20 21:20:20,021] INFO: Worker 5 scanning area Верхние Ачаки (7004)
[2026-01-20 21:20:20,062] ERROR: Unexpected status 403 for https://api.hh.ru/vacancies: {"errors":[{"value":"captcha_required","captcha_url":"https://hh.ru/account/captcha?state=pxvcxBozfu7ry7R4QCetFqDzUL2cbK2LGYV-JLOJ644HLrHr0DH6jezFpCb5WIoORh7fkpHCxj4F6mHfOvxRDFxK2Q9t40-Kt5YvuZqC4ik%3D
[2026-01-20 21:20:20,062] INFO: Worker 1 finished area Большие Алгаши; total collected 119
[2026-01-20 21:20:20,063] INFO: Worker 1 scanning area Вурнары (3676)
[2026-01-20 21:20:20,103] ERROR: Unexpected status 403 for https://api.hh.ru/vacancies: {"errors":[{"value":"captcha_required","captcha_url":"https://hh.ru/account/captcha?state=pxvcxBozfu7ry7R4QCetFqDzUL2cbK2LGYV-JLOJ644HLrHr0DH6jezFpCb5WIoORh7fkpHCxj4F6mHfOvxRDFyAqhg_2St2e9nXS3KrTgI%3D
[2026-01-20 21:20:20,103] INFO: Worker 4 finished area Батырево; total collected 119
[2026-01-20 21:20:20,103] INFO: Worker 4 scanning area Вутабоси (7114)
[2026-01-20 21:20:20,119] ERROR: Unexpected status 403 for https://api.hh.ru/vacancies: {"errors":[{"value":"captcha_required","captcha_url":"https://hh.ru/account/captcha?state=pxvcxBozfu7ry7R4QCetFqDzUL2cbK2LGYV-JLOJ644HLrHr0DH6jezFpCb5WIoORh7fkpHCxj4F6mHfOvxRDEj6mW2cfBxrxoTy4oFYRDI%3D
[2026-01-20 21:20:20,119] INFO: Worker 3 finished area Большие Катраси; total collected 119
[2026-01-20 21:20:20,119] INFO: Worker 3 scanning area Егоркино (7082)
[2026-01-20 21:20:20,129] ERROR: Unexpected status 403 for https://api.hh.ru/vacancies: {"errors":[{"value":"captcha_required","captcha_url":"https://hh.ru/account/captcha?state=pxvcxBozfu7ry7R4QCetFqDzUL2cbK2LGYV-JLOJ644HLrHr0DH6jezFpCb5WIoORh7fkpHCxj4F6mHfOvxRDN5VbcET6hM7QQ23JSc_030%3D
[2026-01-20 21:20:20,129] INFO: Worker 7 finished area Большое Шигаево; total collected 119
[2026-01-20 21:20:20,129] INFO: Worker 7 scanning area Еметкино (7276)
[2026-01-20 21:20:20,172] ERROR: Unexpected status 403 for https://api.hh.ru/vacancies: {"errors":[{"value":"captcha_required","captcha_url":"https://hh.ru/account/captcha?state=pxvcxBozfu7ry7R4QCetFqDzUL2cbK2LGYV-JLOJ644HLrHr0DH6jezFpCb5WIoORh7fkpHCxj4F6mHfOvxRDG2hQ0UECs0L5yKI89zcl6M%3D
[2026-01-20 21:20:20,172] INFO: Worker 2 finished area Большое Яниково; total collected 119
[2026-01-20 21:20:20,172] INFO: Worker 2 scanning area Ермошкино (7134)
[2026-01-20 21:20:20,237] ERROR: Unexpected status 403 for https://api.hh.ru/vacancies: {"errors":[{"value":"captcha_required","captcha_url":"https://hh.ru/account/captcha?state=pxvcxBozfu7ry7R4QCetFqDzUL2cbK2LGYV-JLOJ644HLrHr0DH6jezFpCb5WIoORh7fkpHCxj4F6mHfOvxRDFvhnOhxFyH1-hZhHk8w4GM%3D
[2026-01-20 21:20:20,237] INFO: Worker 6 finished area Большой Сундырь; total collected 119
[2026-01-20 21:20:20,237] INFO: Worker 6 scanning area Ибреси (4217)
[2026-01-20 21:20:20,377] ERROR: Unexpected status 403 for https://api.hh.ru/vacancies: {"errors":[{"value":"captcha_required","captcha_url":"https://hh.ru/account/captcha?state=pxvcxBozfu7ry7R4QCetFqDzUL2cbK2LGYV-JLOJ644HLrHr0DH6jezFpCb5WIoORh7fkpHCxj4F6mHfOvxRDL3PXSQIXyGMP9HLYFpsJco%3D
[2026-01-20 21:20:20,377] INFO: Worker 1 finished area Вурнары; total collected 119
[2026-01-20 21:20:20,377] INFO: Worker 1 scanning area Иваньково-Ленино (7279)
[2026-01-20 21:20:20,379] ERROR: Unexpected status 403 for https://api.hh.ru/vacancies: {"errors":[{"value":"captcha_required","captcha_url":"https://hh.ru/account/captcha?state=pxvcxBozfu7ry7R4QCetFqDzUL2cbK2LGYV-JLOJ644HLrHr0DH6jezFpCb5WIoORh7fkpHCxj4F6mHfOvxRDDCZ_h0tct_-JQyO1adIKxY%3D
[2026-01-20 21:20:20,379] INFO: Worker 5 finished area Верхние Ачаки; total collected 119
[2026-01-20 21:20:20,379] INFO: Worker 5 scanning area Испуханы (7258)
[2026-01-20 21:20:20,431] ERROR: Unexpected status 403 for https://api.hh.ru/vacancies: {"errors":[{"value":"captcha_required","captcha_url":"https://hh.ru/account/captcha?state=pxvcxBozfu7ry7R4QCetFqDzUL2cbK2LGYV-JLOJ644HLrHr0DH6jezFpCb5WIoORh7fkpHCxj4F6mHfOvxRDFBobMlARaHErdSs-_o4EPk%3D
[2026-01-20 21:20:20,431] INFO: Worker 2 finished area Ермошкино; total collected 119
[2026-01-20 21:20:20,431] INFO: Worker 2 scanning area Ишаки (7278)
[2026-01-20 21:20:20,487] ERROR: Unexpected status 403 for https://api.hh.ru/vacancies: {"errors":[{"value":"captcha_required","captcha_url":"https://hh.ru/account/captcha?state=pxvcxBozfu7ry7R4QCetFqDzUL2cbK2LGYV-JLOJ644HLrHr0DH6jezFpCb5WIoORh7fkpHCxj4F6mHfOvxRDGX4mQHVDXixiZOV42dJPjo%3D
[2026-01-20 21:20:20,487] INFO: Worker 3 finished area Егоркино; total collected 119
[2026-01-20 21:20:20,487] INFO: Worker 3 scanning area Ишлеи (4218)
[2026-01-20 21:20:20,573] ERROR: Unexpected status 403 for https://api.hh.ru/vacancies: {"errors":[{"value":"captcha_required","captcha_url":"https://hh.ru/account/captcha?state=pxvcxBozfu7ry7R4QCetFqDzUL2cbK2LGYV-JLOJ644HLrHr0DH6jezFpCb5WIoORh7fkpHCxj4F6mHfOvxRDGLJnGlTc_sOKSESJqjBLq4%3D
[2026-01-20 21:20:20,573] INFO: Worker 4 finished area Вутабоси; total collected 119
[2026-01-20 21:20:20,573] INFO: Worker 4 scanning area Калинино (7208)
[2026-01-20 21:20:20,578] ERROR: Unexpected status 403 for https://api.hh.ru/vacancies: {"errors":[{"value":"captcha_required","captcha_url":"https://hh.ru/account/captcha?state=pxvcxBozfu7ry7R4QCetFqDzUL2cbK2LGYV-JLOJ644HLrHr0DH6jezFpCb5WIoORh7fkpHCxj4F6mHfOvxRDI1-9HbI50I4FO8HgfQc84U%3D
[2026-01-20 21:20:20,578] INFO: Worker 6 finished area Ибреси; total collected 119
[2026-01-20 21:20:20,578] INFO: Worker 6 scanning area Канаш (1654)
[2026-01-20 21:20:20,712] ERROR: Unexpected status 403 for https://api.hh.ru/vacancies: {"errors":[{"value":"captcha_required","captcha_url":"https://hh.ru/account/captcha?state=pxvcxBozfu7ry7R4QCetFqDzUL2cbK2LGYV-JLOJ644HLrHr0DH6jezFpCb5WIoORh7fkpHCxj4F6mHfOvxRDPNuxuAXzkkt2Wk71wFmtK0%3D
[2026-01-20 21:20:20,712] INFO: Worker 2 finished area Ишаки; total collected 119
[2026-01-20 21:20:20,712] INFO: Worker 2 scanning area Карабай-Шемурша (7074)
[2026-01-20 21:20:20,746] ERROR: Unexpected status 403 for https://api.hh.ru/vacancies: {"errors":[{"value":"captcha_required","captcha_url":"https://hh.ru/account/captcha?state=pxvcxBozfu7ry7R4QCetFqDzUL2cbK2LGYV-JLOJ644HLrHr0DH6jezFpCb5WIoORh7fkpHCxj4F6mHfOvxRDHjdUKx6bLogKXWk6FiLulk%3D
[2026-01-20 21:20:20,746] INFO: Worker 5 finished area Испуханы; total collected 119
[2026-01-20 21:20:20,746] INFO: Worker 5 scanning area Карабаши (7156)
[2026-01-20 21:20:20,796] ERROR: Unexpected status 403 for https://api.hh.ru/vacancies: {"errors":[{"value":"captcha_required","captcha_url":"https://hh.ru/account/captcha?state=pxvcxBozfu7ry7R4QCetFqDzUL2cbK2LGYV-JLOJ644HLrHr0DH6jezFpCb5WIoORh7fkpHCxj4F6mHfOvxRDDhFEy9Vc7z2WBurdmToLbQ%3D
[2026-01-20 21:20:20,797] INFO: Worker 3 finished area Ишлеи; total collected 119
[2026-01-20 21:20:20,797] INFO: Worker 3 scanning area Карамышево (Чувашская Республика) (7239)
[2026-01-20 21:20:20,883] ERROR: Unexpected status 403 for https://api.hh.ru/vacancies: {"errors":[{"value":"captcha_required","captcha_url":"https://hh.ru/account/captcha?state=pxvcxBozfu7ry7R4QCetFqDzUL2cbK2LGYV-JLOJ644HLrHr0DH6jezFpCb5WIoORh7fkpHCxj4F6mHfOvxRDE6gabdFYhg5O0goyGzO76Q%3D
[2026-01-20 21:20:20,883] INFO: Worker 1 finished area Иваньково-Ленино; total collected 119
[2026-01-20 21:20:20,883] INFO: Worker 1 scanning area Кильдюшево (7067)
[2026-01-20 21:20:21,017] ERROR: Unexpected status 403 for https://api.hh.ru/vacancies: {"errors":[{"value":"captcha_required","captcha_url":"https://hh.ru/account/captcha?state=pxvcxBozfu7ry7R4QCetFqDzUL2cbK2LGYV-JLOJ644HLrHr0DH6jezFpCb5WIoORh7fkpHCxj4F6mHfOvxRDAU67Yixx_CQMa7TOKz0GW4%3D
[2026-01-20 21:20:21,017] INFO: Worker 0 finished area Большие Яуши; total collected 119
[2026-01-20 21:20:21,017] INFO: Worker 0 scanning area Киря (7270)
[2026-01-20 21:20:21,039] ERROR: Unexpected status 403 for https://api.hh.ru/vacancies: {"errors":[{"value":"captcha_required","captcha_url":"https://hh.ru/account/captcha?state=pxvcxBozfu7ry7R4QCetFqDzUL2cbK2LGYV-JLOJ644HLrHr0DH6jezFpCb5WIoORh7fkpHCxj4F6mHfOvxRDLN-SJDdOvqTLbmxU9WpFW8%3D
[2026-01-20 21:20:21,039] INFO: Worker 6 finished area Канаш; total collected 119
[2026-01-20 21:20:21,039] INFO: Worker 6 scanning area Климово (Чувашская Республика) (7185)
[2026-01-20 21:20:21,070] ERROR: Unexpected status 403 for https://api.hh.ru/vacancies: {"errors":[{"value":"captcha_required","captcha_url":"https://hh.ru/account/captcha?state=pxvcxBozfu7ry7R4QCetFqDzUL2cbK2LGYV-JLOJ644HLrHr0DH6jezFpCb5WIoORh7fkpHCxj4F6mHfOvxRDNjFT9ZRd7iUQlklIFZjhdQ%3D
[2026-01-20 21:20:21,071] INFO: Worker 5 finished area Карабаши; total collected 119
[2026-01-20 21:20:21,071] INFO: Worker 5 scanning area Ковали (7023)
[2026-01-20 21:20:21,089] ERROR: Unexpected status 403 for https://api.hh.ru/vacancies: {"errors":[{"value":"captcha_required","captcha_url":"https://hh.ru/account/captcha?state=pxvcxBozfu7ry7R4QCetFqDzUL2cbK2LGYV-JLOJ644HLrHr0DH6jezFpCb5WIoORh7fkpHCxj4F6mHfOvxRDHn3dMbRgPXfUc69vbvfCso%3D
[2026-01-20 21:20:21,089] INFO: Worker 3 finished area Карамышево (Чувашская Республика); total collected 119
[2026-01-20 21:20:21,089] INFO: Worker 3 scanning area Кожары (7059)
[2026-01-20 21:20:21,167] ERROR: Unexpected status 403 for https://api.hh.ru/vacancies: {"errors":[{"value":"captcha_required","captcha_url":"https://hh.ru/account/captcha?state=pxvcxBozfu7ry7R4QCetFqDzUL2cbK2LGYV-JLOJ644HLrHr0DH6jezFpCb5WIoORh7fkpHCxj4F6mHfOvxRDBQv_IpMxgD77a4A4nBwItM%3D
[2026-01-20 21:20:21,168] INFO: Worker 7 finished area Еметкино; total collected 119
[2026-01-20 21:20:21,168] INFO: Worker 7 scanning area Козловка (1655)
[2026-01-20 21:20:21,193] ERROR: Unexpected status 403 for https://api.hh.ru/vacancies: {"errors":[{"value":"captcha_required","captcha_url":"https://hh.ru/account/captcha?state=pxvcxBozfu7ry7R4QCetFqDzUL2cbK2LGYV-JLOJ644HLrHr0DH6jezFpCb5WIoORh7fkpHCxj4F6mHfOvxRDEVFA0QqHnm5z93XbnTACNg%3D
[2026-01-20 21:20:21,194] INFO: Worker 4 finished area Калинино; total collected 119
[2026-01-20 21:20:21,194] INFO: Worker 4 scanning area Комсомолец (Чувашская Республика) (7104)
[2026-01-20 21:20:21,210] ERROR: Unexpected status 403 for https://api.hh.ru/vacancies: {"errors":[{"value":"captcha_required","captcha_url":"https://hh.ru/account/captcha?state=pxvcxBozfu7ry7R4QCetFqDzUL2cbK2LGYV-JLOJ644HLrHr0DH6jezFpCb5WIoORh7fkpHCxj4F6mHfOvxRDMQ_RjpQmKHAXI5W6YVTTLQ%3D
[2026-01-20 21:20:21,210] INFO: Worker 1 finished area Кильдюшево; total collected 119
[2026-01-20 21:20:21,211] INFO: Worker 1 scanning area Комсомольское (Чувашская Республика) (3677)
[2026-01-20 21:20:21,232] ERROR: Unexpected status 403 for https://api.hh.ru/vacancies: {"errors":[{"value":"captcha_required","captcha_url":"https://hh.ru/account/captcha?state=pxvcxBozfu7ry7R4QCetFqDzUL2cbK2LGYV-JLOJ644HLrHr0DH6jezFpCb5WIoORh7fkpHCxj4F6mHfOvxRDL83du2jxOs6jfY58hT3X-I%3D
[2026-01-20 21:20:21,232] INFO: Worker 2 finished area Карабай-Шемурша; total collected 119
[2026-01-20 21:20:21,232] INFO: Worker 2 scanning area Конар (7087)
[2026-01-20 21:20:21,328] ERROR: Unexpected status 403 for https://api.hh.ru/vacancies: {"errors":[{"value":"captcha_required","captcha_url":"https://hh.ru/account/captcha?state=pxvcxBozfu7ry7R4QCetFqDzUL2cbK2LGYV-JLOJ644HLrHr0DH6jezFpCb5WIoORh7fkpHCxj4F6mHfOvxRDF45_CoxLMZ_34g7eSRWl4g%3D
[2026-01-20 21:20:21,329] INFO: Worker 5 finished area Ковали; total collected 119
[2026-01-20 21:20:21,329] INFO: Worker 5 scanning area Кошноруй (7107)
[2026-01-20 21:20:21,330] ERROR: Unexpected status 403 for https://api.hh.ru/vacancies: {"errors":[{"value":"captcha_required","captcha_url":"https://hh.ru/account/captcha?state=pxvcxBozfu7ry7R4QCetFqDzUL2cbK2LGYV-JLOJ644HLrHr0DH6jezFpCb5WIoORh7fkpHCxj4F6mHfOvxRDJ0RFcAn_4HIGGYQyLEkFBo%3D
[2026-01-20 21:20:21,330] INFO: Worker 6 finished area Климово (Чувашская Республика); total collected 119
[2026-01-20 21:20:21,330] INFO: Worker 6 scanning area Красноармейское (3681)
[2026-01-20 21:20:21,337] ERROR: Unexpected status 403 for https://api.hh.ru/vacancies: {"errors":[{"value":"captcha_required","captcha_url":"https://hh.ru/account/captcha?state=pxvcxBozfu7ry7R4QCetFqDzUL2cbK2LGYV-JLOJ644HLrHr0DH6jezFpCb5WIoORh7fkpHCxj4F6mHfOvxRDAnIcAka5EjwReG05D_254k%3D
[2026-01-20 21:20:21,338] INFO: Worker 0 finished area Киря; total collected 119
[2026-01-20 21:20:21,338] INFO: Worker 0 scanning area Красные Четаи (4219)
[2026-01-20 21:20:21,363] ERROR: Unexpected status 403 for https://api.hh.ru/vacancies: {"errors":[{"value":"captcha_required","captcha_url":"https://hh.ru/account/captcha?state=pxvcxBozfu7ry7R4QCetFqDzUL2cbK2LGYV-JLOJ644HLrHr0DH6jezFpCb5WIoORh7fkpHCxj4F6mHfOvxRDCCwhLJ2BzNZ1oTIwSFhH0o%3D
[2026-01-20 21:20:21,363] INFO: Worker 3 finished area Кожары; total collected 119
[2026-01-20 21:20:21,363] INFO: Worker 3 scanning area Кувакино (7167)
[2026-01-20 21:20:21,541] ERROR: Unexpected status 403 for https://api.hh.ru/vacancies: {"errors":[{"value":"captcha_required","captcha_url":"https://hh.ru/account/captcha?state=pxvcxBozfu7ry7R4QCetFqDzUL2cbK2LGYV-JLOJ644HLrHr0DH6jezFpCb5WIoORh7fkpHCxj4F6mHfOvxRDMZT2rBdoqpASUSqs6bHfGU%3D
[2026-01-20 21:20:21,542] INFO: Worker 2 finished area Конар; total collected 119
[2026-01-20 21:20:21,543] INFO: Worker 2 scanning area Кугеси (3698)
[2026-01-20 21:20:21,592] ERROR: Unexpected status 403 for https://api.hh.ru/vacancies: {"errors":[{"value":"captcha_required","captcha_url":"https://hh.ru/account/captcha?state=pxvcxBozfu7ry7R4QCetFqDzUL2cbK2LGYV-JLOJ644HLrHr0DH6jezFpCb5WIoORh7fkpHCxj4F6mHfOvxRDIfSpSFO4Pl5SCNmbtexwTM%3D
[2026-01-20 21:20:21,592] INFO: Worker 4 finished area Комсомолец (Чувашская Республика); total collected 119
[2026-01-20 21:20:21,593] INFO: Worker 4 scanning area Лащ-Таяба (7201)
[2026-01-20 21:20:21,595] ERROR: Unexpected status 403 for https://api.hh.ru/vacancies: {"errors":[{"value":"captcha_required","captcha_url":"https://hh.ru/account/captcha?state=pxvcxBozfu7ry7R4QCetFqDzUL2cbK2LGYV-JLOJ644HLrHr0DH6jezFpCb5WIoORh7fkpHCxj4F6mHfOvxRDNK6gjnO8q_H4XYodNzyb1c%3D
[2026-01-20 21:20:21,595] INFO: Worker 7 finished area Козловка; total collected 119
[2026-01-20 21:20:21,595] INFO: Worker 7 scanning area Малая Таяба (7029)
[2026-01-20 21:20:21,613] ERROR: Unexpected status 403 for https://api.hh.ru/vacancies: {"errors":[{"value":"captcha_required","captcha_url":"https://hh.ru/account/captcha?state=pxvcxBozfu7ry7R4QCetFqDzUL2cbK2LGYV-JLOJ644HLrHr0DH6jezFpCb5WIoORh7fkpHCxj4F6mHfOvxRDKwStVvsLmZEfpyM530HVic%3D
[2026-01-20 21:20:21,613] INFO: Worker 5 finished area Кошноруй; total collected 119
[2026-01-20 21:20:21,613] INFO: Worker 5 scanning area Малое Янгорчино (7280)
[2026-01-20 21:20:21,670] ERROR: Unexpected status 403 for https://api.hh.ru/vacancies: {"errors":[{"value":"captcha_required","captcha_url":"https://hh.ru/account/captcha?state=pxvcxBozfu7ry7R4QCetFqDzUL2cbK2LGYV-JLOJ644HLrHr0DH6jezFpCb5WIoORh7fkpHCxj4F6mHfOvxRDOx8ZUZWbrfb8XxEV86ylzA%3D
[2026-01-20 21:20:21,670] INFO: Worker 1 finished area Комсомольское (Чувашская Республика); total collected 119
[2026-01-20 21:20:21,670] INFO: Worker 1 scanning area Мариинский Посад (1656)
[2026-01-20 21:20:21,673] ERROR: Unexpected status 403 for https://api.hh.ru/vacancies: {"errors":[{"value":"captcha_required","captcha_url":"https://hh.ru/account/captcha?state=pxvcxBozfu7ry7R4QCetFqDzUL2cbK2LGYV-JLOJ644HLrHr0DH6jezFpCb5WIoORh7fkpHCxj4F6mHfOvxRDHYg9Ubc4D08F66dtZRp0ns%3D
[2026-01-20 21:20:21,673] INFO: Worker 3 finished area Кувакино; total collected 119
[2026-01-20 21:20:21,673] INFO: Worker 3 scanning area Междуречье (Чувашская Республика) (7120)
[2026-01-20 21:20:21,706] ERROR: Unexpected status 403 for https://api.hh.ru/vacancies: {"errors":[{"value":"captcha_required","captcha_url":"https://hh.ru/account/captcha?state=pxvcxBozfu7ry7R4QCetFqDzUL2cbK2LGYV-JLOJ644HLrHr0DH6jezFpCb5WIoORh7fkpHCxj4F6mHfOvxRDHJ1z06OPJzXlHK1EomG7w4%3D
[2026-01-20 21:20:21,706] INFO: Worker 0 finished area Красные Четаи; total collected 119
[2026-01-20 21:20:21,707] INFO: Worker 0 scanning area Можарки (7129)
[2026-01-20 21:20:21,830] ERROR: Unexpected status 403 for https://api.hh.ru/vacancies: {"errors":[{"value":"captcha_required","captcha_url":"https://hh.ru/account/captcha?state=pxvcxBozfu7ry7R4QCetFqDzUL2cbK2LGYV-JLOJ644HLrHr0DH6jezFpCb5WIoORh7fkpHCxj4F6mHfOvxRDIPu_bdkOUipGI-CmeWjW38%3D
[2026-01-20 21:20:21,831] INFO: Worker 6 finished area Красноармейское; total collected 119
[2026-01-20 21:20:21,831] INFO: Worker 6 scanning area Моргауши (3675)
[2026-01-20 21:20:21,878] ERROR: Unexpected status 403 for https://api.hh.ru/vacancies: {"errors":[{"value":"captcha_required","captcha_url":"https://hh.ru/account/captcha?state=pxvcxBozfu7ry7R4QCetFqDzUL2cbK2LGYV-JLOJ644HLrHr0DH6jezFpCb5WIoORh7fkpHCxj4F6mHfOvxRDH93qvHByzQ7Df5XKSlJbkw%3D
[2026-01-20 21:20:21,878] INFO: Worker 4 finished area Лащ-Таяба; total collected 119
[2026-01-20 21:20:21,878] INFO: Worker 4 scanning area Напольные Котяки (7094)
[2026-01-20 21:20:21,958] ERROR: Unexpected status 403 for https://api.hh.ru/vacancies: {"errors":[{"value":"captcha_required","captcha_url":"https://hh.ru/account/captcha?state=pxvcxBozfu7ry7R4QCetFqDzUL2cbK2LGYV-JLOJ644HLrHr0DH6jezFpCb5WIoORh7fkpHCxj4F6mHfOvxRDCOM3UHUU6eJyZqZvrfWdXk%3D
[2026-01-20 21:20:21,958] INFO: Worker 3 finished area Междуречье (Чувашская Республика); total collected 119
[2026-01-20 21:20:21,958] INFO: Worker 3 scanning area Нижние Мочары (7177)
[2026-01-20 21:20:21,960] ERROR: Unexpected status 403 for https://api.hh.ru/vacancies: {"errors":[{"value":"captcha_required","captcha_url":"https://hh.ru/account/captcha?state=pxvcxBozfu7ry7R4QCetFqDzUL2cbK2LGYV-JLOJ644HLrHr0DH6jezFpCb5WIoORh7fkpHCxj4F6mHfOvxRDCkHYX1frCN10HhU_dMH4Qs%3D
[2026-01-20 21:20:21,962] INFO: Worker 7 finished area Малая Таяба; total collected 119
[2026-01-20 21:20:21,962] INFO: Worker 7 scanning area Вторые Вурманкасы (11660)
[2026-01-20 21:20:21,978] ERROR: Unexpected status 403 for https://api.hh.ru/vacancies: {"errors":[{"value":"captcha_required","captcha_url":"https://hh.ru/account/captcha?state=pxvcxBozfu7ry7R4QCetFqDzUL2cbK2LGYV-JLOJ644HLrHr0DH6jezFpCb5WIoORh7fkpHCxj4F6mHfOvxRDFjl0RO_LDt10e3wFWS01hQ%3D
[2026-01-20 21:20:21,978] INFO: Worker 0 finished area Можарки; total collected 119
[2026-01-20 21:20:21,978] INFO: Worker 0 scanning area Николаевское (7190)
[2026-01-20 21:20:22,095] ERROR: Unexpected status 403 for https://api.hh.ru/vacancies: {"errors":[{"value":"captcha_required","captcha_url":"https://hh.ru/account/captcha?state=pxvcxBozfu7ry7R4QCetFqDzUL2cbK2LGYV-JLOJ644HLrHr0DH6jezFpCb5WIoORh7fkpHCxj4F6mHfOvxRDOq9-Oq_TPKwS2S9eXAFEOk%3D
[2026-01-20 21:20:22,096] INFO: Worker 2 finished area Кугеси; total collected 119
[2026-01-20 21:20:22,096] INFO: Worker 2 scanning area Никулино (7119)
[2026-01-20 21:20:22,122] ERROR: Unexpected status 403 for https://api.hh.ru/vacancies: {"errors":[{"value":"captcha_required","captcha_url":"https://hh.ru/account/captcha?state=pxvcxBozfu7ry7R4QCetFqDzUL2cbK2LGYV-JLOJ644HLrHr0DH6jezFpCb5WIoORh7fkpHCxj4F6mHfOvxRDA5KmOqLWMIvGKEylaAoPnU%3D
[2026-01-20 21:20:22,122] INFO: Worker 1 finished area Мариинский Посад; total collected 119
[2026-01-20 21:20:22,122] INFO: Worker 1 scanning area Новое Атлашево (4220)
[2026-01-20 21:20:22,168] ERROR: Unexpected status 403 for https://api.hh.ru/vacancies: {"errors":[{"value":"captcha_required","captcha_url":"https://hh.ru/account/captcha?state=pxvcxBozfu7ry7R4QCetFqDzUL2cbK2LGYV-JLOJ644HLrHr0DH6jezFpCb5WIoORh7fkpHCxj4F6mHfOvxRDEg6RBdtfpZyvEI1INX7a2s%3D
[2026-01-20 21:20:22,168] INFO: Worker 4 finished area Напольные Котяки; total collected 119
[2026-01-20 21:20:22,168] INFO: Worker 4 scanning area Новочебоксарск (1657)
[2026-01-20 21:20:22,258] ERROR: Unexpected status 403 for https://api.hh.ru/vacancies: {"errors":[{"value":"captcha_required","captcha_url":"https://hh.ru/account/captcha?state=pxvcxBozfu7ry7R4QCetFqDzUL2cbK2LGYV-JLOJ644HLrHr0DH6jezFpCb5WIoORh7fkpHCxj4F6mHfOvxRDNGHZuEdQbZOmJTfv5bxBrY%3D
[2026-01-20 21:20:22,258] INFO: Worker 5 finished area Малое Янгорчино; total collected 119
[2026-01-20 21:20:22,258] INFO: Worker 5 scanning area Новочелны-Сюрбеево (7135)
[2026-01-20 21:20:22,268] ERROR: Unexpected status 403 for https://api.hh.ru/vacancies: {"errors":[{"value":"captcha_required","captcha_url":"https://hh.ru/account/captcha?state=pxvcxBozfu7ry7R4QCetFqDzUL2cbK2LGYV-JLOJ644HLrHr0DH6jezFpCb5WIoORh7fkpHCxj4F6mHfOvxRDGcg9KuqtTz0HXeBdtSYgiM%3D
[2026-01-20 21:20:22,268] INFO: Worker 0 finished area Николаевское; total collected 119
[2026-01-20 21:20:22,268] INFO: Worker 0 scanning area Новые Лапсары (4221)
[2026-01-20 21:20:22,361] ERROR: Unexpected status 403 for https://api.hh.ru/vacancies: {"errors":[{"value":"captcha_required","captcha_url":"https://hh.ru/account/captcha?state=pxvcxBozfu7ry7R4QCetFqDzUL2cbK2LGYV-JLOJ644HLrHr0DH6jezFpCb5WIoORh7fkpHCxj4F6mHfOvxRDPb-gnz7gdh3Jrd5Crd0Trg%3D
[2026-01-20 21:20:22,361] INFO: Worker 7 finished area Вторые Вурманкасы; total collected 119
[2026-01-20 21:20:22,362] INFO: Worker 7 scanning area Новые Мураты (7116)
[2026-01-20 21:20:22,368] ERROR: Unexpected status 403 for https://api.hh.ru/vacancies: {"errors":[{"value":"captcha_required","captcha_url":"https://hh.ru/account/captcha?state=pxvcxBozfu7ry7R4QCetFqDzUL2cbK2LGYV-JLOJ644HLrHr0DH6jezFpCb5WIoORh7fkpHCxj4F6mHfOvxRDMwRAikQgtcOd3FsdAJgq_o%3D
[2026-01-20 21:20:22,368] INFO: Worker 3 finished area Нижние Мочары; total collected 119
[2026-01-20 21:20:22,368] INFO: Worker 3 scanning area Новые Шальтямы (7264)
[2026-01-20 21:20:22,379] ERROR: Unexpected status 403 for https://api.hh.ru/vacancies: {"errors":[{"value":"captcha_required","captcha_url":"https://hh.ru/account/captcha?state=pxvcxBozfu7ry7R4QCetFqDzUL2cbK2LGYV-JLOJ644HLrHr0DH6jezFpCb5WIoORh7fkpHCxj4F6mHfOvxRDE4ZqoOdT2Giyt1LlqjjkTg%3D
[2026-01-20 21:20:22,379] INFO: Worker 2 finished area Никулино; total collected 119
[2026-01-20 21:20:22,379] INFO: Worker 2 scanning area Новые Шимкусы (7024)
[2026-01-20 21:20:22,493] ERROR: Unexpected status 403 for https://api.hh.ru/vacancies: {"errors":[{"value":"captcha_required","captcha_url":"https://hh.ru/account/captcha?state=pxvcxBozfu7ry7R4QCetFqDzUL2cbK2LGYV-JLOJ644HLrHr0DH6jezFpCb5WIoORh7fkpHCxj4F6mHfOvxRDD8Fp_QKPuIgue5QRsOUccU%3D
[2026-01-20 21:20:22,493] INFO: Worker 6 finished area Моргауши; total collected 119
[2026-01-20 21:20:22,493] INFO: Worker 6 scanning area Пандиково (7127)
[2026-01-20 21:20:22,547] ERROR: Unexpected status 403 for https://api.hh.ru/vacancies: {"errors":[{"value":"captcha_required","captcha_url":"https://hh.ru/account/captcha?state=pxvcxBozfu7ry7R4QCetFqDzUL2cbK2LGYV-JLOJ644HLrHr0DH6jezFpCb5WIoORh7fkpHCxj4F6mHfOvxRDJ_y2zxdOSH8ma65ofrkBas%3D
[2026-01-20 21:20:22,547] INFO: Worker 5 finished area Новочелны-Сюрбеево; total collected 119
[2026-01-20 21:20:22,547] INFO: Worker 5 scanning area Первое Чурашево (7168)
[2026-01-20 21:20:22,629] ERROR: Unexpected status 403 for https://api.hh.ru/vacancies: {"errors":[{"value":"captcha_required","captcha_url":"https://hh.ru/account/captcha?state=pxvcxBozfu7ry7R4QCetFqDzUL2cbK2LGYV-JLOJ644HLrHr0DH6jezFpCb5WIoORh7fkpHCxj4F6mHfOvxRDNfInf_F3FucDoQYZaGYY38%3D
[2026-01-20 21:20:22,629] INFO: Worker 0 finished area Новые Лапсары; total collected 119
[2026-01-20 21:20:22,629] INFO: Worker 0 scanning area Первомайское (Чувашская Республика) (7089)
[2026-01-20 21:20:22,648] ERROR: Unexpected status 403 for https://api.hh.ru/vacancies: {"errors":[{"value":"captcha_required","captcha_url":"https://hh.ru/account/captcha?state=pxvcxBozfu7ry7R4QCetFqDzUL2cbK2LGYV-JLOJ644HLrHr0DH6jezFpCb5WIoORh7fkpHCxj4F6mHfOvxRDL6kSGUCTMqpGicDw4sowcU%3D
[2026-01-20 21:20:22,648] INFO: Worker 3 finished area Новые Шальтямы; total collected 119
[2026-01-20 21:20:22,648] INFO: Worker 3 scanning area Пикшики (7085)
[2026-01-20 21:20:22,717] ERROR: Unexpected status 403 for https://api.hh.ru/vacancies: {"errors":[{"value":"captcha_required","captcha_url":"https://hh.ru/account/captcha?state=pxvcxBozfu7ry7R4QCetFqDzUL2cbK2LGYV-JLOJ644HLrHr0DH6jezFpCb5WIoORh7fkpHCxj4F6mHfOvxRDOBjB6HYVvMV4aWUwUs4TFw%3D
[2026-01-20 21:20:22,717] INFO: Worker 7 finished area Новые Мураты; total collected 119
[2026-01-20 21:20:22,717] INFO: Worker 7 scanning area Полевые Бикшики (7153)
[2026-01-20 21:20:22,750] ERROR: Unexpected status 403 for https://api.hh.ru/vacancies: {"errors":[{"value":"captcha_required","captcha_url":"https://hh.ru/account/captcha?state=pxvcxBozfu7ry7R4QCetFqDzUL2cbK2LGYV-JLOJ644HLrHr0DH6jezFpCb5WIoORh7fkpHCxj4F6mHfOvxRDEBjaFQtpAdYlMwA1-GRM68%3D
[2026-01-20 21:20:22,750] INFO: Worker 1 finished area Новое Атлашево; total collected 119
[2026-01-20 21:20:22,750] INFO: Worker 1 scanning area Порецкое (4222)
[2026-01-20 21:20:22,763] ERROR: Unexpected status 403 for https://api.hh.ru/vacancies: {"errors":[{"value":"captcha_required","captcha_url":"https://hh.ru/account/captcha?state=pxvcxBozfu7ry7R4QCetFqDzUL2cbK2LGYV-JLOJ644HLrHr0DH6jezFpCb5WIoORh7fkpHCxj4F6mHfOvxRDBfmwUaT-rHFAy0-a0V0VHw%3D
[2026-01-20 21:20:22,763] INFO: Worker 4 finished area Новочебоксарск; total collected 119
[2026-01-20 21:20:22,764] INFO: Worker 4 scanning area Сабанчино (7188)
[2026-01-20 21:20:22,798] ERROR: Unexpected status 403 for https://api.hh.ru/vacancies: {"errors":[{"value":"captcha_required","captcha_url":"https://hh.ru/account/captcha?state=pxvcxBozfu7ry7R4QCetFqDzUL2cbK2LGYV-JLOJ644HLrHr0DH6jezFpCb5WIoORh7fkpHCxj4F6mHfOvxRDBZXiY2WJVKbpVOgZrPVEf4%3D
[2026-01-20 21:20:22,798] INFO: Worker 6 finished area Пандиково; total collected 119
[2026-01-20 21:20:22,798] INFO: Worker 6 scanning area Синьялы (7216)
[2026-01-20 21:20:22,867] ERROR: Unexpected status 403 for https://api.hh.ru/vacancies: {"errors":[{"value":"captcha_required","captcha_url":"https://hh.ru/account/captcha?state=pxvcxBozfu7ry7R4QCetFqDzUL2cbK2LGYV-JLOJ644HLrHr0DH6jezFpCb5WIoORh7fkpHCxj4F6mHfOvxRDJGib3X7HWwQl9Ck-7kMO50%3D
[2026-01-20 21:20:22,867] INFO: Worker 5 finished area Первое Чурашево; total collected 119
[2026-01-20 21:20:22,867] INFO: Worker 5 scanning area Советское (Чувашская Республика) (7213)
[2026-01-20 21:20:22,971] ERROR: Unexpected status 403 for https://api.hh.ru/vacancies: {"errors":[{"value":"captcha_required","captcha_url":"https://hh.ru/account/captcha?state=pxvcxBozfu7ry7R4QCetFqDzUL2cbK2LGYV-JLOJ644HLrHr0DH6jezFpCb5WIoORh7fkpHCxj4F6mHfOvxRDGACuti0zzSBP3VCLeI1okY%3D
[2026-01-20 21:20:22,971] INFO: Worker 3 finished area Пикшики; total collected 119
[2026-01-20 21:20:22,971] INFO: Worker 3 scanning area Солдыбаево (7079)
[2026-01-20 21:20:23,035] ERROR: Unexpected status 403 for https://api.hh.ru/vacancies: {"errors":[{"value":"captcha_required","captcha_url":"https://hh.ru/account/captcha?state=pxvcxBozfu7ry7R4QCetFqDzUL2cbK2LGYV-JLOJ644HLrHr0DH6jezFpCb5WIoORh7fkpHCxj4F6mHfOvxRDECx0F-XPdewy4Umf8puHF8%3D
[2026-01-20 21:20:23,035] INFO: Worker 4 finished area Сабанчино; total collected 119
[2026-01-20 21:20:23,035] INFO: Worker 4 scanning area Средние Кибечи (7227)
[2026-01-20 21:20:23,051] ERROR: Unexpected status 403 for https://api.hh.ru/vacancies: {"errors":[{"value":"captcha_required","captcha_url":"https://hh.ru/account/captcha?state=pxvcxBozfu7ry7R4QCetFqDzUL2cbK2LGYV-JLOJ644HLrHr0DH6jezFpCb5WIoORh7fkpHCxj4F6mHfOvxRDLIb3fDcqstN4HL6USkhiKE%3D
[2026-01-20 21:20:23,052] INFO: Worker 7 finished area Полевые Бикшики; total collected 119
[2026-01-20 21:20:23,052] INFO: Worker 7 scanning area Старые Атаи (7265)
[2026-01-20 21:20:23,063] ERROR: Unexpected status 403 for https://api.hh.ru/vacancies: {"errors":[{"value":"captcha_required","captcha_url":"https://hh.ru/account/captcha?state=pxvcxBozfu7ry7R4QCetFqDzUL2cbK2LGYV-JLOJ644HLrHr0DH6jezFpCb5WIoORh7fkpHCxj4F6mHfOvxRDJHABchCD8gAUQ_XxtrwSus%3D
[2026-01-20 21:20:23,063] INFO: Worker 0 finished area Первомайское (Чувашская Республика); total collected 119
[2026-01-20 21:20:23,063] INFO: Worker 0 scanning area Старые Тиньгеши (7083)
[2026-01-20 21:20:23,111] ERROR: Unexpected status 403 for https://api.hh.ru/vacancies: {"errors":[{"value":"captcha_required","captcha_url":"https://hh.ru/account/captcha?state=pxvcxBozfu7ry7R4QCetFqDzUL2cbK2LGYV-JLOJ644HLrHr0DH6jezFpCb5WIoORh7fkpHCxj4F6mHfOvxRDGwId7z9Ool_IO-7JOgJvS0%3D
[2026-01-20 21:20:23,112] INFO: Worker 6 finished area Синьялы; total collected 119
[2026-01-20 21:20:23,112] INFO: Worker 6 scanning area Старые Чукалы (7140)
[2026-01-20 21:20:23,127] ERROR: Unexpected status 403 for https://api.hh.ru/vacancies: {"errors":[{"value":"captcha_required","captcha_url":"https://hh.ru/account/captcha?state=pxvcxBozfu7ry7R4QCetFqDzUL2cbK2LGYV-JLOJ644HLrHr0DH6jezFpCb5WIoORh7fkpHCxj4F6mHfOvxRDNhfcf252oaNBGAMT8reZQE%3D
[2026-01-20 21:20:23,127] INFO: Worker 1 finished area Порецкое; total collected 119
[2026-01-20 21:20:23,128] INFO: Worker 1 scanning area Стемасы (7180)
[2026-01-20 21:20:23,156] ERROR: Unexpected status 403 for https://api.hh.ru/vacancies: {"errors":[{"value":"captcha_required","captcha_url":"https://hh.ru/account/captcha?state=pxvcxBozfu7ry7R4QCetFqDzUL2cbK2LGYV-JLOJ644HLrHr0DH6jezFpCb5WIoORh7fkpHCxj4F6mHfOvxRDGPuaSpf1bPkERKr2Ey2GwI%3D
[2026-01-20 21:20:23,156] INFO: Worker 5 finished area Советское (Чувашская Республика); total collected 119
[2026-01-20 21:20:23,156] INFO: Worker 5 scanning area Сугуты (7240)
[2026-01-20 21:20:23,246] ERROR: Unexpected status 403 for https://api.hh.ru/vacancies: {"errors":[{"value":"captcha_required","captcha_url":"https://hh.ru/account/captcha?state=pxvcxBozfu7ry7R4QCetFqDzUL2cbK2LGYV-JLOJ644HLrHr0DH6jezFpCb5WIoORh7fkpHCxj4F6mHfOvxRDA9SIEksAPCjZ0Y6fE_Yr6U%3D
[2026-01-20 21:20:23,247] INFO: Worker 3 finished area Солдыбаево; total collected 119
[2026-01-20 21:20:23,247] INFO: Worker 3 scanning area Тарханы (7145)
[2026-01-20 21:20:23,252] ERROR: Unexpected status 403 for https://api.hh.ru/vacancies: {"errors":[{"value":"captcha_required","captcha_url":"https://hh.ru/account/captcha?state=pxvcxBozfu7ry7R4QCetFqDzUL2cbK2LGYV-JLOJ644HLrHr0DH6jezFpCb5WIoORh7fkpHCxj4F6mHfOvxRDL8aBLEoq-CLmujUhQPQRWI%3D
[2026-01-20 21:20:23,252] INFO: Worker 2 finished area Новые Шимкусы; total collected 119
[2026-01-20 21:20:23,252] INFO: Worker 2 scanning area Тобурданово (7141)
[2026-01-20 21:20:23,306] ERROR: Unexpected status 403 for https://api.hh.ru/vacancies: {"errors":[{"value":"captcha_required","captcha_url":"https://hh.ru/account/captcha?state=pxvcxBozfu7ry7R4QCetFqDzUL2cbK2LGYV-JLOJ644HLrHr0DH6jezFpCb5WIoORh7fkpHCxj4F6mHfOvxRDAjwNNLhcxhewblcShMj3jo%3D
[2026-01-20 21:20:23,306] INFO: Worker 4 finished area Средние Кибечи; total collected 119
[2026-01-20 21:20:23,307] INFO: Worker 4 scanning area Тойси (7075)
[2026-01-20 21:20:23,339] ERROR: Unexpected status 403 for https://api.hh.ru/vacancies: {"errors":[{"value":"captcha_required","captcha_url":"https://hh.ru/account/captcha?state=pxvcxBozfu7ry7R4QCetFqDzUL2cbK2LGYV-JLOJ644HLrHr0DH6jezFpCb5WIoORh7fkpHCxj4F6mHfOvxRDF1jf5K_hSOyOkFeuOFifNI%3D
[2026-01-20 21:20:23,339] INFO: Worker 7 finished area Старые Атаи; total collected 119
[2026-01-20 21:20:23,339] INFO: Worker 7 scanning area Торханы (7076)
[2026-01-20 21:20:23,387] ERROR: Unexpected status 403 for https://api.hh.ru/vacancies: {"errors":[{"value":"captcha_required","captcha_url":"https://hh.ru/account/captcha?state=pxvcxBozfu7ry7R4QCetFqDzUL2cbK2LGYV-JLOJ644HLrHr0DH6jezFpCb5WIoORh7fkpHCxj4F6mHfOvxRDAHec4h0KIG_H_0lSzWwKwE%3D
[2026-01-20 21:20:23,388] INFO: Worker 1 finished area Стемасы; total collected 119
[2026-01-20 21:20:23,388] INFO: Worker 1 scanning area Трехбалтаево (7257)
[2026-01-20 21:20:23,426] ERROR: Unexpected status 403 for https://api.hh.ru/vacancies: {"errors":[{"value":"captcha_required","captcha_url":"https://hh.ru/account/captcha?state=pxvcxBozfu7ry7R4QCetFqDzUL2cbK2LGYV-JLOJ644HLrHr0DH6jezFpCb5WIoORh7fkpHCxj4F6mHfOvxRDMOi2aXCmLQn6PzjOSBRj0c%3D
[2026-01-20 21:20:23,426] INFO: Worker 6 finished area Старые Чукалы; total collected 119
[2026-01-20 21:20:23,426] INFO: Worker 6 scanning area Тувси (7267)
[2026-01-20 21:20:23,470] ERROR: Unexpected status 403 for https://api.hh.ru/vacancies: {"errors":[{"value":"captcha_required","captcha_url":"https://hh.ru/account/captcha?state=pxvcxBozfu7ry7R4QCetFqDzUL2cbK2LGYV-JLOJ644HLrHr0DH6jezFpCb5WIoORh7fkpHCxj4F6mHfOvxRDOMEkhHZ5zTicAFhjgYp-sw%3D
[2026-01-20 21:20:23,470] INFO: Worker 5 finished area Сугуты; total collected 119
[2026-01-20 21:20:23,470] INFO: Worker 5 scanning area Тузи-Сярмус (7102)
[2026-01-20 21:20:23,507] ERROR: Unexpected status 403 for https://api.hh.ru/vacancies: {"errors":[{"value":"captcha_required","captcha_url":"https://hh.ru/account/captcha?state=pxvcxBozfu7ry7R4QCetFqDzUL2cbK2LGYV-JLOJ644HLrHr0DH6jezFpCb5WIoORh7fkpHCxj4F6mHfOvxRDOPWrtQMDOwRDkD7c3iA1R0%3D
[2026-01-20 21:20:23,508] INFO: Worker 3 finished area Тарханы; total collected 119
[2026-01-20 21:20:23,508] INFO: Worker 3 scanning area Турмыши (7053)
[2026-01-20 21:20:23,624] ERROR: Unexpected status 403 for https://api.hh.ru/vacancies: {"errors":[{"value":"captcha_required","captcha_url":"https://hh.ru/account/captcha?state=pxvcxBozfu7ry7R4QCetFqDzUL2cbK2LGYV-JLOJ644HLrHr0DH6jezFpCb5WIoORh7fkpHCxj4F6mHfOvxRDPtzaQs9GFqUOAs8czt2Y-Q%3D
[2026-01-20 21:20:23,624] INFO: Worker 7 finished area Торханы; total collected 119
[2026-01-20 21:20:23,624] INFO: Worker 7 scanning area Тюмерево (7186)
[2026-01-20 21:20:23,640] ERROR: Unexpected status 403 for https://api.hh.ru/vacancies: {"errors":[{"value":"captcha_required","captcha_url":"https://hh.ru/account/captcha?state=pxvcxBozfu7ry7R4QCetFqDzUL2cbK2LGYV-JLOJ644HLrHr0DH6jezFpCb5WIoORh7fkpHCxj4F6mHfOvxRDBy76kHzxNpkY2fi9gRs1cU%3D
[2026-01-20 21:20:23,640] INFO: Worker 1 finished area Трехбалтаево; total collected 119
[2026-01-20 21:20:23,640] INFO: Worker 1 scanning area Тюрлема (7022)
[2026-01-20 21:20:23,711] ERROR: Unexpected status 403 for https://api.hh.ru/vacancies: {"errors":[{"value":"captcha_required","captcha_url":"https://hh.ru/account/captcha?state=pxvcxBozfu7ry7R4QCetFqDzUL2cbK2LGYV-JLOJ644HLrHr0DH6jezFpCb5WIoORh7fkpHCxj4F6mHfOvxRDDJOAG2OO4rbGo4MmXDgyrk%3D
[2026-01-20 21:20:23,711] INFO: Worker 6 finished area Тувси; total collected 119
[2026-01-20 21:20:23,712] INFO: Worker 6 scanning area Урмары (3679)
[2026-01-20 21:20:23,759] ERROR: Unexpected status 403 for https://api.hh.ru/vacancies: {"errors":[{"value":"captcha_required","captcha_url":"https://hh.ru/account/captcha?state=pxvcxBozfu7ry7R4QCetFqDzUL2cbK2LGYV-JLOJ644HLrHr0DH6jezFpCb5WIoORh7fkpHCxj4F6mHfOvxRDK3nQXxl6SmmLKPOj3S3YcM%3D
[2026-01-20 21:20:23,760] INFO: Worker 2 finished area Тобурданово; total collected 119
[2026-01-20 21:20:23,760] INFO: Worker 2 scanning area Ходары (7234)
[2026-01-20 21:20:23,768] ERROR: Unexpected status 403 for https://api.hh.ru/vacancies: {"errors":[{"value":"captcha_required","captcha_url":"https://hh.ru/account/captcha?state=pxvcxBozfu7ry7R4QCetFqDzUL2cbK2LGYV-JLOJ644HLrHr0DH6jezFpCb5WIoORh7fkpHCxj4F6mHfOvxRDJNOaHOl4uLozRV3gsUOJQk%3D
[2026-01-20 21:20:23,768] INFO: Worker 5 finished area Тузи-Сярмус; total collected 119
[2026-01-20 21:20:23,768] INFO: Worker 5 scanning area Хыркасы (7055)
[2026-01-20 21:20:23,853] ERROR: Unexpected status 403 for https://api.hh.ru/vacancies: {"errors":[{"value":"captcha_required","captcha_url":"https://hh.ru/account/captcha?state=pxvcxBozfu7ry7R4QCetFqDzUL2cbK2LGYV-JLOJ644HLrHr0DH6jezFpCb5WIoORh7fkpHCxj4F6mHfOvxRDFFzzmyZcNpGz2yF0FPS_ko%3D
[2026-01-20 21:20:23,853] INFO: Worker 3 finished area Турмыши; total collected 119
[2026-01-20 21:20:23,853] INFO: Worker 3 scanning area Цивильск (1658)
[2026-01-20 21:20:23,907] ERROR: Unexpected status 403 for https://api.hh.ru/vacancies: {"errors":[{"value":"captcha_required","captcha_url":"https://hh.ru/account/captcha?state=pxvcxBozfu7ry7R4QCetFqDzUL2cbK2LGYV-JLOJ644HLrHr0DH6jezFpCb5WIoORh7fkpHCxj4F6mHfOvxRDLzJJJ9OF2p6LxnB9lJpyU4%3D
[2026-01-20 21:20:23,908] INFO: Worker 4 finished area Тойси; total collected 119
[2026-01-20 21:20:23,908] INFO: Worker 4 scanning area Чадукасы (7221)
[2026-01-20 21:20:23,937] ERROR: Unexpected status 403 for https://api.hh.ru/vacancies: {"errors":[{"value":"captcha_required","captcha_url":"https://hh.ru/account/captcha?state=pxvcxBozfu7ry7R4QCetFqDzUL2cbK2LGYV-JLOJ644HLrHr0DH6jezFpCb5WIoORh7fkpHCxj4F6mHfOvxRDK7kwuyapRADSHzstQGvqas%3D
[2026-01-20 21:20:23,937] INFO: Worker 7 finished area Тюмерево; total collected 119
[2026-01-20 21:20:23,937] INFO: Worker 7 scanning area Чебоксары (107)
[2026-01-20 21:20:24,205] ERROR: Unexpected status 403 for https://api.hh.ru/vacancies: {"errors":[{"value":"captcha_required","captcha_url":"https://hh.ru/account/captcha?state=pxvcxBozfu7ry7R4QCetFqDzUL2cbK2LGYV-JLOJ644HLrHr0DH6jezFpCb5WIoORh7fkpHCxj4F6mHfOvxRDGen_hfSc3n-VwQyWI5n8FQ%3D
[2026-01-20 21:20:24,205] INFO: Worker 5 finished area Хыркасы; total collected 119
[2026-01-20 21:20:24,205] INFO: Worker 5 scanning area Челкасы (7269)
[2026-01-20 21:20:24,208] ERROR: Unexpected status 403 for https://api.hh.ru/vacancies: {"errors":[{"value":"captcha_required","captcha_url":"https://hh.ru/account/captcha?state=pxvcxBozfu7ry7R4QCetFqDzUL2cbK2LGYV-JLOJ644HLrHr0DH6jezFpCb5WIoORh7fkpHCxj4F6mHfOvxRDOLheapZgHql-Hjsm4msazQ%3D
[2026-01-20 21:20:24,208] INFO: Worker 0 finished area Старые Тиньгеши; total collected 119
[2026-01-20 21:20:24,208] INFO: Worker 0 scanning area Чепкас-Никольское (7205)
[2026-01-20 21:20:24,213] ERROR: Unexpected status 403 for https://api.hh.ru/vacancies: {"errors":[{"value":"captcha_required","captcha_url":"https://hh.ru/account/captcha?state=pxvcxBozfu7ry7R4QCetFqDzUL2cbK2LGYV-JLOJ644HLrHr0DH6jezFpCb5WIoORh7fkpHCxj4F6mHfOvxRDN6pu8bQZIUvwbWioWIgYTE%3D
[2026-01-20 21:20:24,213] INFO: Worker 2 finished area Ходары; total collected 119
[2026-01-20 21:20:24,213] INFO: Worker 2 scanning area Чувашские Тимяши (7274)
[2026-01-20 21:20:24,214] ERROR: Unexpected status 403 for https://api.hh.ru/vacancies: {"errors":[{"value":"captcha_required","captcha_url":"https://hh.ru/account/captcha?state=pxvcxBozfu7ry7R4QCetFqDzUL2cbK2LGYV-JLOJ644HLrHr0DH6jezFpCb5WIoORh7fkpHCxj4F6mHfOvxRDFPdkrPoMM3-3grNRTus2_I%3D
[2026-01-20 21:20:24,215] INFO: Worker 1 finished area Тюрлема; total collected 119
[2026-01-20 21:20:24,215] INFO: Worker 1 scanning area Чурачики (7169)
[2026-01-20 21:20:24,228] ERROR: Unexpected status 403 for https://api.hh.ru/vacancies: {"errors":[{"value":"captcha_required","captcha_url":"https://hh.ru/account/captcha?state=pxvcxBozfu7ry7R4QCetFqDzUL2cbK2LGYV-JLOJ644HLrHr0DH6jezFpCb5WIoORh7fkpHCxj4F6mHfOvxRDN3kAUJUpEgzFvxASzDJK7I%3D
[2026-01-20 21:20:24,229] INFO: Worker 4 finished area Чадукасы; total collected 119
[2026-01-20 21:20:24,229] INFO: Worker 4 scanning area Чутеево (7206)
[2026-01-20 21:20:24,346] ERROR: Unexpected status 403 for https://api.hh.ru/vacancies: {"errors":[{"value":"captcha_required","captcha_url":"https://hh.ru/account/captcha?state=pxvcxBozfu7ry7R4QCetFqDzUL2cbK2LGYV-JLOJ644HLrHr0DH6jezFpCb5WIoORh7fkpHCxj4F6mHfOvxRDN83aIIdOTy7WNpS45IpUEc%3D
[2026-01-20 21:20:24,346] INFO: Worker 6 finished area Урмары; total collected 119
[2026-01-20 21:20:24,346] INFO: Worker 6 scanning area Шемалаково (7261)
[2026-01-20 21:20:24,493] ERROR: Unexpected status 403 for https://api.hh.ru/vacancies: {"errors":[{"value":"captcha_required","captcha_url":"https://hh.ru/account/captcha?state=pxvcxBozfu7ry7R4QCetFqDzUL2cbK2LGYV-JLOJ644HLrHr0DH6jezFpCb5WIoORh7fkpHCxj4F6mHfOvxRDESl8dLz8ZfBRnl0cW7PUdo%3D
[2026-01-20 21:20:24,493] INFO: Worker 2 finished area Чувашские Тимяши; total collected 119
[2026-01-20 21:20:24,494] INFO: Worker 2 scanning area Шемурша (4223)
[2026-01-20 21:20:24,501] ERROR: Unexpected status 403 for https://api.hh.ru/vacancies: {"errors":[{"value":"captcha_required","captcha_url":"https://hh.ru/account/captcha?state=pxvcxBozfu7ry7R4QCetFqDzUL2cbK2LGYV-JLOJ644HLrHr0DH6jezFpCb5WIoORh7fkpHCxj4F6mHfOvxRDLBDUWTqSlP6Xytna9yNGbg%3D
[2026-01-20 21:20:24,502] INFO: Worker 0 finished area Чепкас-Никольское; total collected 119
[2026-01-20 21:20:24,502] INFO: Worker 0 scanning area Шерауты (7237)
[2026-01-20 21:20:24,507] ERROR: Unexpected status 403 for https://api.hh.ru/vacancies: {"errors":[{"value":"captcha_required","captcha_url":"https://hh.ru/account/captcha?state=pxvcxBozfu7ry7R4QCetFqDzUL2cbK2LGYV-JLOJ644HLrHr0DH6jezFpCb5WIoORh7fkpHCxj4F6mHfOvxRDNMIj7PDCdqrXMjCoXwrcgA%3D
[2026-01-20 21:20:24,507] INFO: Worker 3 finished area Цивильск; total collected 119
[2026-01-20 21:20:24,507] INFO: Worker 3 scanning area Шибылги (7099)
[2026-01-20 21:20:24,593] ERROR: Unexpected status 403 for https://api.hh.ru/vacancies: {"errors":[{"value":"captcha_required","captcha_url":"https://hh.ru/account/captcha?state=pxvcxBozfu7ry7R4QCetFqDzUL2cbK2LGYV-JLOJ644HLrHr0DH6jezFpCb5WIoORh7fkpHCxj4F6mHfOvxRDON9FxgUyiY17zlWZfegQRo%3D
[2026-01-20 21:20:24,593] INFO: Worker 7 finished area Чебоксары; total collected 119
[2026-01-20 21:20:24,594] INFO: Worker 7 scanning area Шигали (7115)
[2026-01-20 21:20:24,607] ERROR: Unexpected status 403 for https://api.hh.ru/vacancies: {"errors":[{"value":"captcha_required","captcha_url":"https://hh.ru/account/captcha?state=pxvcxBozfu7ry7R4QCetFqDzUL2cbK2LGYV-JLOJ644HLrHr0DH6jezFpCb5WIoORh7fkpHCxj4F6mHfOvxRDC8UuRbSYBn6AbaHKolL53E%3D
[2026-01-20 21:20:24,608] INFO: Worker 4 finished area Чутеево; total collected 119
[2026-01-20 21:20:24,608] INFO: Worker 4 scanning area Шимкусы (7286)
[2026-01-20 21:20:24,653] ERROR: Unexpected status 403 for https://api.hh.ru/vacancies: {"errors":[{"value":"captcha_required","captcha_url":"https://hh.ru/account/captcha?state=pxvcxBozfu7ry7R4QCetFqDzUL2cbK2LGYV-JLOJ644HLrHr0DH6jezFpCb5WIoORh7fkpHCxj4F6mHfOvxRDHF0mZhw9uZZxhiZD6K1a58%3D
[2026-01-20 21:20:24,653] INFO: Worker 5 finished area Челкасы; total collected 119
[2026-01-20 21:20:24,653] INFO: Worker 5 scanning area Шихазаны (4224)
[2026-01-20 21:20:24,670] ERROR: Unexpected status 403 for https://api.hh.ru/vacancies: {"errors":[{"value":"captcha_required","captcha_url":"https://hh.ru/account/captcha?state=pxvcxBozfu7ry7R4QCetFqDzUL2cbK2LGYV-JLOJ644HLrHr0DH6jezFpCb5WIoORh7fkpHCxj4F6mHfOvxRDLDS82WO_i167ZLYtKpRo7o%3D
[2026-01-20 21:20:24,670] INFO: Worker 1 finished area Чурачики; total collected 119
[2026-01-20 21:20:24,670] INFO: Worker 1 scanning area Шоркистры (7191)
[2026-01-20 21:20:24,776] ERROR: Unexpected status 403 for https://api.hh.ru/vacancies: {"errors":[{"value":"captcha_required","captcha_url":"https://hh.ru/account/captcha?state=pxvcxBozfu7ry7R4QCetFqDzUL2cbK2LGYV-JLOJ644HLrHr0DH6jezFpCb5WIoORh7fkpHCxj4F6mHfOvxRDDgF4F53HvvqLV9-uo4Gu6Y%3D
[2026-01-20 21:20:24,777] INFO: Worker 0 finished area Шерауты; total collected 119
[2026-01-20 21:20:24,777] INFO: Worker 0 scanning area Шоршелы (7268)
[2026-01-20 21:20:24,782] ERROR: Unexpected status 403 for https://api.hh.ru/vacancies: {"errors":[{"value":"captcha_required","captcha_url":"https://hh.ru/account/captcha?state=pxvcxBozfu7ry7R4QCetFqDzUL2cbK2LGYV-JLOJ644HLrHr0DH6jezFpCb5WIoORh7fkpHCxj4F6mHfOvxRDF1TNFrYMR93ukACb5KPj84%3D
[2026-01-20 21:20:24,782] INFO: Worker 3 finished area Шибылги; total collected 119
[2026-01-20 21:20:24,782] INFO: Worker 3 scanning area Шумерля (1659)
[2026-01-20 21:20:24,783] ERROR: Unexpected status 403 for https://api.hh.ru/vacancies: {"errors":[{"value":"captcha_required","captcha_url":"https://hh.ru/account/captcha?state=pxvcxBozfu7ry7R4QCetFqDzUL2cbK2LGYV-JLOJ644HLrHr0DH6jezFpCb5WIoORh7fkpHCxj4F6mHfOvxRDDhKXmmEHQM-gLdwQkrvK_M%3D
[2026-01-20 21:20:24,783] INFO: Worker 6 finished area Шемалаково; total collected 119
[2026-01-20 21:20:24,783] INFO: Worker 6 scanning area Шумшеваши (7091)
[2026-01-20 21:20:24,847] ERROR: Unexpected status 403 for https://api.hh.ru/vacancies: {"errors":[{"value":"captcha_required","captcha_url":"https://hh.ru/account/captcha?state=pxvcxBozfu7ry7R4QCetFqDzUL2cbK2LGYV-JLOJ644HLrHr0DH6jezFpCb5WIoORh7fkpHCxj4F6mHfOvxRDBDYsE44oAksRn6wqpAyl0g%3D
[2026-01-20 21:20:24,848] INFO: Worker 7 finished area Шигали; total collected 119
[2026-01-20 21:20:24,848] INFO: Worker 7 scanning area Шыгырдан (4225)
[2026-01-20 21:20:24,878] ERROR: Unexpected status 403 for https://api.hh.ru/vacancies: {"errors":[{"value":"captcha_required","captcha_url":"https://hh.ru/account/captcha?state=pxvcxBozfu7ry7R4QCetFqDzUL2cbK2LGYV-JLOJ644HLrHr0DH6jezFpCb5WIoORh7fkpHCxj4F6mHfOvxRDCBpZ1hO2TKCrJ4dCeDT9F0%3D
[2026-01-20 21:20:24,878] INFO: Worker 4 finished area Шимкусы; total collected 119
[2026-01-20 21:20:24,878] INFO: Worker 4 scanning area Эльбарусово (7048)
[2026-01-20 21:20:25,006] ERROR: Unexpected status 403 for https://api.hh.ru/vacancies: {"errors":[{"value":"captcha_required","captcha_url":"https://hh.ru/account/captcha?state=pxvcxBozfu7ry7R4QCetFqDzUL2cbK2LGYV-JLOJ644HLrHr0DH6jezFpCb5WIoORh7fkpHCxj4F6mHfOvxRDMHMLY23VYKA8SnVnWedhXg%3D
[2026-01-20 21:20:25,006] INFO: Worker 2 finished area Шемурша; total collected 119
[2026-01-20 21:20:25,006] INFO: Worker 2 scanning area Юнга (7225)
[2026-01-20 21:20:25,036] ERROR: Unexpected status 403 for https://api.hh.ru/vacancies: {"errors":[{"value":"captcha_required","captcha_url":"https://hh.ru/account/captcha?state=pxvcxBozfu7ry7R4QCetFqDzUL2cbK2LGYV-JLOJ644HLrHr0DH6jezFpCb5WIoORh7fkpHCxj4F6mHfOvxRDOWqTpNVqWyhfkb6WYOx1ek%3D
[2026-01-20 21:20:25,036] INFO: Worker 6 finished area Шумшеваши; total collected 119
[2026-01-20 21:20:25,036] INFO: Worker 6 scanning area Юськасы (4226)
[2026-01-20 21:20:25,073] ERROR: Unexpected status 403 for https://api.hh.ru/vacancies: {"errors":[{"value":"captcha_required","captcha_url":"https://hh.ru/account/captcha?state=pxvcxBozfu7ry7R4QCetFqDzUL2cbK2LGYV-JLOJ644HLrHr0DH6jezFpCb5WIoORh7fkpHCxj4F6mHfOvxRDIRfdmYU2QL2vTcegLnCaaI%3D
[2026-01-20 21:20:25,073] INFO: Worker 1 finished area Шоркистры; total collected 119
[2026-01-20 21:20:25,073] INFO: Worker 1 scanning area Ядрин (1660)
[2026-01-20 21:20:25,140] ERROR: Unexpected status 403 for https://api.hh.ru/vacancies: {"errors":[{"value":"captcha_required","captcha_url":"https://hh.ru/account/captcha?state=pxvcxBozfu7ry7R4QCetFqDzUL2cbK2LGYV-JLOJ644HLrHr0DH6jezFpCb5WIoORh7fkpHCxj4F6mHfOvxRDA9phxSlqFw5FLU9Bw41txs%3D
[2026-01-20 21:20:25,140] INFO: Worker 5 finished area Шихазаны; total collected 119
[2026-01-20 21:20:25,141] INFO: Worker 5 scanning area Яльчики (3674)
[2026-01-20 21:20:25,184] ERROR: Unexpected status 403 for https://api.hh.ru/vacancies: {"errors":[{"value":"captcha_required","captcha_url":"https://hh.ru/account/captcha?state=pxvcxBozfu7ry7R4QCetFqDzUL2cbK2LGYV-JLOJ644HLrHr0DH6jezFpCb5WIoORh7fkpHCxj4F6mHfOvxRDCmL7zydgewUVxlmuQ52_3c%3D
[2026-01-20 21:20:25,184] INFO: Worker 0 finished area Шоршелы; total collected 119
[2026-01-20 21:20:25,184] INFO: Worker 0 scanning area Янгличи (7195)
[2026-01-20 21:20:25,187] ERROR: Unexpected status 403 for https://api.hh.ru/vacancies: {"errors":[{"value":"captcha_required","captcha_url":"https://hh.ru/account/captcha?state=pxvcxBozfu7ry7R4QCetFqDzUL2cbK2LGYV-JLOJ644HLrHr0DH6jezFpCb5WIoORh7fkpHCxj4F6mHfOvxRDGEAaTVE9YFZN_MpioXoLX4%3D
[2026-01-20 21:20:25,188] INFO: Worker 4 finished area Эльбарусово; total collected 119
[2026-01-20 21:20:25,188] INFO: Worker 4 scanning area Янгорчино (7132)
[2026-01-20 21:20:25,243] ERROR: Unexpected status 403 for https://api.hh.ru/vacancies: {"errors":[{"value":"captcha_required","captcha_url":"https://hh.ru/account/captcha?state=pxvcxBozfu7ry7R4QCetFqDzUL2cbK2LGYV-JLOJ644HLrHr0DH6jezFpCb5WIoORh7fkpHCxj4F6mHfOvxRDMD74FMgOWeVC_UZ1Xgj2KM%3D
[2026-01-20 21:20:25,243] INFO: Worker 7 finished area Шыгырдан; total collected 119
[2026-01-20 21:20:25,243] INFO: Worker 7 scanning area Янтиково (4227)
[2026-01-20 21:20:25,282] ERROR: Unexpected status 403 for https://api.hh.ru/vacancies: {"errors":[{"value":"captcha_required","captcha_url":"https://hh.ru/account/captcha?state=pxvcxBozfu7ry7R4QCetFqDzUL2cbK2LGYV-JLOJ644HLrHr0DH6jezFpCb5WIoORh7fkpHCxj4F6mHfOvxRDDXKpLrFigUhoICvJNgaSNg%3D
[2026-01-20 21:20:25,283] INFO: Worker 3 finished area Шумерля; total collected 119
[2026-01-20 21:20:25,283] INFO: Worker 3 scanning area Яншихово-Норваши (7162)
[2026-01-20 21:20:25,318] ERROR: Unexpected status 403 for https://api.hh.ru/vacancies: {"errors":[{"value":"captcha_required","captcha_url":"https://hh.ru/account/captcha?state=pxvcxBozfu7ry7R4QCetFqDzUL2cbK2LGYV-JLOJ644HLrHr0DH6jezFpCb5WIoORh7fkpHCxj4F6mHfOvxRDLgQMdsDtOt9GD1W-4xaPPQ%3D
[2026-01-20 21:20:25,318] INFO: Worker 6 finished area Юськасы; total collected 119
[2026-01-20 21:20:25,318] INFO: Worker 6 scanning area Яншихово-Челлы (7005)
[2026-01-20 21:20:25,337] ERROR: Unexpected status 403 for https://api.hh.ru/vacancies: {"errors":[{"value":"captcha_required","captcha_url":"https://hh.ru/account/captcha?state=pxvcxBozfu7ry7R4QCetFqDzUL2cbK2LGYV-JLOJ644HLrHr0DH6jezFpCb5WIoORh7fkpHCxj4F6mHfOvxRDNG99MtiSjEcUCAKDcoEx_A%3D
[2026-01-20 21:20:25,337] INFO: Worker 2 finished area Юнга; total collected 119
[2026-01-20 21:20:25,337] INFO: Worker 2 scanning area Яныши (7171)
[2026-01-20 21:20:25,430] ERROR: Unexpected status 403 for https://api.hh.ru/vacancies: {"errors":[{"value":"captcha_required","captcha_url":"https://hh.ru/account/captcha?state=pxvcxBozfu7ry7R4QCetFqDzUL2cbK2LGYV-JLOJ644HLrHr0DH6jezFpCb5WIoORh7fkpHCxj4F6mHfOvxRDAQewOn89frX7YjoBgcxV60%3D
[2026-01-20 21:20:25,431] INFO: Worker 1 finished area Ядрин; total collected 119
[2026-01-20 21:20:25,431] INFO: Worker 1 scanning area Ярославка (7192)
[2026-01-20 21:20:25,441] ERROR: Unexpected status 403 for https://api.hh.ru/vacancies: {"errors":[{"value":"captcha_required","captcha_url":"https://hh.ru/account/captcha?state=pxvcxBozfu7ry7R4QCetFqDzUL2cbK2LGYV-JLOJ644HLrHr0DH6jezFpCb5WIoORh7fkpHCxj4F6mHfOvxRDIGM5MydLbdLne07Vkpfp2E%3D
[2026-01-20 21:20:25,441] INFO: Worker 5 finished area Яльчики; total collected 119
[2026-01-20 21:20:25,441] INFO: Worker 5 scanning area Забайкальский край (1192)
[2026-01-20 21:20:25,470] ERROR: Unexpected status 403 for https://api.hh.ru/vacancies: {"errors":[{"value":"captcha_required","captcha_url":"https://hh.ru/account/captcha?state=pxvcxBozfu7ry7R4QCetFqDzUL2cbK2LGYV-JLOJ644HLrHr0DH6jezFpCb5WIoORh7fkpHCxj4F6mHfOvxRDNn-FfS3Vggerg0M6MNlaA4%3D
[2026-01-20 21:20:25,470] INFO: Worker 4 finished area Янгорчино; total collected 119
[2026-01-20 21:20:25,470] INFO: Worker 4 scanning area Ага (Забайкальский край) (11379)
[2026-01-20 21:20:25,528] ERROR: Unexpected status 403 for https://api.hh.ru/vacancies: {"errors":[{"value":"captcha_required","captcha_url":"https://hh.ru/account/captcha?state=pxvcxBozfu7ry7R4QCetFqDzUL2cbK2LGYV-JLOJ644HLrHr0DH6jezFpCb5WIoORh7fkpHCxj4F6mHfOvxRDL3VlRZ9gErsCmhqZ02vgaE%3D
[2026-01-20 21:20:25,528] INFO: Worker 0 finished area Янгличи; total collected 119
[2026-01-20 21:20:25,529] INFO: Worker 0 scanning area Ага-Хангил (Забайкальский край) (11380)
[2026-01-20 21:20:25,575] ERROR: Unexpected status 403 for https://api.hh.ru/vacancies: {"errors":[{"value":"captcha_required","captcha_url":"https://hh.ru/account/captcha?state=pxvcxBozfu7ry7R4QCetFqDzUL2cbK2LGYV-JLOJ644HLrHr0DH6jezFpCb5WIoORh7fkpHCxj4F6mHfOvxRDKgMya8D6pqYiadSxBFSibI%3D
[2026-01-20 21:20:25,575] INFO: Worker 3 finished area Яншихово-Норваши; total collected 119
[2026-01-20 21:20:25,575] INFO: Worker 3 scanning area Агинское (Забайкальский АО) (216)
[2026-01-20 21:20:25,579] ERROR: Unexpected status 403 for https://api.hh.ru/vacancies: {"errors":[{"value":"captcha_required","captcha_url":"https://hh.ru/account/captcha?state=pxvcxBozfu7ry7R4QCetFqDzUL2cbK2LGYV-JLOJ644HLrHr0DH6jezFpCb5WIoORh7fkpHCxj4F6mHfOvxRDIK8xKJ8-pEFpSDc6V5TMvE%3D
[2026-01-20 21:20:25,579] INFO: Worker 6 finished area Яншихово-Челлы; total collected 119
[2026-01-20 21:20:25,579] INFO: Worker 6 scanning area Адриановка (Забайкальский край) (11381)
[2026-01-20 21:20:25,695] ERROR: Unexpected status 403 for https://api.hh.ru/vacancies: {"errors":[{"value":"captcha_required","captcha_url":"https://hh.ru/account/captcha?state=pxvcxBozfu7ry7R4QCetFqDzUL2cbK2LGYV-JLOJ644HLrHr0DH6jezFpCb5WIoORh7fkpHCxj4F6mHfOvxRDKCf0QOmpuNnMyCpd14TMVU%3D
[2026-01-20 21:20:25,695] INFO: Worker 2 finished area Яныши; total collected 119
[2026-01-20 21:20:25,695] INFO: Worker 2 scanning area Аксеново-Зиловское (Забайкальский край) (11382)
[2026-01-20 21:20:25,760] ERROR: Unexpected status 403 for https://api.hh.ru/vacancies: {"errors":[{"value":"captcha_required","captcha_url":"https://hh.ru/account/captcha?state=pxvcxBozfu7ry7R4QCetFqDzUL2cbK2LGYV-JLOJ644HLrHr0DH6jezFpCb5WIoORh7fkpHCxj4F6mHfOvxRDAJpcJXstLH5Dl0MKPVMRyc%3D
[2026-01-20 21:20:25,760] INFO: Worker 7 finished area Янтиково; total collected 119
[2026-01-20 21:20:25,760] INFO: Worker 7 scanning area Акша (Забайкальский край) (5088)
[2026-01-20 21:20:25,793] ERROR: Unexpected status 403 for https://api.hh.ru/vacancies: {"errors":[{"value":"captcha_required","captcha_url":"https://hh.ru/account/captcha?state=pxvcxBozfu7ry7R4QCetFqDzUL2cbK2LGYV-JLOJ644HLrHr0DH6jezFpCb5WIoORh7fkpHCxj4F6mHfOvxRDJFq5gjHnQejdW1UcUQRYIE%3D
[2026-01-20 21:20:25,794] INFO: Worker 0 finished area Ага-Хангил (Забайкальский край); total collected 119
[2026-01-20 21:20:25,794] INFO: Worker 0 scanning area Александровский Завод (5089)
[2026-01-20 21:20:25,840] ERROR: Unexpected status 403 for https://api.hh.ru/vacancies: {"errors":[{"value":"captcha_required","captcha_url":"https://hh.ru/account/captcha?state=pxvcxBozfu7ry7R4QCetFqDzUL2cbK2LGYV-JLOJ644HLrHr0DH6jezFpCb5WIoORh7fkpHCxj4F6mHfOvxRDD_n4UNDw6P_azS-XnwVvpY%3D
[2026-01-20 21:20:25,840] INFO: Worker 4 finished area Ага (Забайкальский край); total collected 119
[2026-01-20 21:20:25,841] INFO: Worker 4 scanning area Алеур (Забайкальский край) (11383)
[2026-01-20 21:20:25,955] ERROR: Unexpected status 403 for https://api.hh.ru/vacancies: {"errors":[{"value":"captcha_required","captcha_url":"https://hh.ru/account/captcha?state=pxvcxBozfu7ry7R4QCetFqDzUL2cbK2LGYV-JLOJ644HLrHr0DH6jezFpCb5WIoORh7fkpHCxj4F6mHfOvxRDLJ3_HqqrkcPnbl7SSHZHL8%3D
[2026-01-20 21:20:25,955] INFO: Worker 1 finished area Ярославка; total collected 119
[2026-01-20 21:20:25,955] INFO: Worker 1 scanning area Алханай (Забайкальский край) (11384)
[2026-01-20 21:20:25,963] ERROR: Unexpected status 403 for https://api.hh.ru/vacancies: {"errors":[{"value":"captcha_required","captcha_url":"https://hh.ru/account/captcha?state=pxvcxBozfu7ry7R4QCetFqDzUL2cbK2LGYV-JLOJ644HLrHr0DH6jezFpCb5WIoORh7fkpHCxj4F6mHfOvxRDIPLG-v9kq3GvgJvJQRvQcY%3D
[2026-01-20 21:20:25,963] INFO: Worker 5 finished area Забайкальский край; total collected 119
[2026-01-20 21:20:25,963] INFO: Worker 5 scanning area Альбитуй (7309)
[2026-01-20 21:20:25,978] ERROR: Unexpected status 403 for https://api.hh.ru/vacancies: {"errors":[{"value":"captcha_required","captcha_url":"https://hh.ru/account/captcha?state=pxvcxBozfu7ry7R4QCetFqDzUL2cbK2LGYV-JLOJ644HLrHr0DH6jezFpCb5WIoORh7fkpHCxj4F6mHfOvxRDPWFqJ1RIoK2w9VzKRdrMsc%3D
[2026-01-20 21:20:25,979] INFO: Worker 6 finished area Адриановка (Забайкальский край); total collected 119
[2026-01-20 21:20:25,979] INFO: Worker 6 scanning area Амазар (7452)
[2026-01-20 21:20:26,062] ERROR: Unexpected status 403 for https://api.hh.ru/vacancies: {"errors":[{"value":"captcha_required","captcha_url":"https://hh.ru/account/captcha?state=pxvcxBozfu7ry7R4QCetFqDzUL2cbK2LGYV-JLOJ644HLrHr0DH6jezFpCb5WIoORh7fkpHCxj4F6mHfOvxRDPjhqs1ozhUYXk7C4PQZ1ig%3D
[2026-01-20 21:20:26,062] INFO: Worker 3 finished area Агинское (Забайкальский АО); total collected 119
[2026-01-20 21:20:26,063] INFO: Worker 3 scanning area Амитхаша (Забайкальский край) (11385)
[2026-01-20 21:20:26,166] ERROR: Unexpected status 403 for https://api.hh.ru/vacancies: {"errors":[{"value":"captcha_required","captcha_url":"https://hh.ru/account/captcha?state=pxvcxBozfu7ry7R4QCetFqDzUL2cbK2LGYV-JLOJ644HLrHr0DH6jezFpCb5WIoORh7fkpHCxj4F6mHfOvxRDBs6Vtwq9l_XKn06L5pCcsA%3D
[2026-01-20 21:20:26,166] INFO: Worker 2 finished area Аксеново-Зиловское (Забайкальский край); total collected 119
[2026-01-20 21:20:26,166] INFO: Worker 2 scanning area Атамановка (Читинский район) (5106)
[2026-01-20 21:20:26,195] ERROR: Unexpected status 403 for https://api.hh.ru/vacancies: {"errors":[{"value":"captcha_required","captcha_url":"https://hh.ru/account/captcha?state=pxvcxBozfu7ry7R4QCetFqDzUL2cbK2LGYV-JLOJ644HLrHr0DH6jezFpCb5WIoORh7fkpHCxj4F6mHfOvxRDLMVEdTSUZWruMQOC2hzuNQ%3D
[2026-01-20 21:20:26,196] INFO: Worker 4 finished area Алеур (Забайкальский край); total collected 119
[2026-01-20 21:20:26,196] INFO: Worker 4 scanning area Бада (7454)
[2026-01-20 21:20:26,202] ERROR: Unexpected status 403 for https://api.hh.ru/vacancies: {"errors":[{"value":"captcha_required","captcha_url":"https://hh.ru/account/captcha?state=pxvcxBozfu7ry7R4QCetFqDzUL2cbK2LGYV-JLOJ644HLrHr0DH6jezFpCb5WIoORh7fkpHCxj4F6mHfOvxRDByhkOiX2Gpc12m6ZGekkGE%3D
[2026-01-20 21:20:26,203] INFO: Worker 7 finished area Акша (Забайкальский край); total collected 119
[2026-01-20 21:20:26,203] INFO: Worker 7 scanning area Балей (1193)
[2026-01-20 21:20:26,224] ERROR: Unexpected status 403 for https://api.hh.ru/vacancies: {"errors":[{"value":"captcha_required","captcha_url":"https://hh.ru/account/captcha?state=pxvcxBozfu7ry7R4QCetFqDzUL2cbK2LGYV-JLOJ644HLrHr0DH6jezFpCb5WIoORh7fkpHCxj4F6mHfOvxRDGlH0dAZDpNm0YRVC5ol2Kg%3D
[2026-01-20 21:20:26,224] INFO: Worker 1 finished area Алханай (Забайкальский край); total collected 119
[2026-01-20 21:20:26,224] INFO: Worker 1 scanning area Баляга (7423)
[2026-01-20 21:20:26,242] ERROR: Unexpected status 403 for https://api.hh.ru/vacancies: {"errors":[{"value":"captcha_required","captcha_url":"https://hh.ru/account/captcha?state=pxvcxBozfu7ry7R4QCetFqDzUL2cbK2LGYV-JLOJ644HLrHr0DH6jezFpCb5WIoORh7fkpHCxj4F6mHfOvxRDAHXoj3JEa7e522sgP6Pka8%3D
[2026-01-20 21:20:26,242] INFO: Worker 5 finished area Альбитуй; total collected 119
[2026-01-20 21:20:26,242] INFO: Worker 5 scanning area Беклемишево (Забайкальский край) (11386)
[2026-01-20 21:20:26,369] ERROR: Unexpected status 403 for https://api.hh.ru/vacancies: {"errors":[{"value":"captcha_required","captcha_url":"https://hh.ru/account/captcha?state=pxvcxBozfu7ry7R4QCetFqDzUL2cbK2LGYV-JLOJ644HLrHr0DH6jezFpCb5WIoORh7fkpHCxj4F6mHfOvxRDPEfqWpG3UJ_iy_wPAmnEqc%3D
[2026-01-20 21:20:26,370] INFO: Worker 3 finished area Амитхаша (Забайкальский край); total collected 119
[2026-01-20 21:20:26,370] INFO: Worker 3 scanning area Билитуй (Забайкальский край) (11387)
[2026-01-20 21:20:26,412] ERROR: Unexpected status 403 for https://api.hh.ru/vacancies: {"errors":[{"value":"captcha_required","captcha_url":"https://hh.ru/account/captcha?state=pxvcxBozfu7ry7R4QCetFqDzUL2cbK2LGYV-JLOJ644HLrHr0DH6jezFpCb5WIoORh7fkpHCxj4F6mHfOvxRDGRx6W0-Z2esuwy7PQy1WDE%3D
[2026-01-20 21:20:26,412] INFO: Worker 6 finished area Амазар; total collected 119
[2026-01-20 21:20:26,412] INFO: Worker 6 scanning area Большая Тура (Забайкальский край) (11388)
[2026-01-20 21:20:26,482] ERROR: Unexpected status 403 for https://api.hh.ru/vacancies: {"errors":[{"value":"captcha_required","captcha_url":"https://hh.ru/account/captcha?state=pxvcxBozfu7ry7R4QCetFqDzUL2cbK2LGYV-JLOJ644HLrHr0DH6jezFpCb5WIoORh7fkpHCxj4F6mHfOvxRDG7BtG4QeS8Ch3lpDURgNbc%3D
[2026-01-20 21:20:26,482] INFO: Worker 4 finished area Бада; total collected 119
[2026-01-20 21:20:26,482] INFO: Worker 4 scanning area Боржигантай (Забайкальский край) (11389)
[2026-01-20 21:20:26,527] ERROR: Unexpected status 403 for https://api.hh.ru/vacancies: {"errors":[{"value":"captcha_required","captcha_url":"https://hh.ru/account/captcha?state=pxvcxBozfu7ry7R4QCetFqDzUL2cbK2LGYV-JLOJ644HLrHr0DH6jezFpCb5WIoORh7fkpHCxj4F6mHfOvxRDAAtGGOlnTO-teplBPfhtys%3D
[2026-01-20 21:20:26,527] INFO: Worker 0 finished area Александровский Завод; total collected 119
[2026-01-20 21:20:26,528] INFO: Worker 0 scanning area Борзя (1194)
[2026-01-20 21:20:26,555] ERROR: Unexpected status 403 for https://api.hh.ru/vacancies: {"errors":[{"value":"captcha_required","captcha_url":"https://hh.ru/account/captcha?state=pxvcxBozfu7ry7R4QCetFqDzUL2cbK2LGYV-JLOJ644HLrHr0DH6jezFpCb5WIoORh7fkpHCxj4F6mHfOvxRDJPn-kKk3oiWs8KywD2yalw%3D
[2026-01-20 21:20:26,555] INFO: Worker 5 finished area Беклемишево (Забайкальский край); total collected 119
[2026-01-20 21:20:26,556] INFO: Worker 5 scanning area Букачача (7334)
[2026-01-20 21:20:26,560] ERROR: Unexpected status 403 for https://api.hh.ru/vacancies: {"errors":[{"value":"captcha_required","captcha_url":"https://hh.ru/account/captcha?state=pxvcxBozfu7ry7R4QCetFqDzUL2cbK2LGYV-JLOJ644HLrHr0DH6jezFpCb5WIoORh7fkpHCxj4F6mHfOvxRDOO9y_Uo2vDJAcR9rbS0K2s%3D
[2026-01-20 21:20:26,560] INFO: Worker 7 finished area Балей; total collected 119
[2026-01-20 21:20:26,560] INFO: Worker 7 scanning area Бырка (Забайкальский край) (11390)
[2026-01-20 21:20:26,682] ERROR: Unexpected status 403 for https://api.hh.ru/vacancies: {"errors":[{"value":"captcha_required","captcha_url":"https://hh.ru/account/captcha?state=pxvcxBozfu7ry7R4QCetFqDzUL2cbK2LGYV-JLOJ644HLrHr0DH6jezFpCb5WIoORh7fkpHCxj4F6mHfOvxRDBS-bf3LsmRbx2LAxPK2COk%3D
[2026-01-20 21:20:26,682] INFO: Worker 1 finished area Баляга; total collected 119
[2026-01-20 21:20:26,682] INFO: Worker 1 scanning area Верх-Усугли (5099)
[2026-01-20 21:20:26,728] ERROR: Unexpected status 403 for https://api.hh.ru/vacancies: {"errors":[{"value":"captcha_required","captcha_url":"https://hh.ru/account/captcha?state=pxvcxBozfu7ry7R4QCetFqDzUL2cbK2LGYV-JLOJ644HLrHr0DH6jezFpCb5WIoORh7fkpHCxj4F6mHfOvxRDDTYVnDpIRukTklpOWz_LSw%3D
[2026-01-20 21:20:26,728] INFO: Worker 2 finished area Атамановка (Читинский район); total collected 119
[2026-01-20 21:20:26,728] INFO: Worker 2 scanning area Верх-Чита (7450)
[2026-01-20 21:20:26,769] ERROR: Unexpected status 403 for https://api.hh.ru/vacancies: {"errors":[{"value":"captcha_required","captcha_url":"https://hh.ru/account/captcha?state=pxvcxBozfu7ry7R4QCetFqDzUL2cbK2LGYV-JLOJ644HLrHr0DH6jezFpCb5WIoORh7fkpHCxj4F6mHfOvxRDL9aXWKjqpeZonCv6L4zTBk%3D
[2026-01-20 21:20:26,769] INFO: Worker 4 finished area Боржигантай (Забайкальский край); total collected 119
[2026-01-20 21:20:26,769] INFO: Worker 4 scanning area Вершино-Дарасунский (5112)
[2026-01-20 21:20:26,800] ERROR: Unexpected status 403 for https://api.hh.ru/vacancies: {"errors":[{"value":"captcha_required","captcha_url":"https://hh.ru/account/captcha?state=pxvcxBozfu7ry7R4QCetFqDzUL2cbK2LGYV-JLOJ644HLrHr0DH6jezFpCb5WIoORh7fkpHCxj4F6mHfOvxRDIVWCcUVmNMThfQx2ckGKfg%3D
[2026-01-20 21:20:26,800] INFO: Worker 5 finished area Букачача; total collected 119
[2026-01-20 21:20:26,800] INFO: Worker 5 scanning area Вершино-Шахтаминский (Забайкальский край) (11391)
[2026-01-20 21:20:26,813] ERROR: Unexpected status 403 for https://api.hh.ru/vacancies: {"errors":[{"value":"captcha_required","captcha_url":"https://hh.ru/account/captcha?state=pxvcxBozfu7ry7R4QCetFqDzUL2cbK2LGYV-JLOJ644HLrHr0DH6jezFpCb5WIoORh7fkpHCxj4F6mHfOvxRDLjnw0UUHQ2HpNm4Grg06sw%3D
[2026-01-20 21:20:26,813] INFO: Worker 6 finished area Большая Тура (Забайкальский край); total collected 119
[2026-01-20 21:20:26,813] INFO: Worker 6 scanning area Вершино-Шахтаминское (6952)
[2026-01-20 21:20:26,831] ERROR: Unexpected status 403 for https://api.hh.ru/vacancies: {"errors":[{"value":"captcha_required","captcha_url":"https://hh.ru/account/captcha?state=pxvcxBozfu7ry7R4QCetFqDzUL2cbK2LGYV-JLOJ644HLrHr0DH6jezFpCb5WIoORh7fkpHCxj4F6mHfOvxRDDJtwwGToi_oadgRBvayXTg%3D
[2026-01-20 21:20:26,831] INFO: Worker 7 finished area Бырка (Забайкальский край); total collected 119
[2026-01-20 21:20:26,831] INFO: Worker 7 scanning area Газимурский Завод (5090)
[2026-01-20 21:20:26,838] ERROR: Unexpected status 403 for https://api.hh.ru/vacancies: {"errors":[{"value":"captcha_required","captcha_url":"https://hh.ru/account/captcha?state=pxvcxBozfu7ry7R4QCetFqDzUL2cbK2LGYV-JLOJ644HLrHr0DH6jezFpCb5WIoORh7fkpHCxj4F6mHfOvxRDIa7tnCINlcALe14bJXMVGs%3D
[2026-01-20 21:20:26,839] INFO: Worker 3 finished area Билитуй (Забайкальский край); total collected 119
[2026-01-20 21:20:26,839] INFO: Worker 3 scanning area Горный (Забайкальский край) (5104)
[2026-01-20 21:20:27,059] ERROR: Unexpected status 403 for https://api.hh.ru/vacancies: {"errors":[{"value":"captcha_required","captcha_url":"https://hh.ru/account/captcha?state=pxvcxBozfu7ry7R4QCetFqDzUL2cbK2LGYV-JLOJ644HLrHr0DH6jezFpCb5WIoORh7fkpHCxj4F6mHfOvxRDIJkQByWhFXtAvldr1o_-E4%3D
[2026-01-20 21:20:27,059] INFO: Worker 5 finished area Вершино-Шахтаминский (Забайкальский край); total collected 119
[2026-01-20 21:20:27,059] INFO: Worker 5 scanning area Горный Зерентуй (Забайкальский край) (11392)
[2026-01-20 21:20:27,076] ERROR: Unexpected status 403 for https://api.hh.ru/vacancies: {"errors":[{"value":"captcha_required","captcha_url":"https://hh.ru/account/captcha?state=pxvcxBozfu7ry7R4QCetFqDzUL2cbK2LGYV-JLOJ644HLrHr0DH6jezFpCb5WIoORh7fkpHCxj4F6mHfOvxRDF80RO7UfncqBlSix1RXqh0%3D
[2026-01-20 21:20:27,076] INFO: Worker 4 finished area Вершино-Дарасунский; total collected 119
[2026-01-20 21:20:27,076] INFO: Worker 4 scanning area Гунэй (Забайкальский край) (11393)
[2026-01-20 21:20:27,125] ERROR: Unexpected status 403 for https://api.hh.ru/vacancies: {"errors":[{"value":"captcha_required","captcha_url":"https://hh.ru/account/captcha?state=pxvcxBozfu7ry7R4QCetFqDzUL2cbK2LGYV-JLOJ644HLrHr0DH6jezFpCb5WIoORh7fkpHCxj4F6mHfOvxRDMVSZHQi4HKTDQ-F97xARkA%3D
[2026-01-20 21:20:27,125] INFO: Worker 1 finished area Верх-Усугли; total collected 119
[2026-01-20 21:20:27,125] INFO: Worker 1 scanning area Давенда (7294)
[2026-01-20 21:20:27,140] ERROR: Unexpected status 403 for https://api.hh.ru/vacancies: {"errors":[{"value":"captcha_required","captcha_url":"https://hh.ru/account/captcha?state=pxvcxBozfu7ry7R4QCetFqDzUL2cbK2LGYV-JLOJ644HLrHr0DH6jezFpCb5WIoORh7fkpHCxj4F6mHfOvxRDIhdNaMYhtvYV8OTOKQw9tY%3D
[2026-01-20 21:20:27,140] INFO: Worker 3 finished area Горный (Забайкальский край); total collected 119
[2026-01-20 21:20:27,140] INFO: Worker 3 scanning area Дарасун (Забайкальский край) (5113)
[2026-01-20 21:20:27,146] ERROR: Unexpected status 403 for https://api.hh.ru/vacancies: {"errors":[{"value":"captcha_required","captcha_url":"https://hh.ru/account/captcha?state=pxvcxBozfu7ry7R4QCetFqDzUL2cbK2LGYV-JLOJ644HLrHr0DH6jezFpCb5WIoORh7fkpHCxj4F6mHfOvxRDD3g2K3if7SK85v6YwCjx7I%3D
[2026-01-20 21:20:27,147] INFO: Worker 2 finished area Верх-Чита; total collected 119
[2026-01-20 21:20:27,147] INFO: Worker 2 scanning area Даурия (Забайкальский край) (11394)
[2026-01-20 21:20:27,156] ERROR: Unexpected status 403 for https://api.hh.ru/vacancies: {"errors":[{"value":"captcha_required","captcha_url":"https://hh.ru/account/captcha?state=pxvcxBozfu7ry7R4QCetFqDzUL2cbK2LGYV-JLOJ644HLrHr0DH6jezFpCb5WIoORh7fkpHCxj4F6mHfOvxRDAT5Jz7X5nqF6w5_pRQwTjQ%3D
[2026-01-20 21:20:27,156] INFO: Worker 6 finished area Вершино-Шахтаминское; total collected 119
[2026-01-20 21:20:27,156] INFO: Worker 6 scanning area Домна (Забайкальский край) (5111)
[2026-01-20 21:20:27,244] ERROR: Unexpected status 403 for https://api.hh.ru/vacancies: {"errors":[{"value":"captcha_required","captcha_url":"https://hh.ru/account/captcha?state=pxvcxBozfu7ry7R4QCetFqDzUL2cbK2LGYV-JLOJ644HLrHr0DH6jezFpCb5WIoORh7fkpHCxj4F6mHfOvxRDPU1Y8HN6Bd2b_Td8xpQWfM%3D
[2026-01-20 21:20:27,244] INFO: Worker 7 finished area Газимурский Завод; total collected 119
[2026-01-20 21:20:27,245] INFO: Worker 7 scanning area Досатуй (7343)
[2026-01-20 21:20:27,367] ERROR: Unexpected status 403 for https://api.hh.ru/vacancies: {"errors":[{"value":"captcha_required","captcha_url":"https://hh.ru/account/captcha?state=pxvcxBozfu7ry7R4QCetFqDzUL2cbK2LGYV-JLOJ644HLrHr0DH6jezFpCb5WIoORh7fkpHCxj4F6mHfOvxRDJ29UQPp3u8ezaTAmipp8UQ%3D
[2026-01-20 21:20:27,367] INFO: Worker 0 finished area Борзя; total collected 119
[2026-01-20 21:20:27,368] INFO: Worker 0 scanning area Дровяная (7456)
[2026-01-20 21:20:27,406] ERROR: Unexpected status 403 for https://api.hh.ru/vacancies: {"errors":[{"value":"captcha_required","captcha_url":"https://hh.ru/account/captcha?state=pxvcxBozfu7ry7R4QCetFqDzUL2cbK2LGYV-JLOJ644HLrHr0DH6jezFpCb5WIoORh7fkpHCxj4F6mHfOvxRDDRupRsGvMvO9p6zoEGOWq0%3D
[2026-01-20 21:20:27,406] INFO: Worker 4 finished area Гунэй (Забайкальский край); total collected 119
[2026-01-20 21:20:27,407] INFO: Worker 4 scanning area Дульдурга (5114)
[2026-01-20 21:20:27,471] ERROR: Unexpected status 403 for https://api.hh.ru/vacancies: {"errors":[{"value":"captcha_required","captcha_url":"https://hh.ru/account/captcha?state=pxvcxBozfu7ry7R4QCetFqDzUL2cbK2LGYV-JLOJ644HLrHr0DH6jezFpCb5WIoORh7fkpHCxj4F6mHfOvxRDIBVVeH51sSgu0-iiBSms6Q%3D
[2026-01-20 21:20:27,472] INFO: Worker 2 finished area Даурия (Забайкальский край); total collected 119
[2026-01-20 21:20:27,472] INFO: Worker 2 scanning area Дунаево (Забайкальский край) (11395)
[2026-01-20 21:20:27,489] ERROR: Unexpected status 403 for https://api.hh.ru/vacancies: {"errors":[{"value":"captcha_required","captcha_url":"https://hh.ru/account/captcha?state=pxvcxBozfu7ry7R4QCetFqDzUL2cbK2LGYV-JLOJ644HLrHr0DH6jezFpCb5WIoORh7fkpHCxj4F6mHfOvxRDIACFoLCX1VNScKaIFDwEd0%3D
[2026-01-20 21:20:27,489] INFO: Worker 6 finished area Домна (Забайкальский край); total collected 119
[2026-01-20 21:20:27,489] INFO: Worker 6 scanning area Жиндо (7291)
[2026-01-20 21:20:27,526] ERROR: Unexpected status 403 for https://api.hh.ru/vacancies: {"errors":[{"value":"captcha_required","captcha_url":"https://hh.ru/account/captcha?state=pxvcxBozfu7ry7R4QCetFqDzUL2cbK2LGYV-JLOJ644HLrHr0DH6jezFpCb5WIoORh7fkpHCxj4F6mHfOvxRDNPHxMnPojIH5Lmr5KPCk80%3D
[2026-01-20 21:20:27,526] INFO: Worker 5 finished area Горный Зерентуй (Забайкальский край); total collected 119
[2026-01-20 21:20:27,526] INFO: Worker 5 scanning area Жипхеген (7364)
[2026-01-20 21:20:27,527] ERROR: Unexpected status 403 for https://api.hh.ru/vacancies: {"errors":[{"value":"captcha_required","captcha_url":"https://hh.ru/account/captcha?state=pxvcxBozfu7ry7R4QCetFqDzUL2cbK2LGYV-JLOJ644HLrHr0DH6jezFpCb5WIoORh7fkpHCxj4F6mHfOvxRDFyphTz76xLkj_XlzEzjeto%3D
[2026-01-20 21:20:27,527] INFO: Worker 3 finished area Дарасун (Забайкальский край); total collected 119
[2026-01-20 21:20:27,527] INFO: Worker 3 scanning area Жирекен (7336)
[2026-01-20 21:20:27,534] ERROR: Unexpected status 403 for https://api.hh.ru/vacancies: {"errors":[{"value":"captcha_required","captcha_url":"https://hh.ru/account/captcha?state=pxvcxBozfu7ry7R4QCetFqDzUL2cbK2LGYV-JLOJ644HLrHr0DH6jezFpCb5WIoORh7fkpHCxj4F6mHfOvxRDG2WHKbcYFJ2xkRE8RgTTF4%3D
[2026-01-20 21:20:27,534] INFO: Worker 1 finished area Давенда; total collected 119
[2026-01-20 21:20:27,534] INFO: Worker 1 scanning area Забайкальск (2399)
[2026-01-20 21:20:27,591] ERROR: Unexpected status 403 for https://api.hh.ru/vacancies: {"errors":[{"value":"captcha_required","captcha_url":"https://hh.ru/account/captcha?state=pxvcxBozfu7ry7R4QCetFqDzUL2cbK2LGYV-JLOJ644HLrHr0DH6jezFpCb5WIoORh7fkpHCxj4F6mHfOvxRDPFgQ7sAOeuwsFAQkwC5C58%3D
[2026-01-20 21:20:27,591] INFO: Worker 7 finished area Досатуй; total collected 119
[2026-01-20 21:20:27,591] INFO: Worker 7 scanning area Засопка (Забайкальский край) (11396)
[2026-01-20 21:20:27,672] ERROR: Unexpected status 403 for https://api.hh.ru/vacancies: {"errors":[{"value":"captcha_required","captcha_url":"https://hh.ru/account/captcha?state=pxvcxBozfu7ry7R4QCetFqDzUL2cbK2LGYV-JLOJ644HLrHr0DH6jezFpCb5WIoORh7fkpHCxj4F6mHfOvxRDPsAZ-PJNnnBrI4wm4ieAsE%3D
[2026-01-20 21:20:27,672] INFO: Worker 0 finished area Дровяная; total collected 119
[2026-01-20 21:20:27,672] INFO: Worker 0 scanning area Золотореченск (7297)
[2026-01-20 21:20:27,724] ERROR: Unexpected status 403 for https://api.hh.ru/vacancies: {"errors":[{"value":"captcha_required","captcha_url":"https://hh.ru/account/captcha?state=pxvcxBozfu7ry7R4QCetFqDzUL2cbK2LGYV-JLOJ644HLrHr0DH6jezFpCb5WIoORh7fkpHCxj4F6mHfOvxRDIxNcCfikuAUfF4pnz1nbx4%3D
[2026-01-20 21:20:27,724] INFO: Worker 4 finished area Дульдурга; total collected 119
[2026-01-20 21:20:27,724] INFO: Worker 4 scanning area Зугалай (Забайкальский край) (11402)
[2026-01-20 21:20:27,731] ERROR: Unexpected status 403 for https://api.hh.ru/vacancies: {"errors":[{"value":"captcha_required","captcha_url":"https://hh.ru/account/captcha?state=pxvcxBozfu7ry7R4QCetFqDzUL2cbK2LGYV-JLOJ644HLrHr0DH6jezFpCb5WIoORh7fkpHCxj4F6mHfOvxRDETbk_yYCNsFVRQu2SkV4Ew%3D
[2026-01-20 21:20:27,732] INFO: Worker 2 finished area Дунаево (Забайкальский край); total collected 119
[2026-01-20 21:20:27,732] INFO: Worker 2 scanning area Зуткулей (Забайкальский край) (11403)
[2026-01-20 21:20:27,808] ERROR: Unexpected status 403 for https://api.hh.ru/vacancies: {"errors":[{"value":"captcha_required","captcha_url":"https://hh.ru/account/captcha?state=pxvcxBozfu7ry7R4QCetFqDzUL2cbK2LGYV-JLOJ644HLrHr0DH6jezFpCb5WIoORh7fkpHCxj4F6mHfOvxRDLE4tnRezwquHfz7lnMN6qM%3D
[2026-01-20 21:20:27,808] INFO: Worker 6 finished area Жиндо; total collected 119
[2026-01-20 21:20:27,808] INFO: Worker 6 scanning area Зюльзя (Забайкальский край) (11404)
[2026-01-20 21:20:27,848] ERROR: Unexpected status 403 for https://api.hh.ru/vacancies: {"errors":[{"value":"captcha_required","captcha_url":"https://hh.ru/account/captcha?state=pxvcxBozfu7ry7R4QCetFqDzUL2cbK2LGYV-JLOJ644HLrHr0DH6jezFpCb5WIoORh7fkpHCxj4F6mHfOvxRDOXjwtfDf_k9c5qO2pMcYmI%3D
[2026-01-20 21:20:27,849] INFO: Worker 5 finished area Жипхеген; total collected 119
[2026-01-20 21:20:27,849] INFO: Worker 5 scanning area Ингода (Забайкальский край) (11405)
[2026-01-20 21:20:27,850] ERROR: Unexpected status 403 for https://api.hh.ru/vacancies: {"errors":[{"value":"captcha_required","captcha_url":"https://hh.ru/account/captcha?state=pxvcxBozfu7ry7R4QCetFqDzUL2cbK2LGYV-JLOJ644HLrHr0DH6jezFpCb5WIoORh7fkpHCxj4F6mHfOvxRDMLNt2Shag5WoFjkP9L9eiA%3D
[2026-01-20 21:20:27,850] INFO: Worker 7 finished area Засопка (Забайкальский край); total collected 119
[2026-01-20 21:20:27,850] INFO: Worker 7 scanning area Кадахта (Забайкальский край) (11406)
[2026-01-20 21:20:28,003] ERROR: Unexpected status 403 for https://api.hh.ru/vacancies: {"errors":[{"value":"captcha_required","captcha_url":"https://hh.ru/account/captcha?state=pxvcxBozfu7ry7R4QCetFqDzUL2cbK2LGYV-JLOJ644HLrHr0DH6jezFpCb5WIoORh7fkpHCxj4F6mHfOvxRDFVW62MiScqXdNti6Kn9Ws8%3D
[2026-01-20 21:20:28,003] INFO: Worker 2 finished area Зуткулей (Забайкальский край); total collected 119
[2026-01-20 21:20:28,003] INFO: Worker 2 scanning area Кадая (6939)
[2026-01-20 21:20:28,045] ERROR: Unexpected status 403 for https://api.hh.ru/vacancies: {"errors":[{"value":"captcha_required","captcha_url":"https://hh.ru/account/captcha?state=pxvcxBozfu7ry7R4QCetFqDzUL2cbK2LGYV-JLOJ644HLrHr0DH6jezFpCb5WIoORh7fkpHCxj4F6mHfOvxRDB0iSBC3DxGPztjwKb48ZEc%3D
[2026-01-20 21:20:28,045] INFO: Worker 0 finished area Золотореченск; total collected 119
[2026-01-20 21:20:28,045] INFO: Worker 0 scanning area Казаново (Забайкальский край) (11407)
[2026-01-20 21:20:28,098] ERROR: Unexpected status 403 for https://api.hh.ru/vacancies: {"errors":[{"value":"captcha_required","captcha_url":"https://hh.ru/account/captcha?state=pxvcxBozfu7ry7R4QCetFqDzUL2cbK2LGYV-JLOJ644HLrHr0DH6jezFpCb5WIoORh7fkpHCxj4F6mHfOvxRDBw08JVdFqXn4muHldkKdRs%3D
[2026-01-20 21:20:28,098] INFO: Worker 7 finished area Кадахта (Забайкальский край); total collected 119
[2026-01-20 21:20:28,098] INFO: Worker 7 scanning area Калангуй (Забайкальский край) (11408)
[2026-01-20 21:20:28,183] ERROR: Unexpected status 403 for https://api.hh.ru/vacancies: {"errors":[{"value":"captcha_required","captcha_url":"https://hh.ru/account/captcha?state=pxvcxBozfu7ry7R4QCetFqDzUL2cbK2LGYV-JLOJ644HLrHr0DH6jezFpCb5WIoORh7fkpHCxj4F6mHfOvxRDP4RhV9edAUgCpACgM5F3qs%3D
[2026-01-20 21:20:28,183] INFO: Worker 5 finished area Ингода (Забайкальский край); total collected 119
[2026-01-20 21:20:28,183] INFO: Worker 5 scanning area Калга (5091)
[2026-01-20 21:20:28,207] ERROR: Unexpected status 403 for https://api.hh.ru/vacancies: {"errors":[{"value":"captcha_required","captcha_url":"https://hh.ru/account/captcha?state=pxvcxBozfu7ry7R4QCetFqDzUL2cbK2LGYV-JLOJ644HLrHr0DH6jezFpCb5WIoORh7fkpHCxj4F6mHfOvxRDGvQX-_PpszVR3av8SeSzAI%3D
[2026-01-20 21:20:28,207] INFO: Worker 1 finished area Забайкальск; total collected 119
[2026-01-20 21:20:28,208] INFO: Worker 1 scanning area Карымское (4631)
[2026-01-20 21:20:28,308] ERROR: Unexpected status 403 for https://api.hh.ru/vacancies: {"errors":[{"value":"captcha_required","captcha_url":"https://hh.ru/account/captcha?state=pxvcxBozfu7ry7R4QCetFqDzUL2cbK2LGYV-JLOJ644HLrHr0DH6jezFpCb5WIoORh7fkpHCxj4F6mHfOvxRDALsyu2eJYDzkyD0tLb5mUU%3D
[2026-01-20 21:20:28,308] INFO: Worker 2 finished area Кадая; total collected 119
[2026-01-20 21:20:28,308] INFO: Worker 2 scanning area Кличка (7436)
[2026-01-20 21:20:28,391] ERROR: Unexpected status 403 for https://api.hh.ru/vacancies: {"errors":[{"value":"captcha_required","captcha_url":"https://hh.ru/account/captcha?state=pxvcxBozfu7ry7R4QCetFqDzUL2cbK2LGYV-JLOJ644HLrHr0DH6jezFpCb5WIoORh7fkpHCxj4F6mHfOvxRDAGZTCmVrrUQ2Rm_RXPxmm8%3D
[2026-01-20 21:20:28,391] INFO: Worker 6 finished area Зюльзя (Забайкальский край); total collected 119
[2026-01-20 21:20:28,391] INFO: Worker 6 scanning area Ключевский (7406)
[2026-01-20 21:20:28,395] ERROR: Unexpected status 403 for https://api.hh.ru/vacancies: {"errors":[{"value":"captcha_required","captcha_url":"https://hh.ru/account/captcha?state=pxvcxBozfu7ry7R4QCetFqDzUL2cbK2LGYV-JLOJ644HLrHr0DH6jezFpCb5WIoORh7fkpHCxj4F6mHfOvxRDC7rYge-wJ7HSnt2HirkM2I%3D
[2026-01-20 21:20:28,396] INFO: Worker 7 finished area Калангуй (Забайкальский край); total collected 119
[2026-01-20 21:20:28,396] INFO: Worker 7 scanning area Ковыли (Забайкальский край) (11409)
[2026-01-20 21:20:28,424] ERROR: Unexpected status 403 for https://api.hh.ru/vacancies: {"errors":[{"value":"captcha_required","captcha_url":"https://hh.ru/account/captcha?state=pxvcxBozfu7ry7R4QCetFqDzUL2cbK2LGYV-JLOJ644HLrHr0DH6jezFpCb5WIoORh7fkpHCxj4F6mHfOvxRDC9jOH2LG0ERDxw8ESqTPCw%3D
[2026-01-20 21:20:28,424] INFO: Worker 3 finished area Жирекен; total collected 119
[2026-01-20 21:20:28,424] INFO: Worker 3 scanning area Шишкино (Забайкальский край) (11458)
[2026-01-20 21:20:28,435] ERROR: Unexpected status 403 for https://api.hh.ru/vacancies: {"errors":[{"value":"captcha_required","captcha_url":"https://hh.ru/account/captcha?state=pxvcxBozfu7ry7R4QCetFqDzUL2cbK2LGYV-JLOJ644HLrHr0DH6jezFpCb5WIoORh7fkpHCxj4F6mHfOvxRDKYFnLgunlNEUfw2Fr8Fnto%3D
[2026-01-20 21:20:28,436] INFO: Worker 5 finished area Калга; total collected 119
[2026-01-20 21:20:28,436] INFO: Worker 5 scanning area Кокуй (Забайкальский край) (5110)
[2026-01-20 21:20:28,474] ERROR: Unexpected status 403 for https://api.hh.ru/vacancies: {"errors":[{"value":"captcha_required","captcha_url":"https://hh.ru/account/captcha?state=pxvcxBozfu7ry7R4QCetFqDzUL2cbK2LGYV-JLOJ644HLrHr0DH6jezFpCb5WIoORh7fkpHCxj4F6mHfOvxRDDn9E9SNqlw7IH4JZy6navY%3D
[2026-01-20 21:20:28,474] INFO: Worker 4 finished area Зугалай (Забайкальский край); total collected 119
[2026-01-20 21:20:28,475] INFO: Worker 4 scanning area Краснокаменск (1195)
[2026-01-20 21:20:28,575] ERROR: Unexpected status 403 for https://api.hh.ru/vacancies: {"errors":[{"value":"captcha_required","captcha_url":"https://hh.ru/account/captcha?state=pxvcxBozfu7ry7R4QCetFqDzUL2cbK2LGYV-JLOJ644HLrHr0DH6jezFpCb5WIoORh7fkpHCxj4F6mHfOvxRDJi8yOvtHG7cF6azjeK9go0%3D
[2026-01-20 21:20:28,575] INFO: Worker 0 finished area Казаново (Забайкальский край); total collected 119
[2026-01-20 21:20:28,575] INFO: Worker 0 scanning area Красный Чикой (5092)
[2026-01-20 21:20:28,583] ERROR: Unexpected status 403 for https://api.hh.ru/vacancies: {"errors":[{"value":"captcha_required","captcha_url":"https://hh.ru/account/captcha?state=pxvcxBozfu7ry7R4QCetFqDzUL2cbK2LGYV-JLOJ644HLrHr0DH6jezFpCb5WIoORh7fkpHCxj4F6mHfOvxRDCmq8mze-M0sTlRFRNfodvs%3D
[2026-01-20 21:20:28,583] INFO: Worker 2 finished area Кличка; total collected 119
[2026-01-20 21:20:28,583] INFO: Worker 2 scanning area Ксеньевка (7305)
[2026-01-20 21:20:28,631] ERROR: Unexpected status 403 for https://api.hh.ru/vacancies: {"errors":[{"value":"captcha_required","captcha_url":"https://hh.ru/account/captcha?state=pxvcxBozfu7ry7R4QCetFqDzUL2cbK2LGYV-JLOJ644HLrHr0DH6jezFpCb5WIoORh7fkpHCxj4F6mHfOvxRDB2TAq50mwHeLCx97Oepo4Q%3D
[2026-01-20 21:20:28,631] INFO: Worker 1 finished area Карымское; total collected 119
[2026-01-20 21:20:28,631] INFO: Worker 1 scanning area Куанда (7397)
[2026-01-20 21:20:28,641] ERROR: Unexpected status 403 for https://api.hh.ru/vacancies: {"errors":[{"value":"captcha_required","captcha_url":"https://hh.ru/account/captcha?state=pxvcxBozfu7ry7R4QCetFqDzUL2cbK2LGYV-JLOJ644HLrHr0DH6jezFpCb5WIoORh7fkpHCxj4F6mHfOvxRDEJKiPMiJevUBoSL_D1dCwg%3D
[2026-01-20 21:20:28,641] INFO: Worker 6 finished area Ключевский; total collected 119
[2026-01-20 21:20:28,641] INFO: Worker 6 scanning area Кункур (Забайкальский край) (11410)
[2026-01-20 21:20:28,682] ERROR: Unexpected status 403 for https://api.hh.ru/vacancies: {"errors":[{"value":"captcha_required","captcha_url":"https://hh.ru/account/captcha?state=pxvcxBozfu7ry7R4QCetFqDzUL2cbK2LGYV-JLOJ644HLrHr0DH6jezFpCb5WIoORh7fkpHCxj4F6mHfOvxRDCyuCi7yEI9PYy98eyMCEAQ%3D
[2026-01-20 21:20:28,682] INFO: Worker 7 finished area Ковыли (Забайкальский край); total collected 119
[2026-01-20 21:20:28,682] INFO: Worker 7 scanning area Курорт-Дарасун (7358)
[2026-01-20 21:20:28,723] ERROR: Unexpected status 403 for https://api.hh.ru/vacancies: {"errors":[{"value":"captcha_required","captcha_url":"https://hh.ru/account/captcha?state=pxvcxBozfu7ry7R4QCetFqDzUL2cbK2LGYV-JLOJ644HLrHr0DH6jezFpCb5WIoORh7fkpHCxj4F6mHfOvxRDHr_F834j1uBTX6fS0-6yrM%3D
[2026-01-20 21:20:28,723] INFO: Worker 3 finished area Шишкино (Забайкальский край); total collected 119
[2026-01-20 21:20:28,724] INFO: Worker 3 scanning area Кусоча (Забайкальский край) (11411)
[2026-01-20 21:20:28,877] ERROR: Unexpected status 403 for https://api.hh.ru/vacancies: {"errors":[{"value":"captcha_required","captcha_url":"https://hh.ru/account/captcha?state=pxvcxBozfu7ry7R4QCetFqDzUL2cbK2LGYV-JLOJ644HLrHr0DH6jezFpCb5WIoORh7fkpHCxj4F6mHfOvxRDMLr0NruZbT9zURpOdTSdNw%3D
[2026-01-20 21:20:28,877] INFO: Worker 0 finished area Красный Чикой; total collected 119
[2026-01-20 21:20:28,877] INFO: Worker 0 scanning area Кыра (5093)
[2026-01-20 21:20:28,895] ERROR: Unexpected status 403 for https://api.hh.ru/vacancies: {"errors":[{"value":"captcha_required","captcha_url":"https://hh.ru/account/captcha?state=pxvcxBozfu7ry7R4QCetFqDzUL2cbK2LGYV-JLOJ644HLrHr0DH6jezFpCb5WIoORh7fkpHCxj4F6mHfOvxRDOjvx91O6XHnUoUlqFBKv8E%3D
[2026-01-20 21:20:28,895] INFO: Worker 2 finished area Ксеньевка; total collected 119
[2026-01-20 21:20:28,896] INFO: Worker 2 scanning area Лесной Городок (Забайкальский край) (11412)
[2026-01-20 21:20:28,987] ERROR: Unexpected status 403 for https://api.hh.ru/vacancies: {"errors":[{"value":"captcha_required","captcha_url":"https://hh.ru/account/captcha?state=pxvcxBozfu7ry7R4QCetFqDzUL2cbK2LGYV-JLOJ644HLrHr0DH6jezFpCb5WIoORh7fkpHCxj4F6mHfOvxRDKZ5z8DInvYmCscUmVEAdSM%3D
[2026-01-20 21:20:28,987] INFO: Worker 6 finished area Кункур (Забайкальский край); total collected 119
[2026-01-20 21:20:28,987] INFO: Worker 6 scanning area Линево Озеро (Забайкальский край) (11413)
[2026-01-20 21:20:28,995] ERROR: Unexpected status 403 for https://api.hh.ru/vacancies: {"errors":[{"value":"captcha_required","captcha_url":"https://hh.ru/account/captcha?state=pxvcxBozfu7ry7R4QCetFqDzUL2cbK2LGYV-JLOJ644HLrHr0DH6jezFpCb5WIoORh7fkpHCxj4F6mHfOvxRDD6mdpvpxzfieMLgkV5C81Q%3D
[2026-01-20 21:20:28,995] INFO: Worker 7 finished area Курорт-Дарасун; total collected 119
[2026-01-20 21:20:28,995] INFO: Worker 7 scanning area Маккавеево (7355)
[2026-01-20 21:20:29,003] ERROR: Unexpected status 403 for https://api.hh.ru/vacancies: {"errors":[{"value":"captcha_required","captcha_url":"https://hh.ru/account/captcha?state=pxvcxBozfu7ry7R4QCetFqDzUL2cbK2LGYV-JLOJ644HLrHr0DH6jezFpCb5WIoORh7fkpHCxj4F6mHfOvxRDF47_O4etVprPhRFNCijeQc%3D
[2026-01-20 21:20:29,003] INFO: Worker 4 finished area Краснокаменск; total collected 119
[2026-01-20 21:20:29,004] INFO: Worker 4 scanning area Малета (7392)
[2026-01-20 21:20:29,026] ERROR: Unexpected status 403 for https://api.hh.ru/vacancies: {"errors":[{"value":"captcha_required","captcha_url":"https://hh.ru/account/captcha?state=pxvcxBozfu7ry7R4QCetFqDzUL2cbK2LGYV-JLOJ644HLrHr0DH6jezFpCb5WIoORh7fkpHCxj4F6mHfOvxRDPaJQssOgfbsDzXQGkhs8Q8%3D
[2026-01-20 21:20:29,027] INFO: Worker 1 finished area Куанда; total collected 119
[2026-01-20 21:20:29,027] INFO: Worker 1 scanning area Мангут (7287)
[2026-01-20 21:20:29,082] ERROR: Unexpected status 403 for https://api.hh.ru/vacancies: {"errors":[{"value":"captcha_required","captcha_url":"https://hh.ru/account/captcha?state=pxvcxBozfu7ry7R4QCetFqDzUL2cbK2LGYV-JLOJ644HLrHr0DH6jezFpCb5WIoORh7fkpHCxj4F6mHfOvxRDFARDQXmfLH6jAfUtWWtS1c%3D
[2026-01-20 21:20:29,082] INFO: Worker 3 finished area Кусоча (Забайкальский край); total collected 119
[2026-01-20 21:20:29,082] INFO: Worker 3 scanning area Маргуцек (Забайкальский край) (11414)
[2026-01-20 21:20:29,247] ERROR: Unexpected status 403 for https://api.hh.ru/vacancies: {"errors":[{"value":"captcha_required","captcha_url":"https://hh.ru/account/captcha?state=pxvcxBozfu7ry7R4QCetFqDzUL2cbK2LGYV-JLOJ644HLrHr0DH6jezFpCb5WIoORh7fkpHCxj4F6mHfOvxRDMOLhi-4b_qB0rGDC5N74u8%3D
[2026-01-20 21:20:29,247] INFO: Worker 5 finished area Кокуй (Забайкальский край); total collected 119
[2026-01-20 21:20:29,248] INFO: Worker 5 scanning area Мирная (Забайкальский край) (11415)
[2026-01-20 21:20:29,296] ERROR: Unexpected status 403 for https://api.hh.ru/vacancies: {"errors":[{"value":"captcha_required","captcha_url":"https://hh.ru/account/captcha?state=pxvcxBozfu7ry7R4QCetFqDzUL2cbK2LGYV-JLOJ644HLrHr0DH6jezFpCb5WIoORh7fkpHCxj4F6mHfOvxRDMaf4tEmk4QSFKeFFybcML0%3D
[2026-01-20 21:20:29,296] INFO: Worker 7 finished area Маккавеево; total collected 119
[2026-01-20 21:20:29,296] INFO: Worker 7 scanning area Могзон (Забайкальский край) (11416)
[2026-01-20 21:20:29,298] ERROR: Unexpected status 403 for https://api.hh.ru/vacancies: {"errors":[{"value":"captcha_required","captcha_url":"https://hh.ru/account/captcha?state=pxvcxBozfu7ry7R4QCetFqDzUL2cbK2LGYV-JLOJ644HLrHr0DH6jezFpCb5WIoORh7fkpHCxj4F6mHfOvxRDCsDKDwnINvATIxhrt-2OTw%3D
[2026-01-20 21:20:29,298] INFO: Worker 6 finished area Линево Озеро (Забайкальский край); total collected 119
[2026-01-20 21:20:29,298] INFO: Worker 6 scanning area Могойтуй (5094)
[2026-01-20 21:20:29,320] ERROR: Unexpected status 403 for https://api.hh.ru/vacancies: {"errors":[{"value":"captcha_required","captcha_url":"https://hh.ru/account/captcha?state=pxvcxBozfu7ry7R4QCetFqDzUL2cbK2LGYV-JLOJ644HLrHr0DH6jezFpCb5WIoORh7fkpHCxj4F6mHfOvxRDAe_-BMCd07-jU7NLl6T_zc%3D
[2026-01-20 21:20:29,320] INFO: Worker 2 finished area Лесной Городок (Забайкальский край); total collected 119
[2026-01-20 21:20:29,320] INFO: Worker 2 scanning area Могоча (1196)
[2026-01-20 21:20:29,338] ERROR: Unexpected status 403 for https://api.hh.ru/vacancies: {"errors":[{"value":"captcha_required","captcha_url":"https://hh.ru/account/captcha?state=pxvcxBozfu7ry7R4QCetFqDzUL2cbK2LGYV-JLOJ644HLrHr0DH6jezFpCb5WIoORh7fkpHCxj4F6mHfOvxRDPxrNmuKAqk6Ty27ekFwb58%3D
[2026-01-20 21:20:29,338] INFO: Worker 4 finished area Малета; total collected 119
[2026-01-20 21:20:29,338] INFO: Worker 4 scanning area Молодежный (Забайкальский край) (11417)
[2026-01-20 21:20:29,338] ERROR: Unexpected status 403 for https://api.hh.ru/vacancies: {"errors":[{"value":"captcha_required","captcha_url":"https://hh.ru/account/captcha?state=pxvcxBozfu7ry7R4QCetFqDzUL2cbK2LGYV-JLOJ644HLrHr0DH6jezFpCb5WIoORh7fkpHCxj4F6mHfOvxRDLqSflnl4mJCCZnfrrf8Wf4%3D
[2026-01-20 21:20:29,338] INFO: Worker 0 finished area Кыра; total collected 119
[2026-01-20 21:20:29,340] INFO: Worker 0 scanning area Нерчинск (1197)
[2026-01-20 21:20:29,388] ERROR: Unexpected status 403 for https://api.hh.ru/vacancies: {"errors":[{"value":"captcha_required","captcha_url":"https://hh.ru/account/captcha?state=pxvcxBozfu7ry7R4QCetFqDzUL2cbK2LGYV-JLOJ644HLrHr0DH6jezFpCb5WIoORh7fkpHCxj4F6mHfOvxRDFSC9q7bPVCWGJptnmxHyfQ%3D
[2026-01-20 21:20:29,388] INFO: Worker 3 finished area Маргуцек (Забайкальский край); total collected 119
[2026-01-20 21:20:29,388] INFO: Worker 3 scanning area Нерчинский Завод (5095)
[2026-01-20 21:20:29,592] ERROR: Unexpected status 403 for https://api.hh.ru/vacancies: {"errors":[{"value":"captcha_required","captcha_url":"https://hh.ru/account/captcha?state=pxvcxBozfu7ry7R4QCetFqDzUL2cbK2LGYV-JLOJ644HLrHr0DH6jezFpCb5WIoORh7fkpHCxj4F6mHfOvxRDNQJfDen-vRYcbn3yDM65G8%3D
[2026-01-20 21:20:29,592] INFO: Worker 7 finished area Могзон (Забайкальский край); total collected 119
[2026-01-20 21:20:29,593] INFO: Worker 7 scanning area Нижний Цасучей (5097)
[2026-01-20 21:20:29,636] ERROR: Unexpected status 403 for https://api.hh.ru/vacancies: {"errors":[{"value":"captcha_required","captcha_url":"https://hh.ru/account/captcha?state=pxvcxBozfu7ry7R4QCetFqDzUL2cbK2LGYV-JLOJ644HLrHr0DH6jezFpCb5WIoORh7fkpHCxj4F6mHfOvxRDEItP-OQtZOU4muC7FKYZoY%3D
[2026-01-20 21:20:29,636] INFO: Worker 5 finished area Мирная (Забайкальский край); total collected 119
[2026-01-20 21:20:29,637] INFO: Worker 5 scanning area Николаевское (Забайкальский край) (7403)
[2026-01-20 21:20:29,666] ERROR: Unexpected status 403 for https://api.hh.ru/vacancies: {"errors":[{"value":"captcha_required","captcha_url":"https://hh.ru/account/captcha?state=pxvcxBozfu7ry7R4QCetFqDzUL2cbK2LGYV-JLOJ644HLrHr0DH6jezFpCb5WIoORh7fkpHCxj4F6mHfOvxRDH4OMb2zNOQH6hKBs53HRb4%3D
[2026-01-20 21:20:29,666] INFO: Worker 1 finished area Мангут; total collected 119
[2026-01-20 21:20:29,666] INFO: Worker 1 scanning area Новая Кука (7303)
[2026-01-20 21:20:29,684] ERROR: Unexpected status 403 for https://api.hh.ru/vacancies: {"errors":[{"value":"captcha_required","captcha_url":"https://hh.ru/account/captcha?state=pxvcxBozfu7ry7R4QCetFqDzUL2cbK2LGYV-JLOJ644HLrHr0DH6jezFpCb5WIoORh7fkpHCxj4F6mHfOvxRDKqd-Z8MCv-h3_0p-QpOzA0%3D
[2026-01-20 21:20:29,685] INFO: Worker 4 finished area Молодежный (Забайкальский край); total collected 119
[2026-01-20 21:20:29,685] INFO: Worker 4 scanning area Новая Чара (2691)
[2026-01-20 21:20:29,706] ERROR: Unexpected status 403 for https://api.hh.ru/vacancies: {"errors":[{"value":"captcha_required","captcha_url":"https://hh.ru/account/captcha?state=pxvcxBozfu7ry7R4QCetFqDzUL2cbK2LGYV-JLOJ644HLrHr0DH6jezFpCb5WIoORh7fkpHCxj4F6mHfOvxRDASD_ddvmTDXaB4AElm68ho%3D
[2026-01-20 21:20:29,706] INFO: Worker 6 finished area Могойтуй; total collected 119
[2026-01-20 21:20:29,706] INFO: Worker 6 scanning area Новокручининский (5107)
[2026-01-20 21:20:29,738] ERROR: Unexpected status 403 for https://api.hh.ru/vacancies: {"errors":[{"value":"captcha_required","captcha_url":"https://hh.ru/account/captcha?state=pxvcxBozfu7ry7R4QCetFqDzUL2cbK2LGYV-JLOJ644HLrHr0DH6jezFpCb5WIoORh7fkpHCxj4F6mHfOvxRDI6eElG_0oWG5cbsPQQcqAc%3D
[2026-01-20 21:20:29,738] INFO: Worker 2 finished area Могоча; total collected 119
[2026-01-20 21:20:29,738] INFO: Worker 2 scanning area Новоорловск (6940)
[2026-01-20 21:20:29,742] ERROR: Unexpected status 403 for https://api.hh.ru/vacancies: {"errors":[{"value":"captcha_required","captcha_url":"https://hh.ru/account/captcha?state=pxvcxBozfu7ry7R4QCetFqDzUL2cbK2LGYV-JLOJ644HLrHr0DH6jezFpCb5WIoORh7fkpHCxj4F6mHfOvxRDG89MsxfaqescSPQOFfw3ZE%3D
[2026-01-20 21:20:29,743] INFO: Worker 3 finished area Нерчинский Завод; total collected 119
[2026-01-20 21:20:29,743] INFO: Worker 3 scanning area Новопавловка (6941)
[2026-01-20 21:20:29,925] ERROR: Unexpected status 403 for https://api.hh.ru/vacancies: {"errors":[{"value":"captcha_required","captcha_url":"https://hh.ru/account/captcha?state=pxvcxBozfu7ry7R4QCetFqDzUL2cbK2LGYV-JLOJ644HLrHr0DH6jezFpCb5WIoORh7fkpHCxj4F6mHfOvxRDCfoJgpXqeR8gACdZWGDspA%3D
[2026-01-20 21:20:29,925] INFO: Worker 5 finished area Николаевское (Забайкальский край); total collected 119
[2026-01-20 21:20:29,925] INFO: Worker 5 scanning area Новоцурухайтуй (Забайкальский край) (11418)
[2026-01-20 21:20:29,950] ERROR: Unexpected status 403 for https://api.hh.ru/vacancies: {"errors":[{"value":"captcha_required","captcha_url":"https://hh.ru/account/captcha?state=pxvcxBozfu7ry7R4QCetFqDzUL2cbK2LGYV-JLOJ644HLrHr0DH6jezFpCb5WIoORh7fkpHCxj4F6mHfOvxRDMGt-537J-nsk966H3UX7Jk%3D
[2026-01-20 21:20:29,950] INFO: Worker 1 finished area Новая Кука; total collected 119
[2026-01-20 21:20:29,951] INFO: Worker 1 scanning area Новоширокинский (6896)
[2026-01-20 21:20:30,036] ERROR: Unexpected status 403 for https://api.hh.ru/vacancies: {"errors":[{"value":"captcha_required","captcha_url":"https://hh.ru/account/captcha?state=pxvcxBozfu7ry7R4QCetFqDzUL2cbK2LGYV-JLOJ644HLrHr0DH6jezFpCb5WIoORh7fkpHCxj4F6mHfOvxRDJkmICwu4VJ23XxmIw7edCc%3D
[2026-01-20 21:20:30,037] INFO: Worker 7 finished area Нижний Цасучей; total collected 119
[2026-01-20 21:20:30,037] INFO: Worker 7 scanning area Оловянная (5096)
[2026-01-20 21:20:30,058] ERROR: Unexpected status 403 for https://api.hh.ru/vacancies: {"errors":[{"value":"captcha_required","captcha_url":"https://hh.ru/account/captcha?state=pxvcxBozfu7ry7R4QCetFqDzUL2cbK2LGYV-JLOJ644HLrHr0DH6jezFpCb5WIoORh7fkpHCxj4F6mHfOvxRDHQOTv0pwgC_p3hUMZvuafI%3D
[2026-01-20 21:20:30,058] INFO: Worker 0 finished area Нерчинск; total collected 119
[2026-01-20 21:20:30,058] INFO: Worker 0 scanning area Ононское (Забайкальский край) (11419)
[2026-01-20 21:20:30,136] ERROR: Unexpected status 403 for https://api.hh.ru/vacancies: {"errors":[{"value":"captcha_required","captcha_url":"https://hh.ru/account/captcha?state=pxvcxBozfu7ry7R4QCetFqDzUL2cbK2LGYV-JLOJ644HLrHr0DH6jezFpCb5WIoORh7fkpHCxj4F6mHfOvxRDBeI8koCgXpt0oElGgN2KBU%3D
[2026-01-20 21:20:30,136] INFO: Worker 3 finished area Новопавловка; total collected 119
[2026-01-20 21:20:30,136] INFO: Worker 3 scanning area Орловский (Забайкальский край) (11420)
[2026-01-20 21:20:30,138] ERROR: Unexpected status 403 for https://api.hh.ru/vacancies: {"errors":[{"value":"captcha_required","captcha_url":"https://hh.ru/account/captcha?state=pxvcxBozfu7ry7R4QCetFqDzUL2cbK2LGYV-JLOJ644HLrHr0DH6jezFpCb5WIoORh7fkpHCxj4F6mHfOvxRDPWnmeQEWxtqEdxpcuLd0BY%3D
[2026-01-20 21:20:30,138] INFO: Worker 6 finished area Новокручининский; total collected 119
[2026-01-20 21:20:30,138] INFO: Worker 6 scanning area Ортуй (Забайкальский край) (11421)
[2026-01-20 21:20:30,167] ERROR: Unexpected status 403 for https://api.hh.ru/vacancies: {"errors":[{"value":"captcha_required","captcha_url":"https://hh.ru/account/captcha?state=pxvcxBozfu7ry7R4QCetFqDzUL2cbK2LGYV-JLOJ644HLrHr0DH6jezFpCb5WIoORh7fkpHCxj4F6mHfOvxRDEdUGwC8-ZjCUqA7hZUsMIc%3D
[2026-01-20 21:20:30,168] INFO: Worker 2 finished area Новоорловск; total collected 119
[2026-01-20 21:20:30,168] INFO: Worker 2 scanning area Первомайский (Забайкальский край) (5105)
[2026-01-20 21:20:30,242] ERROR: Unexpected status 403 for https://api.hh.ru/vacancies: {"errors":[{"value":"captcha_required","captcha_url":"https://hh.ru/account/captcha?state=pxvcxBozfu7ry7R4QCetFqDzUL2cbK2LGYV-JLOJ644HLrHr0DH6jezFpCb5WIoORh7fkpHCxj4F6mHfOvxRDNXqJVifm-pbcyhISfuoSKY%3D
[2026-01-20 21:20:30,242] INFO: Worker 5 finished area Новоцурухайтуй (Забайкальский край); total collected 119
[2026-01-20 21:20:30,242] INFO: Worker 5 scanning area Петровск-Забайкальский (1198)
[2026-01-20 21:20:30,246] ERROR: Unexpected status 403 for https://api.hh.ru/vacancies: {"errors":[{"value":"captcha_required","captcha_url":"https://hh.ru/account/captcha?state=pxvcxBozfu7ry7R4QCetFqDzUL2cbK2LGYV-JLOJ644HLrHr0DH6jezFpCb5WIoORh7fkpHCxj4F6mHfOvxRDG3aDkB3TlWDzCdMF77UagE%3D
[2026-01-20 21:20:30,246] INFO: Worker 4 finished area Новая Чара; total collected 119
[2026-01-20 21:20:30,246] INFO: Worker 4 scanning area Приаргунск (5098)
[2026-01-20 21:20:30,251] ERROR: Unexpected status 403 for https://api.hh.ru/vacancies: {"errors":[{"value":"captcha_required","captcha_url":"https://hh.ru/account/captcha?state=pxvcxBozfu7ry7R4QCetFqDzUL2cbK2LGYV-JLOJ644HLrHr0DH6jezFpCb5WIoORh7fkpHCxj4F6mHfOvxRDBpzXPry6AZVqnd4zTTKkN4%3D
[2026-01-20 21:20:30,252] INFO: Worker 1 finished area Новоширокинский; total collected 119
[2026-01-20 21:20:30,252] INFO: Worker 1 scanning area Приисковый (Забайкальский край) (11422)
[2026-01-20 21:20:30,373] ERROR: Unexpected status 403 for https://api.hh.ru/vacancies: {"errors":[{"value":"captcha_required","captcha_url":"https://hh.ru/account/captcha?state=pxvcxBozfu7ry7R4QCetFqDzUL2cbK2LGYV-JLOJ644HLrHr0DH6jezFpCb5WIoORh7fkpHCxj4F6mHfOvxRDAl9A_P4SRcm7O4__uFZpqo%3D
[2026-01-20 21:20:30,373] INFO: Worker 0 finished area Ононское (Забайкальский край); total collected 119
[2026-01-20 21:20:30,373] INFO: Worker 0 scanning area Сахюрта (Забайкальский край) (11423)
[2026-01-20 21:20:30,375] ERROR: Unexpected status 403 for https://api.hh.ru/vacancies: {"errors":[{"value":"captcha_required","captcha_url":"https://hh.ru/account/captcha?state=pxvcxBozfu7ry7R4QCetFqDzUL2cbK2LGYV-JLOJ644HLrHr0DH6jezFpCb5WIoORh7fkpHCxj4F6mHfOvxRDHcqTKnZwmfLnuzl0SithDs%3D
[2026-01-20 21:20:30,375] INFO: Worker 7 finished area Оловянная; total collected 119
[2026-01-20 21:20:30,375] INFO: Worker 7 scanning area Сбега (6942)
[2026-01-20 21:20:30,458] ERROR: Unexpected status 403 for https://api.hh.ru/vacancies: {"errors":[{"value":"captcha_required","captcha_url":"https://hh.ru/account/captcha?state=pxvcxBozfu7ry7R4QCetFqDzUL2cbK2LGYV-JLOJ644HLrHr0DH6jezFpCb5WIoORh7fkpHCxj4F6mHfOvxRDAlkPy85DFjVZAxjqFr6Si0%3D
[2026-01-20 21:20:30,460] INFO: Worker 6 finished area Ортуй (Забайкальский край); total collected 119
[2026-01-20 21:20:30,460] INFO: Worker 6 scanning area Семиозерный (Забайкальский край) (11424)
[2026-01-20 21:20:30,548] ERROR: Unexpected status 403 for https://api.hh.ru/vacancies: {"errors":[{"value":"captcha_required","captcha_url":"https://hh.ru/account/captcha?state=pxvcxBozfu7ry7R4QCetFqDzUL2cbK2LGYV-JLOJ644HLrHr0DH6jezFpCb5WIoORh7fkpHCxj4F6mHfOvxRDN0zwZYSM24l9CvtWEuqTy4%3D
[2026-01-20 21:20:30,548] INFO: Worker 4 finished area Приаргунск; total collected 119
[2026-01-20 21:20:30,548] INFO: Worker 4 scanning area Смоленка (Забайкальский край) (11425)
[2026-01-20 21:20:30,593] ERROR: Unexpected status 403 for https://api.hh.ru/vacancies: {"errors":[{"value":"captcha_required","captcha_url":"https://hh.ru/account/captcha?state=pxvcxBozfu7ry7R4QCetFqDzUL2cbK2LGYV-JLOJ644HLrHr0DH6jezFpCb5WIoORh7fkpHCxj4F6mHfOvxRDEyZ3f-6djIri_4ZGTk1Rk4%3D
[2026-01-20 21:20:30,593] INFO: Worker 2 finished area Первомайский (Забайкальский край); total collected 119
[2026-01-20 21:20:30,594] INFO: Worker 2 scanning area Сохондо (Забайкальский край) (11426)
[2026-01-20 21:20:30,627] ERROR: Unexpected status 403 for https://api.hh.ru/vacancies: {"errors":[{"value":"captcha_required","captcha_url":"https://hh.ru/account/captcha?state=pxvcxBozfu7ry7R4QCetFqDzUL2cbK2LGYV-JLOJ644HLrHr0DH6jezFpCb5WIoORh7fkpHCxj4F6mHfOvxRDDYQixwbSPzarMDOu5759lc%3D
[2026-01-20 21:20:30,627] INFO: Worker 1 finished area Приисковый (Забайкальский край); total collected 119
[2026-01-20 21:20:30,627] INFO: Worker 1 scanning area Сретенск (1199)
[2026-01-20 21:20:30,658] ERROR: Unexpected status 403 for https://api.hh.ru/vacancies: {"errors":[{"value":"captcha_required","captcha_url":"https://hh.ru/account/captcha?state=pxvcxBozfu7ry7R4QCetFqDzUL2cbK2LGYV-JLOJ644HLrHr0DH6jezFpCb5WIoORh7fkpHCxj4F6mHfOvxRDPXzVAqCn352_GEkQl8oIAg%3D
[2026-01-20 21:20:30,658] INFO: Worker 7 finished area Сбега; total collected 119
[2026-01-20 21:20:30,658] INFO: Worker 7 scanning area Степь (Забайкальский край) (11427)
[2026-01-20 21:20:30,675] ERROR: Unexpected status 403 for https://api.hh.ru/vacancies: {"errors":[{"value":"captcha_required","captcha_url":"https://hh.ru/account/captcha?state=pxvcxBozfu7ry7R4QCetFqDzUL2cbK2LGYV-JLOJ644HLrHr0DH6jezFpCb5WIoORh7fkpHCxj4F6mHfOvxRDFiLlmPpvgamLndRCeatvyc%3D
[2026-01-20 21:20:30,675] INFO: Worker 5 finished area Петровск-Забайкальский; total collected 119
[2026-01-20 21:20:30,675] INFO: Worker 5 scanning area Судунтуй (Забайкальский край) (11428)
[2026-01-20 21:20:30,742] ERROR: Unexpected status 403 for https://api.hh.ru/vacancies: {"errors":[{"value":"captcha_required","captcha_url":"https://hh.ru/account/captcha?state=pxvcxBozfu7ry7R4QCetFqDzUL2cbK2LGYV-JLOJ644HLrHr0DH6jezFpCb5WIoORh7fkpHCxj4F6mHfOvxRDFmX53-m493LT7ZxG_ga2vU%3D
[2026-01-20 21:20:30,742] INFO: Worker 6 finished area Семиозерный (Забайкальский край); total collected 119
[2026-01-20 21:20:30,742] INFO: Worker 6 scanning area Тарбагатай (Забайкальский край) (11429)
[2026-01-20 21:20:30,759] ERROR: Unexpected status 403 for https://api.hh.ru/vacancies: {"errors":[{"value":"captcha_required","captcha_url":"https://hh.ru/account/captcha?state=pxvcxBozfu7ry7R4QCetFqDzUL2cbK2LGYV-JLOJ644HLrHr0DH6jezFpCb5WIoORh7fkpHCxj4F6mHfOvxRDK2Fcsqid7867J7XQH4urPY%3D
[2026-01-20 21:20:30,759] INFO: Worker 3 finished area Орловский (Забайкальский край); total collected 119
[2026-01-20 21:20:30,759] INFO: Worker 3 scanning area Токчин (Забайкальский край) (11430)
[2026-01-20 21:20:30,779] ERROR: Unexpected status 403 for https://api.hh.ru/vacancies: {"errors":[{"value":"captcha_required","captcha_url":"https://hh.ru/account/captcha?state=pxvcxBozfu7ry7R4QCetFqDzUL2cbK2LGYV-JLOJ644HLrHr0DH6jezFpCb5WIoORh7fkpHCxj4F6mHfOvxRDLHoWTSxLKYL0dTVmmJ9lF0%3D
[2026-01-20 21:20:30,779] INFO: Worker 0 finished area Сахюрта (Забайкальский край); total collected 119
[2026-01-20 21:20:30,779] INFO: Worker 0 scanning area Тупик (7399)
[2026-01-20 21:20:30,898] ERROR: Unexpected status 403 for https://api.hh.ru/vacancies: {"errors":[{"value":"captcha_required","captcha_url":"https://hh.ru/account/captcha?state=pxvcxBozfu7ry7R4QCetFqDzUL2cbK2LGYV-JLOJ644HLrHr0DH6jezFpCb5WIoORh7fkpHCxj4F6mHfOvxRDA8OgN0A9U-fYxcHT1ZnVL4%3D
[2026-01-20 21:20:30,899] INFO: Worker 2 finished area Сохондо (Забайкальский край); total collected 119
[2026-01-20 21:20:30,899] INFO: Worker 2 scanning area Тыргетуй (Забайкальский край) (11431)
[2026-01-20 21:20:30,957] ERROR: Unexpected status 403 for https://api.hh.ru/vacancies: {"errors":[{"value":"captcha_required","captcha_url":"https://hh.ru/account/captcha?state=pxvcxBozfu7ry7R4QCetFqDzUL2cbK2LGYV-JLOJ644HLrHr0DH6jezFpCb5WIoORh7fkpHCxj4F6mHfOvxRDHRHPplrUoIcYHqLt3sUyBI%3D
[2026-01-20 21:20:30,957] INFO: Worker 7 finished area Степь (Забайкальский край); total collected 119
[2026-01-20 21:20:30,957] INFO: Worker 7 scanning area Угдан (Забайкальский край) (11432)
[2026-01-20 21:20:30,985] ERROR: Unexpected status 403 for https://api.hh.ru/vacancies: {"errors":[{"value":"captcha_required","captcha_url":"https://hh.ru/account/captcha?state=pxvcxBozfu7ry7R4QCetFqDzUL2cbK2LGYV-JLOJ644HLrHr0DH6jezFpCb5WIoORh7fkpHCxj4F6mHfOvxRDI-qAwTqTAeFJ5bysqKRSco%3D
[2026-01-20 21:20:30,985] INFO: Worker 5 finished area Судунтуй (Забайкальский край); total collected 119
[2026-01-20 21:20:30,985] INFO: Worker 5 scanning area Узон (Забайкальский край) (11433)
[2026-01-20 21:20:30,988] ERROR: Unexpected status 403 for https://api.hh.ru/vacancies: {"errors":[{"value":"captcha_required","captcha_url":"https://hh.ru/account/captcha?state=pxvcxBozfu7ry7R4QCetFqDzUL2cbK2LGYV-JLOJ644HLrHr0DH6jezFpCb5WIoORh7fkpHCxj4F6mHfOvxRDPbTvLAkHp5LtFxsXgkU3OQ%3D
[2026-01-20 21:20:30,988] INFO: Worker 1 finished area Сретенск; total collected 119
[2026-01-20 21:20:30,988] INFO: Worker 1 scanning area Улёты (5100)
[2026-01-20 21:20:31,066] ERROR: Unexpected status 403 for https://api.hh.ru/vacancies: {"errors":[{"value":"captcha_required","captcha_url":"https://hh.ru/account/captcha?state=pxvcxBozfu7ry7R4QCetFqDzUL2cbK2LGYV-JLOJ644HLrHr0DH6jezFpCb5WIoORh7fkpHCxj4F6mHfOvxRDFHB7AcDhlsQUoo8DA2lNIw%3D
[2026-01-20 21:20:31,066] INFO: Worker 3 finished area Токчин (Забайкальский край); total collected 119
[2026-01-20 21:20:31,066] INFO: Worker 3 scanning area Ундино-Поселье (Забайкальский край) (11434)
[2026-01-20 21:20:31,096] ERROR: Unexpected status 403 for https://api.hh.ru/vacancies: {"errors":[{"value":"captcha_required","captcha_url":"https://hh.ru/account/captcha?state=pxvcxBozfu7ry7R4QCetFqDzUL2cbK2LGYV-JLOJ644HLrHr0DH6jezFpCb5WIoORh7fkpHCxj4F6mHfOvxRDF9DqM7qHpDnc5N9A5MQsDM%3D
[2026-01-20 21:20:31,096] INFO: Worker 0 finished area Тупик; total collected 119
[2026-01-20 21:20:31,096] INFO: Worker 0 scanning area Урда-Ага (Забайкальский край) (11444)
[2026-01-20 21:20:31,156] ERROR: Unexpected status 403 for https://api.hh.ru/vacancies: {"errors":[{"value":"captcha_required","captcha_url":"https://hh.ru/account/captcha?state=pxvcxBozfu7ry7R4QCetFqDzUL2cbK2LGYV-JLOJ644HLrHr0DH6jezFpCb5WIoORh7fkpHCxj4F6mHfOvxRDPHYQyVG03ErQpdV7wsNVfQ%3D
[2026-01-20 21:20:31,156] INFO: Worker 6 finished area Тарбагатай (Забайкальский край); total collected 119
[2026-01-20 21:20:31,156] INFO: Worker 6 scanning area Урлук (7301)
[2026-01-20 21:20:31,359] ERROR: Unexpected status 403 for https://api.hh.ru/vacancies: {"errors":[{"value":"captcha_required","captcha_url":"https://hh.ru/account/captcha?state=pxvcxBozfu7ry7R4QCetFqDzUL2cbK2LGYV-JLOJ644HLrHr0DH6jezFpCb5WIoORh7fkpHCxj4F6mHfOvxRDJeMShmEAi2oPCJLppVcTLM%3D
[2026-01-20 21:20:31,359] INFO: Worker 2 finished area Тыргетуй (Забайкальский край); total collected 119
[2026-01-20 21:20:31,359] INFO: Worker 2 scanning area Урульга (7298)
[2026-01-20 21:20:31,371] ERROR: Unexpected status 403 for https://api.hh.ru/vacancies: {"errors":[{"value":"captcha_required","captcha_url":"https://hh.ru/account/captcha?state=pxvcxBozfu7ry7R4QCetFqDzUL2cbK2LGYV-JLOJ644HLrHr0DH6jezFpCb5WIoORh7fkpHCxj4F6mHfOvxRDPpK8qCwJhXR1__gcbpmS7Y%3D
[2026-01-20 21:20:31,371] INFO: Worker 5 finished area Узон (Забайкальский край); total collected 119
[2026-01-20 21:20:31,371] INFO: Worker 5 scanning area Усть-Карск (6938)
[2026-01-20 21:20:31,376] ERROR: Unexpected status 403 for https://api.hh.ru/vacancies: {"errors":[{"value":"captcha_required","captcha_url":"https://hh.ru/account/captcha?state=pxvcxBozfu7ry7R4QCetFqDzUL2cbK2LGYV-JLOJ644HLrHr0DH6jezFpCb5WIoORh7fkpHCxj4F6mHfOvxRDFeyeDttFm296onv8L7AjnM%3D
[2026-01-20 21:20:31,376] INFO: Worker 1 finished area Улёты; total collected 119
[2026-01-20 21:20:31,376] INFO: Worker 1 scanning area Утан (Забайкальский край) (11445)
[2026-01-20 21:20:31,407] ERROR: Unexpected status 403 for https://api.hh.ru/vacancies: {"errors":[{"value":"captcha_required","captcha_url":"https://hh.ru/account/captcha?state=pxvcxBozfu7ry7R4QCetFqDzUL2cbK2LGYV-JLOJ644HLrHr0DH6jezFpCb5WIoORh7fkpHCxj4F6mHfOvxRDCjWcPqPJYB7eC68bQvarCE%3D
[2026-01-20 21:20:31,407] INFO: Worker 6 finished area Урлук; total collected 119
[2026-01-20 21:20:31,407] INFO: Worker 6 scanning area Ушарбай (Забайкальский край) (11446)
[2026-01-20 21:20:31,415] ERROR: Unexpected status 403 for https://api.hh.ru/vacancies: {"errors":[{"value":"captcha_required","captcha_url":"https://hh.ru/account/captcha?state=pxvcxBozfu7ry7R4QCetFqDzUL2cbK2LGYV-JLOJ644HLrHr0DH6jezFpCb5WIoORh7fkpHCxj4F6mHfOvxRDKKB3jw6KGUrSt5mfbMMOQ0%3D
[2026-01-20 21:20:31,415] INFO: Worker 7 finished area Угдан (Забайкальский край); total collected 119
[2026-01-20 21:20:31,415] INFO: Worker 7 scanning area Хада-Булак (Забайкальский край) (11447)
[2026-01-20 21:20:31,473] ERROR: Unexpected status 403 for https://api.hh.ru/vacancies: {"errors":[{"value":"captcha_required","captcha_url":"https://hh.ru/account/captcha?state=pxvcxBozfu7ry7R4QCetFqDzUL2cbK2LGYV-JLOJ644HLrHr0DH6jezFpCb5WIoORh7fkpHCxj4F6mHfOvxRDNfm_k2JFJYWnAgZ3g8ztPw%3D
[2026-01-20 21:20:31,473] INFO: Worker 4 finished area Смоленка (Забайкальский край); total collected 119
[2026-01-20 21:20:31,473] INFO: Worker 4 scanning area Харагун (Забайкальский край) (11448)
[2026-01-20 21:20:31,655] ERROR: Unexpected status 403 for https://api.hh.ru/vacancies: {"errors":[{"value":"captcha_required","captcha_url":"https://hh.ru/account/captcha?state=pxvcxBozfu7ry7R4QCetFqDzUL2cbK2LGYV-JLOJ644HLrHr0DH6jezFpCb5WIoORh7fkpHCxj4F6mHfOvxRDAgMYpmRSnRK0iVEejFrRqQ%3D
[2026-01-20 21:20:31,655] INFO: Worker 2 finished area Урульга; total collected 119
[2026-01-20 21:20:31,655] INFO: Worker 2 scanning area Харанор (Забайкальский край) (11449)
[2026-01-20 21:20:31,657] ERROR: Unexpected status 403 for https://api.hh.ru/vacancies: {"errors":[{"value":"captcha_required","captcha_url":"https://hh.ru/account/captcha?state=pxvcxBozfu7ry7R4QCetFqDzUL2cbK2LGYV-JLOJ644HLrHr0DH6jezFpCb5WIoORh7fkpHCxj4F6mHfOvxRDFFoYJ8zN5ujHSi8REvufc4%3D
[2026-01-20 21:20:31,657] INFO: Worker 1 finished area Утан (Забайкальский край); total collected 119
[2026-01-20 21:20:31,657] INFO: Worker 1 scanning area Хара-Шибирь (Забайкальский край) (11450)
[2026-01-20 21:20:31,694] ERROR: Unexpected status 403 for https://api.hh.ru/vacancies: {"errors":[{"value":"captcha_required","captcha_url":"https://hh.ru/account/captcha?state=pxvcxBozfu7ry7R4QCetFqDzUL2cbK2LGYV-JLOJ644HLrHr0DH6jezFpCb5WIoORh7fkpHCxj4F6mHfOvxRDOmGJ7I6JZ6YVZj3Ea11Zrk%3D
[2026-01-20 21:20:31,695] INFO: Worker 3 finished area Ундино-Поселье (Забайкальский край); total collected 119
[2026-01-20 21:20:31,695] INFO: Worker 3 scanning area Хилок (1200)
[2026-01-20 21:20:31,707] ERROR: Unexpected status 403 for https://api.hh.ru/vacancies: {"errors":[{"value":"captcha_required","captcha_url":"https://hh.ru/account/captcha?state=pxvcxBozfu7ry7R4QCetFqDzUL2cbK2LGYV-JLOJ644HLrHr0DH6jezFpCb5WIoORh7fkpHCxj4F6mHfOvxRDOdr3LlLjWcfn4G3PMYDKyQ%3D
[2026-01-20 21:20:31,707] INFO: Worker 5 finished area Усть-Карск; total collected 119
[2026-01-20 21:20:31,707] INFO: Worker 5 scanning area Холбон (5039)
[2026-01-20 21:20:31,749] ERROR: Unexpected status 403 for https://api.hh.ru/vacancies: {"errors":[{"value":"captcha_required","captcha_url":"https://hh.ru/account/captcha?state=pxvcxBozfu7ry7R4QCetFqDzUL2cbK2LGYV-JLOJ644HLrHr0DH6jezFpCb5WIoORh7fkpHCxj4F6mHfOvxRDHrL2q5vIaIfxATX7T34X18%3D
[2026-01-20 21:20:31,749] INFO: Worker 7 finished area Хада-Булак (Забайкальский край); total collected 119
[2026-01-20 21:20:31,749] INFO: Worker 7 scanning area Хохотуй (7356)
[2026-01-20 21:20:31,753] ERROR: Unexpected status 403 for https://api.hh.ru/vacancies: {"errors":[{"value":"captcha_required","captcha_url":"https://hh.ru/account/captcha?state=pxvcxBozfu7ry7R4QCetFqDzUL2cbK2LGYV-JLOJ644HLrHr0DH6jezFpCb5WIoORh7fkpHCxj4F6mHfOvxRDLAE3Gjd1NUk9I5ATZuOLMM%3D
[2026-01-20 21:20:31,754] INFO: Worker 4 finished area Харагун (Забайкальский край); total collected 119
[2026-01-20 21:20:31,754] INFO: Worker 4 scanning area Хушенга (Забайкальский край) (11451)
[2026-01-20 21:20:31,899] ERROR: Unexpected status 403 for https://api.hh.ru/vacancies: {"errors":[{"value":"captcha_required","captcha_url":"https://hh.ru/account/captcha?state=pxvcxBozfu7ry7R4QCetFqDzUL2cbK2LGYV-JLOJ644HLrHr0DH6jezFpCb5WIoORh7fkpHCxj4F6mHfOvxRDLj4Kufjby5KH0kImcmDWeo%3D
[2026-01-20 21:20:31,899] INFO: Worker 2 finished area Харанор (Забайкальский край); total collected 119
[2026-01-20 21:20:31,899] INFO: Worker 2 scanning area Цаган-Ола (Забайкальский край) (11452)
[2026-01-20 21:20:31,916] ERROR: Unexpected status 403 for https://api.hh.ru/vacancies: {"errors":[{"value":"captcha_required","captcha_url":"https://hh.ru/account/captcha?state=pxvcxBozfu7ry7R4QCetFqDzUL2cbK2LGYV-JLOJ644HLrHr0DH6jezFpCb5WIoORh7fkpHCxj4F6mHfOvxRDBAm29OnTdis6V2jSMzVj18%3D
[2026-01-20 21:20:31,917] INFO: Worker 0 finished area Урда-Ага (Забайкальский край); total collected 119
[2026-01-20 21:20:31,917] INFO: Worker 0 scanning area Цаган-Челутай (Забайкальский край) (11453)
[2026-01-20 21:20:31,970] ERROR: Unexpected status 403 for https://api.hh.ru/vacancies: {"errors":[{"value":"captcha_required","captcha_url":"https://hh.ru/account/captcha?state=pxvcxBozfu7ry7R4QCetFqDzUL2cbK2LGYV-JLOJ644HLrHr0DH6jezFpCb5WIoORh7fkpHCxj4F6mHfOvxRDGTg2IcvI7NFOWa8UF4tOVI%3D
[2026-01-20 21:20:31,970] INFO: Worker 6 finished area Ушарбай (Забайкальский край); total collected 119
[2026-01-20 21:20:31,970] INFO: Worker 6 scanning area Целинный (Забайкальский край) (11454)
[2026-01-20 21:20:32,023] ERROR: Unexpected status 403 for https://api.hh.ru/vacancies: {"errors":[{"value":"captcha_required","captcha_url":"https://hh.ru/account/captcha?state=pxvcxBozfu7ry7R4QCetFqDzUL2cbK2LGYV-JLOJ644HLrHr0DH6jezFpCb5WIoORh7fkpHCxj4F6mHfOvxRDP_furhtBenMghq2K7V1lCY%3D
[2026-01-20 21:20:32,023] INFO: Worker 1 finished area Хара-Шибирь (Забайкальский край); total collected 119
[2026-01-20 21:20:32,023] INFO: Worker 1 scanning area Цокто-Хангил (Забайкальский край) (11455)
[2026-01-20 21:20:32,064] ERROR: Unexpected status 403 for https://api.hh.ru/vacancies: {"errors":[{"value":"captcha_required","captcha_url":"https://hh.ru/account/captcha?state=pxvcxBozfu7ry7R4QCetFqDzUL2cbK2LGYV-JLOJ644HLrHr0DH6jezFpCb5WIoORh7fkpHCxj4F6mHfOvxRDNup-OT5uZP_En54jCmkyGw%3D
[2026-01-20 21:20:32,064] INFO: Worker 7 finished area Хохотуй; total collected 119
[2026-01-20 21:20:32,064] INFO: Worker 7 scanning area Чара (7333)
[2026-01-20 21:20:32,124] ERROR: Unexpected status 403 for https://api.hh.ru/vacancies: {"errors":[{"value":"captcha_required","captcha_url":"https://hh.ru/account/captcha?state=pxvcxBozfu7ry7R4QCetFqDzUL2cbK2LGYV-JLOJ644HLrHr0DH6jezFpCb5WIoORh7fkpHCxj4F6mHfOvxRDOGu4ITiTEAhqMIIanltmu0%3D
[2026-01-20 21:20:32,124] INFO: Worker 4 finished area Хушенга (Забайкальский край); total collected 119
[2026-01-20 21:20:32,124] INFO: Worker 4 scanning area Чернышевск (5101)
[2026-01-20 21:20:32,131] ERROR: Unexpected status 403 for https://api.hh.ru/vacancies: {"errors":[{"value":"captcha_required","captcha_url":"https://hh.ru/account/captcha?state=pxvcxBozfu7ry7R4QCetFqDzUL2cbK2LGYV-JLOJ644HLrHr0DH6jezFpCb5WIoORh7fkpHCxj4F6mHfOvxRDCyCamnuKUNkDH-Hfu3JRYE%3D
[2026-01-20 21:20:32,132] INFO: Worker 5 finished area Холбон; total collected 119
[2026-01-20 21:20:32,132] INFO: Worker 5 scanning area Чиндалей (Забайкальский край) (11456)
[2026-01-20 21:20:32,143] ERROR: Unexpected status 403 for https://api.hh.ru/vacancies: {"errors":[{"value":"captcha_required","captcha_url":"https://hh.ru/account/captcha?state=pxvcxBozfu7ry7R4QCetFqDzUL2cbK2LGYV-JLOJ644HLrHr0DH6jezFpCb5WIoORh7fkpHCxj4F6mHfOvxRDOGkEdF5kPRVUGEtldeOq6w%3D
[2026-01-20 21:20:32,143] INFO: Worker 2 finished area Цаган-Ола (Забайкальский край); total collected 119
[2026-01-20 21:20:32,143] INFO: Worker 2 scanning area Чита (106)
[2026-01-20 21:20:32,168] ERROR: Unexpected status 403 for https://api.hh.ru/vacancies: {"errors":[{"value":"captcha_required","captcha_url":"https://hh.ru/account/captcha?state=pxvcxBozfu7ry7R4QCetFqDzUL2cbK2LGYV-JLOJ644HLrHr0DH6jezFpCb5WIoORh7fkpHCxj4F6mHfOvxRDAwn5vznq0sxeK1_F6b647g%3D
[2026-01-20 21:20:32,169] INFO: Worker 3 finished area Хилок; total collected 119
[2026-01-20 21:20:32,169] INFO: Worker 3 scanning area Шара-Горохон (Забайкальский край) (11457)
[2026-01-20 21:20:32,174] ERROR: Unexpected status 403 for https://api.hh.ru/vacancies: {"errors":[{"value":"captcha_required","captcha_url":"https://hh.ru/account/captcha?state=pxvcxBozfu7ry7R4QCetFqDzUL2cbK2LGYV-JLOJ644HLrHr0DH6jezFpCb5WIoORh7fkpHCxj4F6mHfOvxRDI4FmhtPDc4I9ZU6JUhZTKY%3D
[2026-01-20 21:20:32,174] INFO: Worker 0 finished area Цаган-Челутай (Забайкальский край); total collected 119
[2026-01-20 21:20:32,174] INFO: Worker 0 scanning area Шелопугино (Забайкальский край) (5102)
[2026-01-20 21:20:32,225] ERROR: Unexpected status 403 for https://api.hh.ru/vacancies: {"errors":[{"value":"captcha_required","captcha_url":"https://hh.ru/account/captcha?state=pxvcxBozfu7ry7R4QCetFqDzUL2cbK2LGYV-JLOJ644HLrHr0DH6jezFpCb5WIoORh7fkpHCxj4F6mHfOvxRDF1nQCsWYbyNdddzXsDXPrE%3D
[2026-01-20 21:20:32,225] INFO: Worker 6 finished area Целинный (Забайкальский край); total collected 119
[2026-01-20 21:20:32,225] INFO: Worker 6 scanning area Шерловая Гора (5103)
[2026-01-20 21:20:32,314] ERROR: Unexpected status 403 for https://api.hh.ru/vacancies: {"errors":[{"value":"captcha_required","captcha_url":"https://hh.ru/account/captcha?state=pxvcxBozfu7ry7R4QCetFqDzUL2cbK2LGYV-JLOJ644HLrHr0DH6jezFpCb5WIoORh7fkpHCxj4F6mHfOvxRDGKQ1bBS_aG0jrwqLxCetOk%3D
[2026-01-20 21:20:32,314] INFO: Worker 1 finished area Цокто-Хангил (Забайкальский край); total collected 119
[2026-01-20 21:20:32,314] INFO: Worker 1 scanning area Шилка (1201)
[2026-01-20 21:20:32,385] ERROR: Unexpected status 403 for https://api.hh.ru/vacancies: {"errors":[{"value":"captcha_required","captcha_url":"https://hh.ru/account/captcha?state=pxvcxBozfu7ry7R4QCetFqDzUL2cbK2LGYV-JLOJ644HLrHr0DH6jezFpCb5WIoORh7fkpHCxj4F6mHfOvxRDJaikumYD78DvsVCBtPIdng%3D
[2026-01-20 21:20:32,385] INFO: Worker 5 finished area Чиндалей (Забайкальский край); total collected 119
[2026-01-20 21:20:32,385] INFO: Worker 5 scanning area Широкая (7391)
[2026-01-20 21:20:32,501] ERROR: Unexpected status 403 for https://api.hh.ru/vacancies: {"errors":[{"value":"captcha_required","captcha_url":"https://hh.ru/account/captcha?state=pxvcxBozfu7ry7R4QCetFqDzUL2cbK2LGYV-JLOJ644HLrHr0DH6jezFpCb5WIoORh7fkpHCxj4F6mHfOvxRDN7roqXWvLqv5_NR0eOT_2c%3D
[2026-01-20 21:20:32,501] INFO: Worker 3 finished area Шара-Горохон (Забайкальский край); total collected 119
[2026-01-20 21:20:32,501] INFO: Worker 3 scanning area Ягодный (Забайкальский край) (11077)
[2026-01-20 21:20:32,502] ERROR: Unexpected status 403 for https://api.hh.ru/vacancies: {"errors":[{"value":"captcha_required","captcha_url":"https://hh.ru/account/captcha?state=pxvcxBozfu7ry7R4QCetFqDzUL2cbK2LGYV-JLOJ644HLrHr0DH6jezFpCb5WIoORh7fkpHCxj4F6mHfOvxRDHD6blv0YSoOzqv40HoWbfI%3D
[2026-01-20 21:20:32,502] INFO: Worker 0 finished area Шелопугино (Забайкальский край); total collected 119
[2026-01-20 21:20:32,502] INFO: Worker 0 scanning area Ясная (Забайкальский край) (5109)
[2026-01-20 21:20:32,582] ERROR: Unexpected status 403 for https://api.hh.ru/vacancies: {"errors":[{"value":"captcha_required","captcha_url":"https://hh.ru/account/captcha?state=pxvcxBozfu7ry7R4QCetFqDzUL2cbK2LGYV-JLOJ644HLrHr0DH6jezFpCb5WIoORh7fkpHCxj4F6mHfOvxRDE4QzpsUuLvbNYrlqyFHAqo%3D
[2026-01-20 21:20:32,582] INFO: Worker 7 finished area Чара; total collected 119
[2026-01-20 21:20:32,582] INFO: Worker 7 scanning area Ясногорск (Забайкальский край) (5108)
[2026-01-20 21:20:32,592] ERROR: Unexpected status 403 for https://api.hh.ru/vacancies: {"errors":[{"value":"captcha_required","captcha_url":"https://hh.ru/account/captcha?state=pxvcxBozfu7ry7R4QCetFqDzUL2cbK2LGYV-JLOJ644HLrHr0DH6jezFpCb5WIoORh7fkpHCxj4F6mHfOvxRDJXANbd-Zkd5267_THloOWs%3D
[2026-01-20 21:20:32,592] INFO: Worker 4 finished area Чернышевск; total collected 119
[2026-01-20 21:20:32,592] INFO: Worker 4 scanning area Иркутская область (1124)
[2026-01-20 21:20:32,633] ERROR: Unexpected status 403 for https://api.hh.ru/vacancies: {"errors":[{"value":"captcha_required","captcha_url":"https://hh.ru/account/captcha?state=pxvcxBozfu7ry7R4QCetFqDzUL2cbK2LGYV-JLOJ644HLrHr0DH6jezFpCb5WIoORh7fkpHCxj4F6mHfOvxRDIrowEnXZFsg2Ay670jrGDw%3D
[2026-01-20 21:20:32,634] INFO: Worker 2 finished area Чита; total collected 119
[2026-01-20 21:20:32,634] INFO: Worker 2 scanning area Азей (7419)
[2026-01-20 21:20:32,717] ERROR: Unexpected status 403 for https://api.hh.ru/vacancies: {"errors":[{"value":"captcha_required","captcha_url":"https://hh.ru/account/captcha?state=pxvcxBozfu7ry7R4QCetFqDzUL2cbK2LGYV-JLOJ644HLrHr0DH6jezFpCb5WIoORh7fkpHCxj4F6mHfOvxRDEgAIZtXg9PJBQwXh2NEDvU%3D
[2026-01-20 21:20:32,717] INFO: Worker 6 finished area Шерловая Гора; total collected 119
[2026-01-20 21:20:32,717] INFO: Worker 6 scanning area Алгатуй (7449)
[2026-01-20 21:20:32,732] ERROR: Unexpected status 403 for https://api.hh.ru/vacancies: {"errors":[{"value":"captcha_required","captcha_url":"https://hh.ru/account/captcha?state=pxvcxBozfu7ry7R4QCetFqDzUL2cbK2LGYV-JLOJ644HLrHr0DH6jezFpCb5WIoORh7fkpHCxj4F6mHfOvxRDAaHitvlXMjd4_182MJw6F0%3D
[2026-01-20 21:20:32,732] INFO: Worker 1 finished area Шилка; total collected 119
[2026-01-20 21:20:32,732] INFO: Worker 1 scanning area Алексеевск (4854)
[2026-01-20 21:20:32,799] ERROR: Unexpected status 403 for https://api.hh.ru/vacancies: {"errors":[{"value":"captcha_required","captcha_url":"https://hh.ru/account/captcha?state=pxvcxBozfu7ry7R4QCetFqDzUL2cbK2LGYV-JLOJ644HLrHr0DH6jezFpCb5WIoORh7fkpHCxj4F6mHfOvxRDKK4vA2vq5nsamkhIUDKT6A%3D
[2026-01-20 21:20:32,799] INFO: Worker 3 finished area Ягодный (Забайкальский край); total collected 119
[2026-01-20 21:20:32,799] INFO: Worker 3 scanning area Алзамай (1125)
[2026-01-20 21:20:32,851] ERROR: Unexpected status 403 for https://api.hh.ru/vacancies: {"errors":[{"value":"captcha_required","captcha_url":"https://hh.ru/account/captcha?state=pxvcxBozfu7ry7R4QCetFqDzUL2cbK2LGYV-JLOJ644HLrHr0DH6jezFpCb5WIoORh7fkpHCxj4F6mHfOvxRDAHC0xe38mN6s4-vwQB6D6Y%3D
[2026-01-20 21:20:32,851] INFO: Worker 0 finished area Ясная (Забайкальский край); total collected 119
[2026-01-20 21:20:32,851] INFO: Worker 0 scanning area Ангарск (1126)
[2026-01-20 21:20:32,937] ERROR: Unexpected status 403 for https://api.hh.ru/vacancies: {"errors":[{"value":"captcha_required","captcha_url":"https://hh.ru/account/captcha?state=pxvcxBozfu7ry7R4QCetFqDzUL2cbK2LGYV-JLOJ644HLrHr0DH6jezFpCb5WIoORh7fkpHCxj4F6mHfOvxRDKgK4nPwe7U0-Ur0TElKiUw%3D
[2026-01-20 21:20:32,937] INFO: Worker 2 finished area Азей; total collected 119
[2026-01-20 21:20:32,937] INFO: Worker 2 scanning area Артемовский (Иркутская область) (7340)
[2026-01-20 21:20:32,991] ERROR: Unexpected status 403 for https://api.hh.ru/vacancies: {"errors":[{"value":"captcha_required","captcha_url":"https://hh.ru/account/captcha?state=pxvcxBozfu7ry7R4QCetFqDzUL2cbK2LGYV-JLOJ644HLrHr0DH6jezFpCb5WIoORh7fkpHCxj4F6mHfOvxRDL9lFSN4d7XFgqv99Uy66_8%3D
[2026-01-20 21:20:32,992] INFO: Worker 7 finished area Ясногорск (Забайкальский край); total collected 119
[2026-01-20 21:20:32,992] INFO: Worker 7 scanning area Бадар (7377)
[2026-01-20 21:20:33,002] ERROR: Unexpected status 403 for https://api.hh.ru/vacancies: {"errors":[{"value":"captcha_required","captcha_url":"https://hh.ru/account/captcha?state=pxvcxBozfu7ry7R4QCetFqDzUL2cbK2LGYV-JLOJ644HLrHr0DH6jezFpCb5WIoORh7fkpHCxj4F6mHfOvxRDAw93WRccdDVi2qPJuVLrYE%3D
[2026-01-20 21:20:33,002] INFO: Worker 6 finished area Алгатуй; total collected 119
[2026-01-20 21:20:33,002] INFO: Worker 6 scanning area Байкальск (1127)
[2026-01-20 21:20:33,044] ERROR: Unexpected status 403 for https://api.hh.ru/vacancies: {"errors":[{"value":"captcha_required","captcha_url":"https://hh.ru/account/captcha?state=pxvcxBozfu7ry7R4QCetFqDzUL2cbK2LGYV-JLOJ644HLrHr0DH6jezFpCb5WIoORh7fkpHCxj4F6mHfOvxRDOIObT-SSE8yQntagPWaSv4%3D
[2026-01-20 21:20:33,044] INFO: Worker 1 finished area Алексеевск; total collected 119
[2026-01-20 21:20:33,044] INFO: Worker 1 scanning area Баклаши (11487)
[2026-01-20 21:20:33,059] ERROR: Unexpected status 403 for https://api.hh.ru/vacancies: {"errors":[{"value":"captcha_required","captcha_url":"https://hh.ru/account/captcha?state=pxvcxBozfu7ry7R4QCetFqDzUL2cbK2LGYV-JLOJ644HLrHr0DH6jezFpCb5WIoORh7fkpHCxj4F6mHfOvxRDFsFpYrt0fsEh3LmVpRb0bE%3D
[2026-01-20 21:20:33,059] INFO: Worker 5 finished area Широкая; total collected 119
[2026-01-20 21:20:33,059] INFO: Worker 5 scanning area Балаганск (4855)
[2026-01-20 21:20:33,085] ERROR: Unexpected status 403 for https://api.hh.ru/vacancies: {"errors":[{"value":"captcha_required","captcha_url":"https://hh.ru/account/captcha?state=pxvcxBozfu7ry7R4QCetFqDzUL2cbK2LGYV-JLOJ644HLrHr0DH6jezFpCb5WIoORh7fkpHCxj4F6mHfOvxRDKmKCgjrHIfLvAJfMGfR_Gw%3D
[2026-01-20 21:20:33,086] INFO: Worker 4 finished area Иркутская область; total collected 119
[2026-01-20 21:20:33,086] INFO: Worker 4 scanning area Балахнинский (7420)
[2026-01-20 21:20:33,100] ERROR: Unexpected status 403 for https://api.hh.ru/vacancies: {"errors":[{"value":"captcha_required","captcha_url":"https://hh.ru/account/captcha?state=pxvcxBozfu7ry7R4QCetFqDzUL2cbK2LGYV-JLOJ644HLrHr0DH6jezFpCb5WIoORh7fkpHCxj4F6mHfOvxRDBAJTJK9CD-0jSnGqdMU71I%3D
[2026-01-20 21:20:33,100] INFO: Worker 3 finished area Алзамай; total collected 119
[2026-01-20 21:20:33,100] INFO: Worker 3 scanning area Баяндай (6249)
[2026-01-20 21:20:33,260] ERROR: Unexpected status 403 for https://api.hh.ru/vacancies: {"errors":[{"value":"captcha_required","captcha_url":"https://hh.ru/account/captcha?state=pxvcxBozfu7ry7R4QCetFqDzUL2cbK2LGYV-JLOJ644HLrHr0DH6jezFpCb5WIoORh7fkpHCxj4F6mHfOvxRDPTnLJA-uyacCNuNfjAH428%3D
[2026-01-20 21:20:33,261] INFO: Worker 7 finished area Бадар; total collected 119
[2026-01-20 21:20:33,261] INFO: Worker 7 scanning area Белореченский (4856)
[2026-01-20 21:20:33,281] ERROR: Unexpected status 403 for https://api.hh.ru/vacancies: {"errors":[{"value":"captcha_required","captcha_url":"https://hh.ru/account/captcha?state=pxvcxBozfu7ry7R4QCetFqDzUL2cbK2LGYV-JLOJ644HLrHr0DH6jezFpCb5WIoORh7fkpHCxj4F6mHfOvxRDOiKIXh1oYvvLVDSL-jqeo4%3D
[2026-01-20 21:20:33,281] INFO: Worker 2 finished area Артемовский (Иркутская область); total collected 119
[2026-01-20 21:20:33,281] INFO: Worker 2 scanning area Березняки (7446)
[2026-01-20 21:20:33,293] ERROR: Unexpected status 403 for https://api.hh.ru/vacancies: {"errors":[{"value":"captcha_required","captcha_url":"https://hh.ru/account/captcha?state=pxvcxBozfu7ry7R4QCetFqDzUL2cbK2LGYV-JLOJ644HLrHr0DH6jezFpCb5WIoORh7fkpHCxj4F6mHfOvxRDN0ZCLtLDwBvX3fsWke1PC8%3D
[2026-01-20 21:20:33,293] INFO: Worker 0 finished area Ангарск; total collected 119
[2026-01-20 21:20:33,293] INFO: Worker 0 scanning area Бирюсинск (1128)
[2026-01-20 21:20:33,338] ERROR: Unexpected status 403 for https://api.hh.ru/vacancies: {"errors":[{"value":"captcha_required","captcha_url":"https://hh.ru/account/captcha?state=pxvcxBozfu7ry7R4QCetFqDzUL2cbK2LGYV-JLOJ644HLrHr0DH6jezFpCb5WIoORh7fkpHCxj4F6mHfOvxRDNZm0uUcMhR1cxPeieaMzg8%3D
[2026-01-20 21:20:33,338] INFO: Worker 1 finished area Баклаши; total collected 119
[2026-01-20 21:20:33,338] INFO: Worker 1 scanning area Бодайбо (1129)
[2026-01-20 21:20:33,365] ERROR: Unexpected status 403 for https://api.hh.ru/vacancies: {"errors":[{"value":"captcha_required","captcha_url":"https://hh.ru/account/captcha?state=pxvcxBozfu7ry7R4QCetFqDzUL2cbK2LGYV-JLOJ644HLrHr0DH6jezFpCb5WIoORh7fkpHCxj4F6mHfOvxRDPs9dXviuhBMhjgfvtaLRSA%3D
[2026-01-20 21:20:33,366] INFO: Worker 3 finished area Баяндай; total collected 119
[2026-01-20 21:20:33,366] INFO: Worker 3 scanning area Большая Речка (7442)
[2026-01-20 21:20:33,367] ERROR: Unexpected status 403 for https://api.hh.ru/vacancies: {"errors":[{"value":"captcha_required","captcha_url":"https://hh.ru/account/captcha?state=pxvcxBozfu7ry7R4QCetFqDzUL2cbK2LGYV-JLOJ644HLrHr0DH6jezFpCb5WIoORh7fkpHCxj4F6mHfOvxRDFl4n0_xKDqdCJO5PXgsnG0%3D
[2026-01-20 21:20:33,367] INFO: Worker 4 finished area Балахнинский; total collected 119
[2026-01-20 21:20:33,367] INFO: Worker 4 scanning area Большое Голоустное (11849)
[2026-01-20 21:20:33,570] ERROR: Unexpected status 403 for https://api.hh.ru/vacancies: {"errors":[{"value":"captcha_required","captcha_url":"https://hh.ru/account/captcha?state=pxvcxBozfu7ry7R4QCetFqDzUL2cbK2LGYV-JLOJ644HLrHr0DH6jezFpCb5WIoORh7fkpHCxj4F6mHfOvxRDLq5vT2egRodU5l92YkyGiM%3D
[2026-01-20 21:20:33,571] INFO: Worker 5 finished area Балаганск; total collected 119
[2026-01-20 21:20:33,571] INFO: Worker 5 scanning area Большой Луг (4857)
[2026-01-20 21:20:33,616] ERROR: Unexpected status 403 for https://api.hh.ru/vacancies: {"errors":[{"value":"captcha_required","captcha_url":"https://hh.ru/account/captcha?state=pxvcxBozfu7ry7R4QCetFqDzUL2cbK2LGYV-JLOJ644HLrHr0DH6jezFpCb5WIoORh7fkpHCxj4F6mHfOvxRDMdwyqZKCaEqvnJ9Ve1lbR8%3D
[2026-01-20 21:20:33,616] INFO: Worker 7 finished area Белореченский; total collected 119
[2026-01-20 21:20:33,616] INFO: Worker 7 scanning area Бохан (4858)
[2026-01-20 21:20:33,707] ERROR: Unexpected status 403 for https://api.hh.ru/vacancies: {"errors":[{"value":"captcha_required","captcha_url":"https://hh.ru/account/captcha?state=pxvcxBozfu7ry7R4QCetFqDzUL2cbK2LGYV-JLOJ644HLrHr0DH6jezFpCb5WIoORh7fkpHCxj4F6mHfOvxRDL9eSY_QJ6y0jG2xA7z-InY%3D
[2026-01-20 21:20:33,709] INFO: Worker 0 finished area Бирюсинск; total collected 119
[2026-01-20 21:20:33,710] INFO: Worker 0 scanning area Братск (1130)
[2026-01-20 21:20:33,792] ERROR: Unexpected status 403 for https://api.hh.ru/vacancies: {"errors":[{"value":"captcha_required","captcha_url":"https://hh.ru/account/captcha?state=pxvcxBozfu7ry7R4QCetFqDzUL2cbK2LGYV-JLOJ644HLrHr0DH6jezFpCb5WIoORh7fkpHCxj4F6mHfOvxRDAdfMAglq9onx65itdYerAM%3D
[2026-01-20 21:20:33,792] INFO: Worker 1 finished area Бодайбо; total collected 119
[2026-01-20 21:20:33,792] INFO: Worker 1 scanning area Будагово (7393)
[2026-01-20 21:20:33,812] ERROR: Unexpected status 403 for https://api.hh.ru/vacancies: {"errors":[{"value":"captcha_required","captcha_url":"https://hh.ru/account/captcha?state=pxvcxBozfu7ry7R4QCetFqDzUL2cbK2LGYV-JLOJ644HLrHr0DH6jezFpCb5WIoORh7fkpHCxj4F6mHfOvxRDIhQx78DLvO0KJ_EMrtcRd4%3D
[2026-01-20 21:20:33,813] INFO: Worker 4 finished area Большое Голоустное; total collected 119
[2026-01-20 21:20:33,813] INFO: Worker 4 scanning area Введенщина (6657)
[2026-01-20 21:20:33,818] ERROR: Unexpected status 403 for https://api.hh.ru/vacancies: {"errors":[{"value":"captcha_required","captcha_url":"https://hh.ru/account/captcha?state=pxvcxBozfu7ry7R4QCetFqDzUL2cbK2LGYV-JLOJ644HLrHr0DH6jezFpCb5WIoORh7fkpHCxj4F6mHfOvxRDECVGpoe1uAnztzk2KcFjQo%3D
[2026-01-20 21:20:33,818] INFO: Worker 2 finished area Березняки; total collected 119
[2026-01-20 21:20:33,818] INFO: Worker 2 scanning area Верхнемарково (6746)
[2026-01-20 21:20:34,022] ERROR: Unexpected status 403 for https://api.hh.ru/vacancies: {"errors":[{"value":"captcha_required","captcha_url":"https://hh.ru/account/captcha?state=pxvcxBozfu7ry7R4QCetFqDzUL2cbK2LGYV-JLOJ644HLrHr0DH6jezFpCb5WIoORh7fkpHCxj4F6mHfOvxRDHPijMv2hfs_sra2KivhYcU%3D
[2026-01-20 21:20:34,022] INFO: Worker 7 finished area Бохан; total collected 119
[2026-01-20 21:20:34,023] INFO: Worker 7 scanning area Видим (7351)
[2026-01-20 21:20:34,066] ERROR: Unexpected status 403 for https://api.hh.ru/vacancies: {"errors":[{"value":"captcha_required","captcha_url":"https://hh.ru/account/captcha?state=pxvcxBozfu7ry7R4QCetFqDzUL2cbK2LGYV-JLOJ644HLrHr0DH6jezFpCb5WIoORh7fkpHCxj4F6mHfOvxRDMBooc0UFwTojwh8FAM3H4c%3D
[2026-01-20 21:20:34,067] INFO: Worker 5 finished area Большой Луг; total collected 119
[2026-01-20 21:20:34,067] INFO: Worker 5 scanning area Вихоревка (1131)
[2026-01-20 21:20:34,140] ERROR: Unexpected status 403 for https://api.hh.ru/vacancies: {"errors":[{"value":"captcha_required","captcha_url":"https://hh.ru/account/captcha?state=pxvcxBozfu7ry7R4QCetFqDzUL2cbK2LGYV-JLOJ644HLrHr0DH6jezFpCb5WIoORh7fkpHCxj4F6mHfOvxRDJcAzMEBL7Bxeir6yljb7ec%3D
[2026-01-20 21:20:34,140] INFO: Worker 1 finished area Будагово; total collected 119
[2026-01-20 21:20:34,140] INFO: Worker 1 scanning area Гидростроитель (4864)
[2026-01-20 21:20:34,177] ERROR: Unexpected status 403 for https://api.hh.ru/vacancies: {"errors":[{"value":"captcha_required","captcha_url":"https://hh.ru/account/captcha?state=pxvcxBozfu7ry7R4QCetFqDzUL2cbK2LGYV-JLOJ644HLrHr0DH6jezFpCb5WIoORh7fkpHCxj4F6mHfOvxRDNdabEJxRAI1w-FgrA6J3wY%3D
[2026-01-20 21:20:34,177] INFO: Worker 4 finished area Введенщина; total collected 119
[2026-01-20 21:20:34,177] INFO: Worker 4 scanning area Гуран (7408)
[2026-01-20 21:20:34,219] ERROR: Unexpected status 403 for https://api.hh.ru/vacancies: {"errors":[{"value":"captcha_required","captcha_url":"https://hh.ru/account/captcha?state=pxvcxBozfu7ry7R4QCetFqDzUL2cbK2LGYV-JLOJ644HLrHr0DH6jezFpCb5WIoORh7fkpHCxj4F6mHfOvxRDAEvLZdiemILP7GpQGECBNY%3D
[2026-01-20 21:20:34,219] INFO: Worker 0 finished area Братск; total collected 119
[2026-01-20 21:20:34,219] INFO: Worker 0 scanning area Дзержинск (Иркутская область) (11572)
[2026-01-20 21:20:34,224] ERROR: Unexpected status 403 for https://api.hh.ru/vacancies: {"errors":[{"value":"captcha_required","captcha_url":"https://hh.ru/account/captcha?state=pxvcxBozfu7ry7R4QCetFqDzUL2cbK2LGYV-JLOJ644HLrHr0DH6jezFpCb5WIoORh7fkpHCxj4F6mHfOvxRDCOMAyBemYKcr6fTJp7MbBE%3D
[2026-01-20 21:20:34,224] INFO: Worker 6 finished area Байкальск; total collected 119
[2026-01-20 21:20:34,224] INFO: Worker 6 scanning area Еланцы (4859)
[2026-01-20 21:20:34,233] ERROR: Unexpected status 403 for https://api.hh.ru/vacancies: {"errors":[{"value":"captcha_required","captcha_url":"https://hh.ru/account/captcha?state=pxvcxBozfu7ry7R4QCetFqDzUL2cbK2LGYV-JLOJ644HLrHr0DH6jezFpCb5WIoORh7fkpHCxj4F6mHfOvxRDGqR4WAWdURkcfyOQh0TNBk%3D
[2026-01-20 21:20:34,234] INFO: Worker 2 finished area Верхнемарково; total collected 119
[2026-01-20 21:20:34,234] INFO: Worker 2 scanning area Ербогачен (7311)
[2026-01-20 21:20:34,505] ERROR: Unexpected status 403 for https://api.hh.ru/vacancies: {"errors":[{"value":"captcha_required","captcha_url":"https://hh.ru/account/captcha?state=pxvcxBozfu7ry7R4QCetFqDzUL2cbK2LGYV-JLOJ644HLrHr0DH6jezFpCb5WIoORh7fkpHCxj4F6mHfOvxRDKePOXVvhFkBJgBogSrvZUw%3D
[2026-01-20 21:20:34,506] INFO: Worker 1 finished area Гидростроитель; total collected 119
[2026-01-20 21:20:34,506] INFO: Worker 1 scanning area Железногорск-Илимский (1132)
[2026-01-20 21:20:34,611] ERROR: Unexpected status 403 for https://api.hh.ru/vacancies: {"errors":[{"value":"captcha_required","captcha_url":"https://hh.ru/account/captcha?state=pxvcxBozfu7ry7R4QCetFqDzUL2cbK2LGYV-JLOJ644HLrHr0DH6jezFpCb5WIoORh7fkpHCxj4F6mHfOvxRDDC8-IuKflY1flKxf4gTTBE%3D
[2026-01-20 21:20:34,611] INFO: Worker 6 finished area Еланцы; total collected 119
[2026-01-20 21:20:34,611] INFO: Worker 6 scanning area Железнодорожный (Иркутская область) (4860)
[2026-01-20 21:20:34,655] ERROR: Unexpected status 403 for https://api.hh.ru/vacancies: {"errors":[{"value":"captcha_required","captcha_url":"https://hh.ru/account/captcha?state=pxvcxBozfu7ry7R4QCetFqDzUL2cbK2LGYV-JLOJ644HLrHr0DH6jezFpCb5WIoORh7fkpHCxj4F6mHfOvxRDIfVV1L2e0a3bVKClY6WaY8%3D
[2026-01-20 21:20:34,655] INFO: Worker 3 finished area Большая Речка; total collected 119
[2026-01-20 21:20:34,655] INFO: Worker 3 scanning area Жигалово (4861)
[2026-01-20 21:20:34,675] ERROR: Unexpected status 403 for https://api.hh.ru/vacancies: {"errors":[{"value":"captcha_required","captcha_url":"https://hh.ru/account/captcha?state=pxvcxBozfu7ry7R4QCetFqDzUL2cbK2LGYV-JLOJ644HLrHr0DH6jezFpCb5WIoORh7fkpHCxj4F6mHfOvxRDG4KhSPbp7gbTEa4pMjPfLY%3D
[2026-01-20 21:20:34,675] INFO: Worker 2 finished area Ербогачен; total collected 119
[2026-01-20 21:20:34,675] INFO: Worker 2 scanning area Забитуй (7400)
[2026-01-20 21:20:34,821] ERROR: Unexpected status 403 for https://api.hh.ru/vacancies: {"errors":[{"value":"captcha_required","captcha_url":"https://hh.ru/account/captcha?state=pxvcxBozfu7ry7R4QCetFqDzUL2cbK2LGYV-JLOJ644HLrHr0DH6jezFpCb5WIoORh7fkpHCxj4F6mHfOvxRDFDV41LCtvdACSKXWAHNKLw%3D
[2026-01-20 21:20:34,821] INFO: Worker 4 finished area Гуран; total collected 119
[2026-01-20 21:20:34,821] INFO: Worker 4 scanning area Залари (3716)
[2026-01-20 21:20:34,873] ERROR: Unexpected status 403 for https://api.hh.ru/vacancies: {"errors":[{"value":"captcha_required","captcha_url":"https://hh.ru/account/captcha?state=pxvcxBozfu7ry7R4QCetFqDzUL2cbK2LGYV-JLOJ644HLrHr0DH6jezFpCb5WIoORh7fkpHCxj4F6mHfOvxRDHhUBoVcIPrBMwIHg9bUpWk%3D
[2026-01-20 21:20:34,873] INFO: Worker 7 finished area Видим; total collected 119
[2026-01-20 21:20:34,873] INFO: Worker 7 scanning area Зима (1133)
[2026-01-20 21:20:34,997] ERROR: Unexpected status 403 for https://api.hh.ru/vacancies: {"errors":[{"value":"captcha_required","captcha_url":"https://hh.ru/account/captcha?state=pxvcxBozfu7ry7R4QCetFqDzUL2cbK2LGYV-JLOJ644HLrHr0DH6jezFpCb5WIoORh7fkpHCxj4F6mHfOvxRDAudSHUGoxt_sR-lBljsLLg%3D
[2026-01-20 21:20:34,997] INFO: Worker 5 finished area Вихоревка; total collected 119
[2026-01-20 21:20:34,998] INFO: Worker 5 scanning area Икей (7386)
[2026-01-20 21:20:35,018] ERROR: Unexpected status 403 for https://api.hh.ru/vacancies: {"errors":[{"value":"captcha_required","captcha_url":"https://hh.ru/account/captcha?state=pxvcxBozfu7ry7R4QCetFqDzUL2cbK2LGYV-JLOJ644HLrHr0DH6jezFpCb5WIoORh7fkpHCxj4F6mHfOvxRDBhVE2ukLzfSzJXa4JUW4Ws%3D
[2026-01-20 21:20:35,019] INFO: Worker 2 finished area Забитуй; total collected 119
[2026-01-20 21:20:35,019] INFO: Worker 2 scanning area Иркутск (35)
[2026-01-20 21:20:35,093] ERROR: Unexpected status 403 for https://api.hh.ru/vacancies: {"errors":[{"value":"captcha_required","captcha_url":"https://hh.ru/account/captcha?state=pxvcxBozfu7ry7R4QCetFqDzUL2cbK2LGYV-JLOJ644HLrHr0DH6jezFpCb5WIoORh7fkpHCxj4F6mHfOvxRDBx3U6pEF8PDnidFV8eaCKg%3D
[2026-01-20 21:20:35,093] INFO: Worker 0 finished area Дзержинск (Иркутская область); total collected 119
[2026-01-20 21:20:35,093] INFO: Worker 0 scanning area Каразей (7418)
[2026-01-20 21:20:35,098] ERROR: Unexpected status 403 for https://api.hh.ru/vacancies: {"errors":[{"value":"captcha_required","captcha_url":"https://hh.ru/account/captcha?state=pxvcxBozfu7ry7R4QCetFqDzUL2cbK2LGYV-JLOJ644HLrHr0DH6jezFpCb5WIoORh7fkpHCxj4F6mHfOvxRDLg7gYcAjvzDEm_QUy8vsJo%3D
[2026-01-20 21:20:35,098] INFO: Worker 3 finished area Жигалово; total collected 119
[2026-01-20 21:20:35,098] INFO: Worker 3 scanning area Карымск (7362)
[2026-01-20 21:20:35,192] ERROR: Unexpected status 403 for https://api.hh.ru/vacancies: {"errors":[{"value":"captcha_required","captcha_url":"https://hh.ru/account/captcha?state=pxvcxBozfu7ry7R4QCetFqDzUL2cbK2LGYV-JLOJ644HLrHr0DH6jezFpCb5WIoORh7fkpHCxj4F6mHfOvxRDOtJiwrbKvXip9Sc7HNLYms%3D
[2026-01-20 21:20:35,192] INFO: Worker 4 finished area Залари; total collected 119
[2026-01-20 21:20:35,192] INFO: Worker 4 scanning area Качуг (4862)
[2026-01-20 21:20:35,270] ERROR: Unexpected status 403 for https://api.hh.ru/vacancies: {"errors":[{"value":"captcha_required","captcha_url":"https://hh.ru/account/captcha?state=pxvcxBozfu7ry7R4QCetFqDzUL2cbK2LGYV-JLOJ644HLrHr0DH6jezFpCb5WIoORh7fkpHCxj4F6mHfOvxRDDV0pU_l1og9XgjrnYTIM_o%3D
[2026-01-20 21:20:35,270] INFO: Worker 5 finished area Икей; total collected 119
[2026-01-20 21:20:35,270] INFO: Worker 5 scanning area Квиток (4863)
[2026-01-20 21:20:35,285] ERROR: Unexpected status 403 for https://api.hh.ru/vacancies: {"errors":[{"value":"captcha_required","captcha_url":"https://hh.ru/account/captcha?state=pxvcxBozfu7ry7R4QCetFqDzUL2cbK2LGYV-JLOJ644HLrHr0DH6jezFpCb5WIoORh7fkpHCxj4F6mHfOvxRDObcMbijZg3a44wk7Wqv0VU%3D
[2026-01-20 21:20:35,286] INFO: Worker 6 finished area Железнодорожный (Иркутская область); total collected 119
[2026-01-20 21:20:35,286] INFO: Worker 6 scanning area Кимильтей (7324)
[2026-01-20 21:20:35,386] ERROR: Unexpected status 403 for https://api.hh.ru/vacancies: {"errors":[{"value":"captcha_required","captcha_url":"https://hh.ru/account/captcha?state=pxvcxBozfu7ry7R4QCetFqDzUL2cbK2LGYV-JLOJ644HLrHr0DH6jezFpCb5WIoORh7fkpHCxj4F6mHfOvxRDKKg3WBgfYvJoElrcy75Rp4%3D
[2026-01-20 21:20:35,386] INFO: Worker 7 finished area Зима; total collected 119
[2026-01-20 21:20:35,387] INFO: Worker 7 scanning area Киренск (1134)
[2026-01-20 21:20:35,405] ERROR: Unexpected status 403 for https://api.hh.ru/vacancies: {"errors":[{"value":"captcha_required","captcha_url":"https://hh.ru/account/captcha?state=pxvcxBozfu7ry7R4QCetFqDzUL2cbK2LGYV-JLOJ644HLrHr0DH6jezFpCb5WIoORh7fkpHCxj4F6mHfOvxRDGsW_qzijsXbp9iMwyunSoU%3D
[2026-01-20 21:20:35,405] INFO: Worker 3 finished area Карымск; total collected 119
[2026-01-20 21:20:35,405] INFO: Worker 3 scanning area Куйтун (4865)
[2026-01-20 21:20:35,514] ERROR: Unexpected status 403 for https://api.hh.ru/vacancies: {"errors":[{"value":"captcha_required","captcha_url":"https://hh.ru/account/captcha?state=pxvcxBozfu7ry7R4QCetFqDzUL2cbK2LGYV-JLOJ644HLrHr0DH6jezFpCb5WIoORh7fkpHCxj4F6mHfOvxRDKGotJSIAP3IsEVU0n242G4%3D
[2026-01-20 21:20:35,514] INFO: Worker 1 finished area Железногорск-Илимский; total collected 119
[2026-01-20 21:20:35,514] INFO: Worker 1 scanning area Култук (4866)
[2026-01-20 21:20:35,586] ERROR: Unexpected status 403 for https://api.hh.ru/vacancies: {"errors":[{"value":"captcha_required","captcha_url":"https://hh.ru/account/captcha?state=pxvcxBozfu7ry7R4QCetFqDzUL2cbK2LGYV-JLOJ644HLrHr0DH6jezFpCb5WIoORh7fkpHCxj4F6mHfOvxRDLEK8ysctsHF5R5FUTUHOH0%3D
[2026-01-20 21:20:35,587] INFO: Worker 4 finished area Качуг; total collected 119
[2026-01-20 21:20:35,587] INFO: Worker 4 scanning area Кундуй (7459)
[2026-01-20 21:20:35,611] ERROR: Unexpected status 403 for https://api.hh.ru/vacancies: {"errors":[{"value":"captcha_required","captcha_url":"https://hh.ru/account/captcha?state=pxvcxBozfu7ry7R4QCetFqDzUL2cbK2LGYV-JLOJ644HLrHr0DH6jezFpCb5WIoORh7fkpHCxj4F6mHfOvxRDOo1UlnPyMC16_M9ekIGwKI%3D
[2026-01-20 21:20:35,611] INFO: Worker 2 finished area Иркутск; total collected 119
[2026-01-20 21:20:35,611] INFO: Worker 2 scanning area Кутулик (4867)
[2026-01-20 21:20:35,697] ERROR: Unexpected status 403 for https://api.hh.ru/vacancies: {"errors":[{"value":"captcha_required","captcha_url":"https://hh.ru/account/captcha?state=pxvcxBozfu7ry7R4QCetFqDzUL2cbK2LGYV-JLOJ644HLrHr0DH6jezFpCb5WIoORh7fkpHCxj4F6mHfOvxRDCJi8z3pRseg8qFafxxAjCY%3D
[2026-01-20 21:20:35,697] INFO: Worker 7 finished area Киренск; total collected 119
[2026-01-20 21:20:35,697] INFO: Worker 7 scanning area Лесогорск (4868)
[2026-01-20 21:20:35,732] ERROR: Unexpected status 403 for https://api.hh.ru/vacancies: {"errors":[{"value":"captcha_required","captcha_url":"https://hh.ru/account/captcha?state=pxvcxBozfu7ry7R4QCetFqDzUL2cbK2LGYV-JLOJ644HLrHr0DH6jezFpCb5WIoORh7fkpHCxj4F6mHfOvxRDMOnSb3UtsLi3yIwF23owEM%3D
[2026-01-20 21:20:35,732] INFO: Worker 6 finished area Кимильтей; total collected 119
[2026-01-20 21:20:35,732] INFO: Worker 6 scanning area Листвянка (7329)
[2026-01-20 21:20:35,752] ERROR: Unexpected status 403 for https://api.hh.ru/vacancies: {"errors":[{"value":"captcha_required","captcha_url":"https://hh.ru/account/captcha?state=pxvcxBozfu7ry7R4QCetFqDzUL2cbK2LGYV-JLOJ644HLrHr0DH6jezFpCb5WIoORh7fkpHCxj4F6mHfOvxRDJq_d5j4O5bvnIO5_TIAl90%3D
[2026-01-20 21:20:35,753] INFO: Worker 5 finished area Квиток; total collected 119
[2026-01-20 21:20:35,753] INFO: Worker 5 scanning area Магистральный (4869)
[2026-01-20 21:20:35,784] ERROR: Unexpected status 403 for https://api.hh.ru/vacancies: {"errors":[{"value":"captcha_required","captcha_url":"https://hh.ru/account/captcha?state=pxvcxBozfu7ry7R4QCetFqDzUL2cbK2LGYV-JLOJ644HLrHr0DH6jezFpCb5WIoORh7fkpHCxj4F6mHfOvxRDJoRbITnu2xNz6TRB0EP6YM%3D
[2026-01-20 21:20:35,785] INFO: Worker 3 finished area Куйтун; total collected 119
[2026-01-20 21:20:35,785] INFO: Worker 3 scanning area Мама (4870)
[2026-01-20 21:20:35,806] ERROR: Unexpected status 403 for https://api.hh.ru/vacancies: {"errors":[{"value":"captcha_required","captcha_url":"https://hh.ru/account/captcha?state=pxvcxBozfu7ry7R4QCetFqDzUL2cbK2LGYV-JLOJ644HLrHr0DH6jezFpCb5WIoORh7fkpHCxj4F6mHfOvxRDB8ROrSOXNyAMEgQ2uwhl3Y%3D
[2026-01-20 21:20:35,807] INFO: Worker 0 finished area Каразей; total collected 119
[2026-01-20 21:20:35,807] INFO: Worker 0 scanning area Мамакан (7431)
[2026-01-20 21:20:35,842] ERROR: Unexpected status 403 for https://api.hh.ru/vacancies: {"errors":[{"value":"captcha_required","captcha_url":"https://hh.ru/account/captcha?state=pxvcxBozfu7ry7R4QCetFqDzUL2cbK2LGYV-JLOJ644HLrHr0DH6jezFpCb5WIoORh7fkpHCxj4F6mHfOvxRDPxpTgcaRFBDV3APjg-Cz6c%3D
[2026-01-20 21:20:35,842] INFO: Worker 4 finished area Кундуй; total collected 119
[2026-01-20 21:20:35,842] INFO: Worker 4 scanning area Маркова (4871)
[2026-01-20 21:20:35,931] ERROR: Unexpected status 403 for https://api.hh.ru/vacancies: {"errors":[{"value":"captcha_required","captcha_url":"https://hh.ru/account/captcha?state=pxvcxBozfu7ry7R4QCetFqDzUL2cbK2LGYV-JLOJ644HLrHr0DH6jezFpCb5WIoORh7fkpHCxj4F6mHfOvxRDEHAlPo_t9W8IWged8UvSJ4%3D
[2026-01-20 21:20:35,931] INFO: Worker 1 finished area Култук; total collected 119
[2026-01-20 21:20:35,931] INFO: Worker 1 scanning area Мегет (4872)
[2026-01-20 21:20:35,995] ERROR: Unexpected status 403 for https://api.hh.ru/vacancies: {"errors":[{"value":"captcha_required","captcha_url":"https://hh.ru/account/captcha?state=pxvcxBozfu7ry7R4QCetFqDzUL2cbK2LGYV-JLOJ644HLrHr0DH6jezFpCb5WIoORh7fkpHCxj4F6mHfOvxRDDEPv4JTzq88ApIz-OmJIDo%3D
[2026-01-20 21:20:35,996] INFO: Worker 2 finished area Кутулик; total collected 119
[2026-01-20 21:20:35,996] INFO: Worker 2 scanning area Михайловка (Иркутская область) (4873)
[2026-01-20 21:20:36,045] ERROR: Unexpected status 403 for https://api.hh.ru/vacancies: {"errors":[{"value":"captcha_required","captcha_url":"https://hh.ru/account/captcha?state=pxvcxBozfu7ry7R4QCetFqDzUL2cbK2LGYV-JLOJ644HLrHr0DH6jezFpCb5WIoORh7fkpHCxj4F6mHfOvxRDC426I4GOQZcnpF1gRH7-P4%3D
[2026-01-20 21:20:36,045] INFO: Worker 7 finished area Лесогорск; total collected 119
[2026-01-20 21:20:36,045] INFO: Worker 7 scanning area Мишелевка (4874)
[2026-01-20 21:20:36,060] ERROR: Unexpected status 403 for https://api.hh.ru/vacancies: {"errors":[{"value":"captcha_required","captcha_url":"https://hh.ru/account/captcha?state=pxvcxBozfu7ry7R4QCetFqDzUL2cbK2LGYV-JLOJ644HLrHr0DH6jezFpCb5WIoORh7fkpHCxj4F6mHfOvxRDBzYSpMMUr0w_3IxikyhrRo%3D
[2026-01-20 21:20:36,060] INFO: Worker 6 finished area Листвянка; total collected 119
[2026-01-20 21:20:36,060] INFO: Worker 6 scanning area Молодёжный (Иркутская область) (11980)
[2026-01-20 21:20:36,104] ERROR: Unexpected status 403 for https://api.hh.ru/vacancies: {"errors":[{"value":"captcha_required","captcha_url":"https://hh.ru/account/captcha?state=pxvcxBozfu7ry7R4QCetFqDzUL2cbK2LGYV-JLOJ644HLrHr0DH6jezFpCb5WIoORh7fkpHCxj4F6mHfOvxRDL1DnXl_5mCi3Wr1JBdiyE0%3D
[2026-01-20 21:20:36,104] INFO: Worker 0 finished area Мамакан; total collected 119
[2026-01-20 21:20:36,104] INFO: Worker 0 scanning area Грановщина (11989)
[2026-01-20 21:20:36,166] ERROR: Unexpected status 403 for https://api.hh.ru/vacancies: {"errors":[{"value":"captcha_required","captcha_url":"https://hh.ru/account/captcha?state=pxvcxBozfu7ry7R4QCetFqDzUL2cbK2LGYV-JLOJ644HLrHr0DH6jezFpCb5WIoORh7fkpHCxj4F6mHfOvxRDD5PWbTYPUwN0ZEIKDCXX_Q%3D
[2026-01-20 21:20:36,166] INFO: Worker 5 finished area Магистральный; total collected 119
[2026-01-20 21:20:36,166] INFO: Worker 5 scanning area Нижнеудинск (1135)
[2026-01-20 21:20:36,217] ERROR: Unexpected status 403 for https://api.hh.ru/vacancies: {"errors":[{"value":"captcha_required","captcha_url":"https://hh.ru/account/captcha?state=pxvcxBozfu7ry7R4QCetFqDzUL2cbK2LGYV-JLOJ644HLrHr0DH6jezFpCb5WIoORh7fkpHCxj4F6mHfOvxRDFr7KHzMjDeuInuBF6qljug%3D
[2026-01-20 21:20:36,217] INFO: Worker 4 finished area Маркова; total collected 119
[2026-01-20 21:20:36,217] INFO: Worker 4 scanning area Новая Игирма (4875)
[2026-01-20 21:20:36,229] ERROR: Unexpected status 403 for https://api.hh.ru/vacancies: {"errors":[{"value":"captcha_required","captcha_url":"https://hh.ru/account/captcha?state=pxvcxBozfu7ry7R4QCetFqDzUL2cbK2LGYV-JLOJ644HLrHr0DH6jezFpCb5WIoORh7fkpHCxj4F6mHfOvxRDO7usoJts-ZrWFyB7hEWMPc%3D
[2026-01-20 21:20:36,229] INFO: Worker 3 finished area Мама; total collected 119
[2026-01-20 21:20:36,230] INFO: Worker 3 scanning area Новобирюсинский (4876)
[2026-01-20 21:20:36,251] ERROR: Unexpected status 403 for https://api.hh.ru/vacancies: {"errors":[{"value":"captcha_required","captcha_url":"https://hh.ru/account/captcha?state=pxvcxBozfu7ry7R4QCetFqDzUL2cbK2LGYV-JLOJ644HLrHr0DH6jezFpCb5WIoORh7fkpHCxj4F6mHfOvxRDEXig7xP_1UW1RmZcZcj91E%3D
[2026-01-20 21:20:36,252] INFO: Worker 1 finished area Мегет; total collected 119
[2026-01-20 21:20:36,252] INFO: Worker 1 scanning area Новонукутский (4877)
[2026-01-20 21:20:36,321] ERROR: Unexpected status 403 for https://api.hh.ru/vacancies: {"errors":[{"value":"captcha_required","captcha_url":"https://hh.ru/account/captcha?state=pxvcxBozfu7ry7R4QCetFqDzUL2cbK2LGYV-JLOJ644HLrHr0DH6jezFpCb5WIoORh7fkpHCxj4F6mHfOvxRDGLVInPISU_ez16eLELXFis%3D
[2026-01-20 21:20:36,321] INFO: Worker 7 finished area Мишелевка; total collected 119
[2026-01-20 21:20:36,321] INFO: Worker 7 scanning area Оек (4878)
[2026-01-20 21:20:36,359] ERROR: Unexpected status 403 for https://api.hh.ru/vacancies: {"errors":[{"value":"captcha_required","captcha_url":"https://hh.ru/account/captcha?state=pxvcxBozfu7ry7R4QCetFqDzUL2cbK2LGYV-JLOJ644HLrHr0DH6jezFpCb5WIoORh7fkpHCxj4F6mHfOvxRDIf4GDsl0Xzd2wJYubz437U%3D
[2026-01-20 21:20:36,359] INFO: Worker 6 finished area Молодёжный (Иркутская область); total collected 119
[2026-01-20 21:20:36,359] INFO: Worker 6 scanning area Октябрьский (Иркутская область) (4879)
[2026-01-20 21:20:36,368] ERROR: Unexpected status 403 for https://api.hh.ru/vacancies: {"errors":[{"value":"captcha_required","captcha_url":"https://hh.ru/account/captcha?state=pxvcxBozfu7ry7R4QCetFqDzUL2cbK2LGYV-JLOJ644HLrHr0DH6jezFpCb5WIoORh7fkpHCxj4F6mHfOvxRDEsIId0FUfctqvX2qNiTV_Q%3D
[2026-01-20 21:20:36,368] INFO: Worker 0 finished area Грановщина; total collected 119
[2026-01-20 21:20:36,368] INFO: Worker 0 scanning area Олонки (7394)
[2026-01-20 21:20:36,430] ERROR: Unexpected status 403 for https://api.hh.ru/vacancies: {"errors":[{"value":"captcha_required","captcha_url":"https://hh.ru/account/captcha?state=pxvcxBozfu7ry7R4QCetFqDzUL2cbK2LGYV-JLOJ644HLrHr0DH6jezFpCb5WIoORh7fkpHCxj4F6mHfOvxRDIvXlK3dmMZ63zXLE1FabOE%3D
[2026-01-20 21:20:36,430] INFO: Worker 2 finished area Михайловка (Иркутская область); total collected 119
[2026-01-20 21:20:36,430] INFO: Worker 2 scanning area Ольхон (11189)
[2026-01-20 21:20:36,584] ERROR: Unexpected status 403 for https://api.hh.ru/vacancies: {"errors":[{"value":"captcha_required","captcha_url":"https://hh.ru/account/captcha?state=pxvcxBozfu7ry7R4QCetFqDzUL2cbK2LGYV-JLOJ644HLrHr0DH6jezFpCb5WIoORh7fkpHCxj4F6mHfOvxRDOIZP6NVbaaydchH7bfRbvw%3D
[2026-01-20 21:20:36,584] INFO: Worker 1 finished area Новонукутский; total collected 119
[2026-01-20 21:20:36,584] INFO: Worker 1 scanning area Оса (Иркутская область) (4880)
[2026-01-20 21:20:36,682] ERROR: Unexpected status 403 for https://api.hh.ru/vacancies: {"errors":[{"value":"captcha_required","captcha_url":"https://hh.ru/account/captcha?state=pxvcxBozfu7ry7R4QCetFqDzUL2cbK2LGYV-JLOJ644HLrHr0DH6jezFpCb5WIoORh7fkpHCxj4F6mHfOvxRDBTJAXpj2X8dZAT4VKQqNUk%3D
[2026-01-20 21:20:36,683] INFO: Worker 0 finished area Олонки; total collected 119
[2026-01-20 21:20:36,683] INFO: Worker 0 scanning area Покосное (7321)
[2026-01-20 21:20:36,711] ERROR: Unexpected status 403 for https://api.hh.ru/vacancies: {"errors":[{"value":"captcha_required","captcha_url":"https://hh.ru/account/captcha?state=pxvcxBozfu7ry7R4QCetFqDzUL2cbK2LGYV-JLOJ644HLrHr0DH6jezFpCb5WIoORh7fkpHCxj4F6mHfOvxRDIlmQSUPlsJdCAdnerjSg9k%3D
[2026-01-20 21:20:36,711] INFO: Worker 4 finished area Новая Игирма; total collected 119
[2026-01-20 21:20:36,711] INFO: Worker 4 scanning area Речушка (7378)
[2026-01-20 21:20:36,722] ERROR: Unexpected status 403 for https://api.hh.ru/vacancies: {"errors":[{"value":"captcha_required","captcha_url":"https://hh.ru/account/captcha?state=pxvcxBozfu7ry7R4QCetFqDzUL2cbK2LGYV-JLOJ644HLrHr0DH6jezFpCb5WIoORh7fkpHCxj4F6mHfOvxRDGfItz-7PM2BEntaeQZ8t4k%3D
[2026-01-20 21:20:36,722] INFO: Worker 3 finished area Новобирюсинский; total collected 119
[2026-01-20 21:20:36,722] INFO: Worker 3 scanning area Рудногорск (4881)
[2026-01-20 21:20:36,744] ERROR: Unexpected status 403 for https://api.hh.ru/vacancies: {"errors":[{"value":"captcha_required","captcha_url":"https://hh.ru/account/captcha?state=pxvcxBozfu7ry7R4QCetFqDzUL2cbK2LGYV-JLOJ644HLrHr0DH6jezFpCb5WIoORh7fkpHCxj4F6mHfOvxRDBZgOQiy7PqMIBdlDBjOGcE%3D
[2026-01-20 21:20:36,744] INFO: Worker 7 finished area Оек; total collected 119
[2026-01-20 21:20:36,744] INFO: Worker 7 scanning area Саянск (1136)
[2026-01-20 21:20:36,776] ERROR: Unexpected status 403 for https://api.hh.ru/vacancies: {"errors":[{"value":"captcha_required","captcha_url":"https://hh.ru/account/captcha?state=pxvcxBozfu7ry7R4QCetFqDzUL2cbK2LGYV-JLOJ644HLrHr0DH6jezFpCb5WIoORh7fkpHCxj4F6mHfOvxRDF2c_YU9juEbQub7obpg8ms%3D
[2026-01-20 21:20:36,776] INFO: Worker 2 finished area Ольхон; total collected 119
[2026-01-20 21:20:36,777] INFO: Worker 2 scanning area Свирск (1137)
[2026-01-20 21:20:36,994] ERROR: Unexpected status 403 for https://api.hh.ru/vacancies: {"errors":[{"value":"captcha_required","captcha_url":"https://hh.ru/account/captcha?state=pxvcxBozfu7ry7R4QCetFqDzUL2cbK2LGYV-JLOJ644HLrHr0DH6jezFpCb5WIoORh7fkpHCxj4F6mHfOvxRDIV1x4B-aiWvxojngdUuXq8%3D
[2026-01-20 21:20:36,994] INFO: Worker 0 finished area Покосное; total collected 119
[2026-01-20 21:20:36,994] INFO: Worker 0 scanning area Седаново (7292)
[2026-01-20 21:20:36,997] ERROR: Unexpected status 403 for https://api.hh.ru/vacancies: {"errors":[{"value":"captcha_required","captcha_url":"https://hh.ru/account/captcha?state=pxvcxBozfu7ry7R4QCetFqDzUL2cbK2LGYV-JLOJ644HLrHr0DH6jezFpCb5WIoORh7fkpHCxj4F6mHfOvxRDEo5vkEehA63NaKuQwnNYmU%3D
[2026-01-20 21:20:36,997] INFO: Worker 5 finished area Нижнеудинск; total collected 119
[2026-01-20 21:20:36,997] INFO: Worker 5 scanning area Слюдянка (1138)
[2026-01-20 21:20:36,997] ERROR: Unexpected status 403 for https://api.hh.ru/vacancies: {"errors":[{"value":"captcha_required","captcha_url":"https://hh.ru/account/captcha?state=pxvcxBozfu7ry7R4QCetFqDzUL2cbK2LGYV-JLOJ644HLrHr0DH6jezFpCb5WIoORh7fkpHCxj4F6mHfOvxRDEC3W9cBVbRp7DYSYTgCsrk%3D
[2026-01-20 21:20:36,997] INFO: Worker 4 finished area Речушка; total collected 119
[2026-01-20 21:20:36,997] INFO: Worker 4 scanning area Смоленщина (6519)
[2026-01-20 21:20:37,074] ERROR: Unexpected status 403 for https://api.hh.ru/vacancies: {"errors":[{"value":"captcha_required","captcha_url":"https://hh.ru/account/captcha?state=pxvcxBozfu7ry7R4QCetFqDzUL2cbK2LGYV-JLOJ644HLrHr0DH6jezFpCb5WIoORh7fkpHCxj4F6mHfOvxRDEZ7yEGqU0FVACHRC5YCz_0%3D
[2026-01-20 21:20:37,074] INFO: Worker 1 finished area Оса (Иркутская область); total collected 119
[2026-01-20 21:20:37,074] INFO: Worker 1 scanning area Средний (4882)
[2026-01-20 21:20:37,196] ERROR: Unexpected status 403 for https://api.hh.ru/vacancies: {"errors":[{"value":"captcha_required","captcha_url":"https://hh.ru/account/captcha?state=pxvcxBozfu7ry7R4QCetFqDzUL2cbK2LGYV-JLOJ644HLrHr0DH6jezFpCb5WIoORh7fkpHCxj4F6mHfOvxRDOmJd_AWOMjL_DTbCGrzlUM%3D
[2026-01-20 21:20:37,196] INFO: Worker 7 finished area Саянск; total collected 119
[2026-01-20 21:20:37,196] INFO: Worker 7 scanning area Тайтурка (4883)
[2026-01-20 21:20:37,216] ERROR: Unexpected status 403 for https://api.hh.ru/vacancies: {"errors":[{"value":"captcha_required","captcha_url":"https://hh.ru/account/captcha?state=pxvcxBozfu7ry7R4QCetFqDzUL2cbK2LGYV-JLOJ644HLrHr0DH6jezFpCb5WIoORh7fkpHCxj4F6mHfOvxRDEXAUmcrbf4GJMYTUJQhIDQ%3D
[2026-01-20 21:20:37,216] INFO: Worker 6 finished area Октябрьский (Иркутская область); total collected 119
[2026-01-20 21:20:37,216] INFO: Worker 6 scanning area Тайшет (1139)
[2026-01-20 21:20:37,257] ERROR: Unexpected status 403 for https://api.hh.ru/vacancies: {"errors":[{"value":"captcha_required","captcha_url":"https://hh.ru/account/captcha?state=pxvcxBozfu7ry7R4QCetFqDzUL2cbK2LGYV-JLOJ644HLrHr0DH6jezFpCb5WIoORh7fkpHCxj4F6mHfOvxRDODSZUrNlppA5WM7Fs7fNVY%3D
[2026-01-20 21:20:37,257] INFO: Worker 2 finished area Свирск; total collected 119
[2026-01-20 21:20:37,257] INFO: Worker 2 scanning area Тангуй (7413)
[2026-01-20 21:20:37,258] ERROR: Unexpected status 403 for https://api.hh.ru/vacancies: {"errors":[{"value":"captcha_required","captcha_url":"https://hh.ru/account/captcha?state=pxvcxBozfu7ry7R4QCetFqDzUL2cbK2LGYV-JLOJ644HLrHr0DH6jezFpCb5WIoORh7fkpHCxj4F6mHfOvxRDJLMrFfzZ3NTUEJvzkrlyk8%3D
[2026-01-20 21:20:37,258] INFO: Worker 3 finished area Рудногорск; total collected 119
[2026-01-20 21:20:37,258] INFO: Worker 3 scanning area Тельма (4884)
[2026-01-20 21:20:37,269] ERROR: Unexpected status 403 for https://api.hh.ru/vacancies: {"errors":[{"value":"captcha_required","captcha_url":"https://hh.ru/account/captcha?state=pxvcxBozfu7ry7R4QCetFqDzUL2cbK2LGYV-JLOJ644HLrHr0DH6jezFpCb5WIoORh7fkpHCxj4F6mHfOvxRDICqHwE5A6xagarzizKKFqM%3D
[2026-01-20 21:20:37,269] INFO: Worker 4 finished area Смоленщина; total collected 119
[2026-01-20 21:20:37,269] INFO: Worker 4 scanning area Тубинский (7361)
[2026-01-20 21:20:37,353] ERROR: Unexpected status 403 for https://api.hh.ru/vacancies: {"errors":[{"value":"captcha_required","captcha_url":"https://hh.ru/account/captcha?state=pxvcxBozfu7ry7R4QCetFqDzUL2cbK2LGYV-JLOJ644HLrHr0DH6jezFpCb5WIoORh7fkpHCxj4F6mHfOvxRDBrvLj7-9Z4tUDD7ZUYLJD0%3D
[2026-01-20 21:20:37,353] INFO: Worker 5 finished area Слюдянка; total collected 119
[2026-01-20 21:20:37,353] INFO: Worker 5 scanning area Тулун (1140)
[2026-01-20 21:20:37,491] ERROR: Unexpected status 403 for https://api.hh.ru/vacancies: {"errors":[{"value":"captcha_required","captcha_url":"https://hh.ru/account/captcha?state=pxvcxBozfu7ry7R4QCetFqDzUL2cbK2LGYV-JLOJ644HLrHr0DH6jezFpCb5WIoORh7fkpHCxj4F6mHfOvxRDKs875iz0gRC7tChInTAtG0%3D
[2026-01-20 21:20:37,492] INFO: Worker 1 finished area Средний; total collected 119
[2026-01-20 21:20:37,492] INFO: Worker 1 scanning area Тулюшка (5895)
[2026-01-20 21:20:37,507] ERROR: Unexpected status 403 for https://api.hh.ru/vacancies: {"errors":[{"value":"captcha_required","captcha_url":"https://hh.ru/account/captcha?state=pxvcxBozfu7ry7R4QCetFqDzUL2cbK2LGYV-JLOJ644HLrHr0DH6jezFpCb5WIoORh7fkpHCxj4F6mHfOvxRDO1mvQNk4ni9lR1ZecWnJ8w%3D
[2026-01-20 21:20:37,507] INFO: Worker 7 finished area Тайтурка; total collected 119
[2026-01-20 21:20:37,507] INFO: Worker 7 scanning area Тыреть 1-я (4885)
[2026-01-20 21:20:37,519] ERROR: Unexpected status 403 for https://api.hh.ru/vacancies: {"errors":[{"value":"captcha_required","captcha_url":"https://hh.ru/account/captcha?state=pxvcxBozfu7ry7R4QCetFqDzUL2cbK2LGYV-JLOJ644HLrHr0DH6jezFpCb5WIoORh7fkpHCxj4F6mHfOvxRDJdtXUeLqOrIfHvz-dZWaDw%3D
[2026-01-20 21:20:37,519] INFO: Worker 0 finished area Седаново; total collected 119
[2026-01-20 21:20:37,519] INFO: Worker 0 scanning area Ук (7395)
[2026-01-20 21:20:37,543] ERROR: Unexpected status 403 for https://api.hh.ru/vacancies: {"errors":[{"value":"captcha_required","captcha_url":"https://hh.ru/account/captcha?state=pxvcxBozfu7ry7R4QCetFqDzUL2cbK2LGYV-JLOJ644HLrHr0DH6jezFpCb5WIoORh7fkpHCxj4F6mHfOvxRDJk6cZBTjl3ZeSCezyt4keY%3D
[2026-01-20 21:20:37,543] INFO: Worker 2 finished area Тангуй; total collected 119
[2026-01-20 21:20:37,543] INFO: Worker 2 scanning area Улькан (4886)
[2026-01-20 21:20:37,603] ERROR: Unexpected status 403 for https://api.hh.ru/vacancies: {"errors":[{"value":"captcha_required","captcha_url":"https://hh.ru/account/captcha?state=pxvcxBozfu7ry7R4QCetFqDzUL2cbK2LGYV-JLOJ644HLrHr0DH6jezFpCb5WIoORh7fkpHCxj4F6mHfOvxRDGz_b-r7ujnMKjkjYqDvghY%3D
[2026-01-20 21:20:37,604] INFO: Worker 3 finished area Тельма; total collected 119
[2026-01-20 21:20:37,604] INFO: Worker 3 scanning area Усолье-Сибирское (1141)
[2026-01-20 21:20:37,759] ERROR: Unexpected status 403 for https://api.hh.ru/vacancies: {"errors":[{"value":"captcha_required","captcha_url":"https://hh.ru/account/captcha?state=pxvcxBozfu7ry7R4QCetFqDzUL2cbK2LGYV-JLOJ644HLrHr0DH6jezFpCb5WIoORh7fkpHCxj4F6mHfOvxRDOCUI3meel83OjuUwx4OeWQ%3D
[2026-01-20 21:20:37,759] INFO: Worker 4 finished area Тубинский; total collected 119
[2026-01-20 21:20:37,759] INFO: Worker 4 scanning area Усть-Илимск (1142)
[2026-01-20 21:20:37,779] ERROR: Unexpected status 403 for https://api.hh.ru/vacancies: {"errors":[{"value":"captcha_required","captcha_url":"https://hh.ru/account/captcha?state=pxvcxBozfu7ry7R4QCetFqDzUL2cbK2LGYV-JLOJ644HLrHr0DH6jezFpCb5WIoORh7fkpHCxj4F6mHfOvxRDLHd4ELz9lI2k8g7B8qzIjs%3D
[2026-01-20 21:20:37,779] INFO: Worker 7 finished area Тыреть 1-я; total collected 119
[2026-01-20 21:20:37,779] INFO: Worker 7 scanning area Усть-Кут (1143)
[2026-01-20 21:20:37,800] ERROR: Unexpected status 403 for https://api.hh.ru/vacancies: {"errors":[{"value":"captcha_required","captcha_url":"https://hh.ru/account/captcha?state=pxvcxBozfu7ry7R4QCetFqDzUL2cbK2LGYV-JLOJ644HLrHr0DH6jezFpCb5WIoORh7fkpHCxj4F6mHfOvxRDG45lqIDXcW9dghYQn8SF8g%3D
[2026-01-20 21:20:37,800] INFO: Worker 5 finished area Тулун; total collected 119
[2026-01-20 21:20:37,801] INFO: Worker 5 scanning area Усть-Ордынский (217)
[2026-01-20 21:20:37,802] ERROR: Unexpected status 403 for https://api.hh.ru/vacancies: {"errors":[{"value":"captcha_required","captcha_url":"https://hh.ru/account/captcha?state=pxvcxBozfu7ry7R4QCetFqDzUL2cbK2LGYV-JLOJ644HLrHr0DH6jezFpCb5WIoORh7fkpHCxj4F6mHfOvxRDD6HDs2u9_NofZqHJXVNXxM%3D
[2026-01-20 21:20:37,802] INFO: Worker 6 finished area Тайшет; total collected 119
[2026-01-20 21:20:37,802] INFO: Worker 6 scanning area Усть-Уда (4887)
[2026-01-20 21:20:37,843] ERROR: Unexpected status 403 for https://api.hh.ru/vacancies: {"errors":[{"value":"captcha_required","captcha_url":"https://hh.ru/account/captcha?state=pxvcxBozfu7ry7R4QCetFqDzUL2cbK2LGYV-JLOJ644HLrHr0DH6jezFpCb5WIoORh7fkpHCxj4F6mHfOvxRDLsP4jJ-XkwVdZpMJcVdo2g%3D
[2026-01-20 21:20:37,843] INFO: Worker 2 finished area Улькан; total collected 119
[2026-01-20 21:20:37,843] INFO: Worker 2 scanning area Уян (7322)
[2026-01-20 21:20:37,892] ERROR: Unexpected status 403 for https://api.hh.ru/vacancies: {"errors":[{"value":"captcha_required","captcha_url":"https://hh.ru/account/captcha?state=pxvcxBozfu7ry7R4QCetFqDzUL2cbK2LGYV-JLOJ644HLrHr0DH6jezFpCb5WIoORh7fkpHCxj4F6mHfOvxRDATmLceGoyIlgsPW09Q-Xys%3D
[2026-01-20 21:20:37,892] INFO: Worker 0 finished area Ук; total collected 119
[2026-01-20 21:20:37,892] INFO: Worker 0 scanning area Харик (7387)
[2026-01-20 21:20:38,110] ERROR: Unexpected status 403 for https://api.hh.ru/vacancies: {"errors":[{"value":"captcha_required","captcha_url":"https://hh.ru/account/captcha?state=pxvcxBozfu7ry7R4QCetFqDzUL2cbK2LGYV-JLOJ644HLrHr0DH6jezFpCb5WIoORh7fkpHCxj4F6mHfOvxRDGYEe9-FsKG1bOLsU_OpWV8%3D
[2026-01-20 21:20:38,110] INFO: Worker 2 finished area Уян; total collected 119
[2026-01-20 21:20:38,110] INFO: Worker 2 scanning area Хомутово (Иркутская область) (4888)
[2026-01-20 21:20:38,166] ERROR: Unexpected status 403 for https://api.hh.ru/vacancies: {"errors":[{"value":"captcha_required","captcha_url":"https://hh.ru/account/captcha?state=pxvcxBozfu7ry7R4QCetFqDzUL2cbK2LGYV-JLOJ644HLrHr0DH6jezFpCb5WIoORh7fkpHCxj4F6mHfOvxRDK8h4Mb3vs2O3EB8dpVvpdo%3D
[2026-01-20 21:20:38,167] INFO: Worker 6 finished area Усть-Уда; total collected 119
[2026-01-20 21:20:38,167] INFO: Worker 6 scanning area Черемушки (4891)
[2026-01-20 21:20:38,183] ERROR: Unexpected status 403 for https://api.hh.ru/vacancies: {"errors":[{"value":"captcha_required","captcha_url":"https://hh.ru/account/captcha?state=pxvcxBozfu7ry7R4QCetFqDzUL2cbK2LGYV-JLOJ644HLrHr0DH6jezFpCb5WIoORh7fkpHCxj4F6mHfOvxRDEIspvyDloo4Pqe4pi4kZTg%3D
[2026-01-20 21:20:38,183] INFO: Worker 1 finished area Тулюшка; total collected 119
[2026-01-20 21:20:38,183] INFO: Worker 1 scanning area Черемхово (1144)
[2026-01-20 21:20:38,192] ERROR: Unexpected status 403 for https://api.hh.ru/vacancies: {"errors":[{"value":"captcha_required","captcha_url":"https://hh.ru/account/captcha?state=pxvcxBozfu7ry7R4QCetFqDzUL2cbK2LGYV-JLOJ644HLrHr0DH6jezFpCb5WIoORh7fkpHCxj4F6mHfOvxRDJqd5aaolS4rbGVCAR54MjI%3D
[2026-01-20 21:20:38,192] INFO: Worker 7 finished area Усть-Кут; total collected 119
[2026-01-20 21:20:38,192] INFO: Worker 7 scanning area Чунский (4889)
[2026-01-20 21:20:38,243] ERROR: Unexpected status 403 for https://api.hh.ru/vacancies: {"errors":[{"value":"captcha_required","captcha_url":"https://hh.ru/account/captcha?state=pxvcxBozfu7ry7R4QCetFqDzUL2cbK2LGYV-JLOJ644HLrHr0DH6jezFpCb5WIoORh7fkpHCxj4F6mHfOvxRDFaKx0CKfqmnSTIClXMri-c%3D
[2026-01-20 21:20:38,243] INFO: Worker 0 finished area Харик; total collected 119
[2026-01-20 21:20:38,243] INFO: Worker 0 scanning area Шелехов (1145)
[2026-01-20 21:20:38,395] ERROR: Unexpected status 403 for https://api.hh.ru/vacancies: {"errors":[{"value":"captcha_required","captcha_url":"https://hh.ru/account/captcha?state=pxvcxBozfu7ry7R4QCetFqDzUL2cbK2LGYV-JLOJ644HLrHr0DH6jezFpCb5WIoORh7fkpHCxj4F6mHfOvxRDGG5OYfHWyde9pVjsP98cIU%3D
[2026-01-20 21:20:38,395] INFO: Worker 3 finished area Усолье-Сибирское; total collected 119
[2026-01-20 21:20:38,395] INFO: Worker 3 scanning area Шелехово (7414)
[2026-01-20 21:20:38,520] ERROR: Unexpected status 403 for https://api.hh.ru/vacancies: {"errors":[{"value":"captcha_required","captcha_url":"https://hh.ru/account/captcha?state=pxvcxBozfu7ry7R4QCetFqDzUL2cbK2LGYV-JLOJ644HLrHr0DH6jezFpCb5WIoORh7fkpHCxj4F6mHfOvxRDMNzFxVBu-UQY3HK_rSO1cs%3D
[2026-01-20 21:20:38,521] INFO: Worker 2 finished area Хомутово (Иркутская область); total collected 119
[2026-01-20 21:20:38,521] INFO: Worker 2 scanning area Шиткино (7350)
[2026-01-20 21:20:38,585] ERROR: Unexpected status 403 for https://api.hh.ru/vacancies: {"errors":[{"value":"captcha_required","captcha_url":"https://hh.ru/account/captcha?state=pxvcxBozfu7ry7R4QCetFqDzUL2cbK2LGYV-JLOJ644HLrHr0DH6jezFpCb5WIoORh7fkpHCxj4F6mHfOvxRDHrAf_Mb2EIqNMFB33urzwY%3D
[2026-01-20 21:20:38,586] INFO: Worker 4 finished area Усть-Илимск; total collected 119
[2026-01-20 21:20:38,586] INFO: Worker 4 scanning area Шумский (7404)
[2026-01-20 21:20:38,705] ERROR: Unexpected status 403 for https://api.hh.ru/vacancies: {"errors":[{"value":"captcha_required","captcha_url":"https://hh.ru/account/captcha?state=pxvcxBozfu7ry7R4QCetFqDzUL2cbK2LGYV-JLOJ644HLrHr0DH6jezFpCb5WIoORh7fkpHCxj4F6mHfOvxRDAWACgMqWmweCnsRSF1Gb-U%3D
[2026-01-20 21:20:38,705] INFO: Worker 3 finished area Шелехово; total collected 119
[2026-01-20 21:20:38,706] INFO: Worker 3 scanning area Эдучанка (7289)
[2026-01-20 21:20:38,737] ERROR: Unexpected status 403 for https://api.hh.ru/vacancies: {"errors":[{"value":"captcha_required","captcha_url":"https://hh.ru/account/captcha?state=pxvcxBozfu7ry7R4QCetFqDzUL2cbK2LGYV-JLOJ644HLrHr0DH6jezFpCb5WIoORh7fkpHCxj4F6mHfOvxRDM-lucILzMyVo4ohEV0BFoM%3D
[2026-01-20 21:20:38,737] INFO: Worker 5 finished area Усть-Ордынский; total collected 119
[2026-01-20 21:20:38,738] INFO: Worker 5 scanning area Юрты (4890)
[2026-01-20 21:20:38,755] ERROR: Unexpected status 403 for https://api.hh.ru/vacancies: {"errors":[{"value":"captcha_required","captcha_url":"https://hh.ru/account/captcha?state=pxvcxBozfu7ry7R4QCetFqDzUL2cbK2LGYV-JLOJ644HLrHr0DH6jezFpCb5WIoORh7fkpHCxj4F6mHfOvxRDEsVRevDdT5b0Nifvhu1_ro%3D
[2026-01-20 21:20:38,755] INFO: Worker 0 finished area Шелехов; total collected 119
[2026-01-20 21:20:38,755] INFO: Worker 0 scanning area Янталь (7349)
[2026-01-20 21:20:38,780] ERROR: Unexpected status 403 for https://api.hh.ru/vacancies: {"errors":[{"value":"captcha_required","captcha_url":"https://hh.ru/account/captcha?state=pxvcxBozfu7ry7R4QCetFqDzUL2cbK2LGYV-JLOJ644HLrHr0DH6jezFpCb5WIoORh7fkpHCxj4F6mHfOvxRDHXROlYay69hYnd416MvAlU%3D
[2026-01-20 21:20:38,781] INFO: Worker 2 finished area Шиткино; total collected 119
[2026-01-20 21:20:38,781] INFO: Worker 2 scanning area Красноярский край (1146)
[2026-01-20 21:20:38,796] ERROR: Unexpected status 403 for https://api.hh.ru/vacancies: {"errors":[{"value":"captcha_required","captcha_url":"https://hh.ru/account/captcha?state=pxvcxBozfu7ry7R4QCetFqDzUL2cbK2LGYV-JLOJ644HLrHr0DH6jezFpCb5WIoORh7fkpHCxj4F6mHfOvxRDK0hzecHZ8LVWUMQ8sHFZI4%3D
[2026-01-20 21:20:38,796] INFO: Worker 7 finished area Чунский; total collected 119
[2026-01-20 21:20:38,797] INFO: Worker 7 scanning area Абалаково (7381)
[2026-01-20 21:20:38,870] ERROR: Unexpected status 403 for https://api.hh.ru/vacancies: {"errors":[{"value":"captcha_required","captcha_url":"https://hh.ru/account/captcha?state=pxvcxBozfu7ry7R4QCetFqDzUL2cbK2LGYV-JLOJ644HLrHr0DH6jezFpCb5WIoORh7fkpHCxj4F6mHfOvxRDMCNjb-9YbS2cPku7_AXnJU%3D
[2026-01-20 21:20:38,870] INFO: Worker 6 finished area Черемушки; total collected 119
[2026-01-20 21:20:38,870] INFO: Worker 6 scanning area Абан (4741)
[2026-01-20 21:20:38,997] ERROR: Unexpected status 403 for https://api.hh.ru/vacancies: {"errors":[{"value":"captcha_required","captcha_url":"https://hh.ru/account/captcha?state=pxvcxBozfu7ry7R4QCetFqDzUL2cbK2LGYV-JLOJ644HLrHr0DH6jezFpCb5WIoORh7fkpHCxj4F6mHfOvxRDEdUVHu7-Af4N4OExrTonUA%3D
[2026-01-20 21:20:38,997] INFO: Worker 3 finished area Эдучанка; total collected 119
[2026-01-20 21:20:38,998] INFO: Worker 3 scanning area Агинское (4742)
[2026-01-20 21:20:39,054] ERROR: Unexpected status 403 for https://api.hh.ru/vacancies: {"errors":[{"value":"captcha_required","captcha_url":"https://hh.ru/account/captcha?state=pxvcxBozfu7ry7R4QCetFqDzUL2cbK2LGYV-JLOJ644HLrHr0DH6jezFpCb5WIoORh7fkpHCxj4F6mHfOvxRDP-Z8g3SY3dKWK2EdJe86uM%3D
[2026-01-20 21:20:39,054] INFO: Worker 5 finished area Юрты; total collected 119
[2026-01-20 21:20:39,054] INFO: Worker 5 scanning area Ангарский (7369)
[2026-01-20 21:20:39,069] ERROR: Unexpected status 403 for https://api.hh.ru/vacancies: {"errors":[{"value":"captcha_required","captcha_url":"https://hh.ru/account/captcha?state=pxvcxBozfu7ry7R4QCetFqDzUL2cbK2LGYV-JLOJ644HLrHr0DH6jezFpCb5WIoORh7fkpHCxj4F6mHfOvxRDDmc1m_zQy8MOJJ7uBH3bEQ%3D
[2026-01-20 21:20:39,069] INFO: Worker 4 finished area Шумский; total collected 119
[2026-01-20 21:20:39,069] INFO: Worker 4 scanning area Артемовск (Красноярский край) (1147)
[2026-01-20 21:20:39,103] ERROR: Unexpected status 403 for https://api.hh.ru/vacancies: {"errors":[{"value":"captcha_required","captcha_url":"https://hh.ru/account/captcha?state=pxvcxBozfu7ry7R4QCetFqDzUL2cbK2LGYV-JLOJ644HLrHr0DH6jezFpCb5WIoORh7fkpHCxj4F6mHfOvxRDAwiceyptq331kK7OdMBMno%3D
[2026-01-20 21:20:39,103] INFO: Worker 0 finished area Янталь; total collected 119
[2026-01-20 21:20:39,104] INFO: Worker 0 scanning area Ачинск (1148)
[2026-01-20 21:20:39,109] ERROR: Unexpected status 403 for https://api.hh.ru/vacancies: {"errors":[{"value":"captcha_required","captcha_url":"https://hh.ru/account/captcha?state=pxvcxBozfu7ry7R4QCetFqDzUL2cbK2LGYV-JLOJ644HLrHr0DH6jezFpCb5WIoORh7fkpHCxj4F6mHfOvxRDEP-mY1KpqeCZjDHZz-WaLw%3D
[2026-01-20 21:20:39,109] INFO: Worker 7 finished area Абалаково; total collected 119
[2026-01-20 21:20:39,109] INFO: Worker 7 scanning area Байкит (4743)
[2026-01-20 21:20:39,218] ERROR: Unexpected status 403 for https://api.hh.ru/vacancies: {"errors":[{"value":"captcha_required","captcha_url":"https://hh.ru/account/captcha?state=pxvcxBozfu7ry7R4QCetFqDzUL2cbK2LGYV-JLOJ644HLrHr0DH6jezFpCb5WIoORh7fkpHCxj4F6mHfOvxRDFQrIhla_S0BLltI378_S_M%3D
[2026-01-20 21:20:39,218] INFO: Worker 1 finished area Черемхово; total collected 119
[2026-01-20 21:20:39,218] INFO: Worker 1 scanning area Балахта (Красноярский край) (3664)
[2026-01-20 21:20:39,356] ERROR: Unexpected status 403 for https://api.hh.ru/vacancies: {"errors":[{"value":"captcha_required","captcha_url":"https://hh.ru/account/captcha?state=pxvcxBozfu7ry7R4QCetFqDzUL2cbK2LGYV-JLOJ644HLrHr0DH6jezFpCb5WIoORh7fkpHCxj4F6mHfOvxRDOj6YFHN_67rythMq5dkh5I%3D
[2026-01-20 21:20:39,356] INFO: Worker 6 finished area Абан; total collected 119
[2026-01-20 21:20:39,356] INFO: Worker 6 scanning area Беллык (7410)
[2026-01-20 21:20:39,423] ERROR: Unexpected status 403 for https://api.hh.ru/vacancies: {"errors":[{"value":"captcha_required","captcha_url":"https://hh.ru/account/captcha?state=pxvcxBozfu7ry7R4QCetFqDzUL2cbK2LGYV-JLOJ644HLrHr0DH6jezFpCb5WIoORh7fkpHCxj4F6mHfOvxRDDQwTJlLIp1BU4QgzyS2iHk%3D
[2026-01-20 21:20:39,423] INFO: Worker 3 finished area Агинское; total collected 119
[2026-01-20 21:20:39,423] INFO: Worker 3 scanning area Березовка (Красноярский край) (4744)
[2026-01-20 21:20:39,435] ERROR: Unexpected status 403 for https://api.hh.ru/vacancies: {"errors":[{"value":"captcha_required","captcha_url":"https://hh.ru/account/captcha?state=pxvcxBozfu7ry7R4QCetFqDzUL2cbK2LGYV-JLOJ644HLrHr0DH6jezFpCb5WIoORh7fkpHCxj4F6mHfOvxRDJEpSY1u7WBmNc8cslqMdDs%3D
[2026-01-20 21:20:39,435] INFO: Worker 2 finished area Красноярский край; total collected 119
[2026-01-20 21:20:39,435] INFO: Worker 2 scanning area Березовское (7425)
[2026-01-20 21:20:39,518] ERROR: Unexpected status 403 for https://api.hh.ru/vacancies: {"errors":[{"value":"captcha_required","captcha_url":"https://hh.ru/account/captcha?state=pxvcxBozfu7ry7R4QCetFqDzUL2cbK2LGYV-JLOJ644HLrHr0DH6jezFpCb5WIoORh7fkpHCxj4F6mHfOvxRDE9otHzQhttpOhytIHOrQUY%3D
[2026-01-20 21:20:39,518] INFO: Worker 4 finished area Артемовск (Красноярский край); total collected 119
[2026-01-20 21:20:39,519] INFO: Worker 4 scanning area Боготол (1149)
[2026-01-20 21:20:39,547] ERROR: Unexpected status 403 for https://api.hh.ru/vacancies: {"errors":[{"value":"captcha_required","captcha_url":"https://hh.ru/account/captcha?state=pxvcxBozfu7ry7R4QCetFqDzUL2cbK2LGYV-JLOJ644HLrHr0DH6jezFpCb5WIoORh7fkpHCxj4F6mHfOvxRDC77pKsDuhJtxdy6x0Z1B1I%3D
[2026-01-20 21:20:39,547] INFO: Worker 7 finished area Байкит; total collected 119
[2026-01-20 21:20:39,547] INFO: Worker 7 scanning area Богучаны (2506)
[2026-01-20 21:20:39,579] ERROR: Unexpected status 403 for https://api.hh.ru/vacancies: {"errors":[{"value":"captcha_required","captcha_url":"https://hh.ru/account/captcha?state=pxvcxBozfu7ry7R4QCetFqDzUL2cbK2LGYV-JLOJ644HLrHr0DH6jezFpCb5WIoORh7fkpHCxj4F6mHfOvxRDFLOooz2yiEFMsEwMxCa_nU%3D
[2026-01-20 21:20:39,579] INFO: Worker 0 finished area Ачинск; total collected 119
[2026-01-20 21:20:39,579] INFO: Worker 0 scanning area Большая Иня (7295)
[2026-01-20 21:20:39,630] ERROR: Unexpected status 403 for https://api.hh.ru/vacancies: {"errors":[{"value":"captcha_required","captcha_url":"https://hh.ru/account/captcha?state=pxvcxBozfu7ry7R4QCetFqDzUL2cbK2LGYV-JLOJ644HLrHr0DH6jezFpCb5WIoORh7fkpHCxj4F6mHfOvxRDHnS2NaiBbXKSV4FGilBJZI%3D
[2026-01-20 21:20:39,631] INFO: Worker 6 finished area Беллык; total collected 119
[2026-01-20 21:20:39,631] INFO: Worker 6 scanning area Большая Ирба (4745)
[2026-01-20 21:20:39,663] ERROR: Unexpected status 403 for https://api.hh.ru/vacancies: {"errors":[{"value":"captcha_required","captcha_url":"https://hh.ru/account/captcha?state=pxvcxBozfu7ry7R4QCetFqDzUL2cbK2LGYV-JLOJ644HLrHr0DH6jezFpCb5WIoORh7fkpHCxj4F6mHfOvxRDO_GGslWxYb8osogZBcSt7M%3D
[2026-01-20 21:20:39,663] INFO: Worker 5 finished area Ангарский; total collected 119
[2026-01-20 21:20:39,663] INFO: Worker 5 scanning area Большая Мурта (4597)
[2026-01-20 21:20:39,765] ERROR: Unexpected status 403 for https://api.hh.ru/vacancies: {"errors":[{"value":"captcha_required","captcha_url":"https://hh.ru/account/captcha?state=pxvcxBozfu7ry7R4QCetFqDzUL2cbK2LGYV-JLOJ644HLrHr0DH6jezFpCb5WIoORh7fkpHCxj4F6mHfOvxRDKtFqGM2E3jGgOcWciaYLaE%3D
[2026-01-20 21:20:39,765] INFO: Worker 2 finished area Березовское; total collected 119
[2026-01-20 21:20:39,765] INFO: Worker 2 scanning area Большая Уря (7376)
[2026-01-20 21:20:39,803] ERROR: Unexpected status 403 for https://api.hh.ru/vacancies: {"errors":[{"value":"captcha_required","captcha_url":"https://hh.ru/account/captcha?state=pxvcxBozfu7ry7R4QCetFqDzUL2cbK2LGYV-JLOJ644HLrHr0DH6jezFpCb5WIoORh7fkpHCxj4F6mHfOvxRDLPdiaRHqEnI_bIYzU6sM-g%3D
[2026-01-20 21:20:39,803] INFO: Worker 1 finished area Балахта (Красноярский край); total collected 119
[2026-01-20 21:20:39,803] INFO: Worker 1 scanning area Большой Улуй (4746)
[2026-01-20 21:20:39,871] ERROR: Unexpected status 403 for https://api.hh.ru/vacancies: {"errors":[{"value":"captcha_required","captcha_url":"https://hh.ru/account/captcha?state=pxvcxBozfu7ry7R4QCetFqDzUL2cbK2LGYV-JLOJ644HLrHr0DH6jezFpCb5WIoORh7fkpHCxj4F6mHfOvxRDFNdQDWtkK_ygpv-h2wXnO4%3D
[2026-01-20 21:20:39,871] INFO: Worker 0 finished area Большая Иня; total collected 119
[2026-01-20 21:20:39,872] INFO: Worker 0 scanning area Бор (Красноярский край) (11960)
[2026-01-20 21:20:39,892] ERROR: Unexpected status 403 for https://api.hh.ru/vacancies: {"errors":[{"value":"captcha_required","captcha_url":"https://hh.ru/account/captcha?state=pxvcxBozfu7ry7R4QCetFqDzUL2cbK2LGYV-JLOJ644HLrHr0DH6jezFpCb5WIoORh7fkpHCxj4F6mHfOvxRDNKHUSBlDXkYPgLeeO_vAW4%3D
[2026-01-20 21:20:39,892] INFO: Worker 6 finished area Большая Ирба; total collected 119
[2026-01-20 21:20:39,892] INFO: Worker 6 scanning area Бородино (1150)
[2026-01-20 21:20:40,022] ERROR: Unexpected status 403 for https://api.hh.ru/vacancies: {"errors":[{"value":"captcha_required","captcha_url":"https://hh.ru/account/captcha?state=pxvcxBozfu7ry7R4QCetFqDzUL2cbK2LGYV-JLOJ644HLrHr0DH6jezFpCb5WIoORh7fkpHCxj4F6mHfOvxRDGlXnrG4aweA_p8vKDK55ng%3D
[2026-01-20 21:20:40,022] INFO: Worker 7 finished area Богучаны; total collected 119
[2026-01-20 21:20:40,022] INFO: Worker 7 scanning area Бражное (7429)
[2026-01-20 21:20:40,091] ERROR: Unexpected status 403 for https://api.hh.ru/vacancies: {"errors":[{"value":"captcha_required","captcha_url":"https://hh.ru/account/captcha?state=pxvcxBozfu7ry7R4QCetFqDzUL2cbK2LGYV-JLOJ644HLrHr0DH6jezFpCb5WIoORh7fkpHCxj4F6mHfOvxRDLgq70BrBNrxMQfcKSu4gVE%3D
[2026-01-20 21:20:40,091] INFO: Worker 1 finished area Большой Улуй; total collected 119
[2026-01-20 21:20:40,091] INFO: Worker 1 scanning area Брянка (Красноярский край) (6745)
[2026-01-20 21:20:40,107] ERROR: Unexpected status 403 for https://api.hh.ru/vacancies: {"errors":[{"value":"captcha_required","captcha_url":"https://hh.ru/account/captcha?state=pxvcxBozfu7ry7R4QCetFqDzUL2cbK2LGYV-JLOJ644HLrHr0DH6jezFpCb5WIoORh7fkpHCxj4F6mHfOvxRDIRVgctRYYTmCnolm3kFVak%3D
[2026-01-20 21:20:40,108] INFO: Worker 5 finished area Большая Мурта; total collected 119
[2026-01-20 21:20:40,108] INFO: Worker 5 scanning area Ванавара (6008)
[2026-01-20 21:20:40,218] ERROR: Unexpected status 403 for https://api.hh.ru/vacancies: {"errors":[{"value":"captcha_required","captcha_url":"https://hh.ru/account/captcha?state=pxvcxBozfu7ry7R4QCetFqDzUL2cbK2LGYV-JLOJ644HLrHr0DH6jezFpCb5WIoORh7fkpHCxj4F6mHfOvxRDMLLM0FpActhVEyDh5P6BiQ%3D
[2026-01-20 21:20:40,219] INFO: Worker 2 finished area Большая Уря; total collected 119
[2026-01-20 21:20:40,219] INFO: Worker 2 scanning area Вангаш (7405)
[2026-01-20 21:20:40,237] ERROR: Unexpected status 403 for https://api.hh.ru/vacancies: {"errors":[{"value":"captcha_required","captcha_url":"https://hh.ru/account/captcha?state=pxvcxBozfu7ry7R4QCetFqDzUL2cbK2LGYV-JLOJ644HLrHr0DH6jezFpCb5WIoORh7fkpHCxj4F6mHfOvxRDKmFZZuedoScCib7ecanZvs%3D
[2026-01-20 21:20:40,237] INFO: Worker 0 finished area Бор (Красноярский край); total collected 119
[2026-01-20 21:20:40,237] INFO: Worker 0 scanning area Волочанка (6676)
[2026-01-20 21:20:40,363] ERROR: Unexpected status 403 for https://api.hh.ru/vacancies: {"errors":[{"value":"captcha_required","captcha_url":"https://hh.ru/account/captcha?state=pxvcxBozfu7ry7R4QCetFqDzUL2cbK2LGYV-JLOJ644HLrHr0DH6jezFpCb5WIoORh7fkpHCxj4F6mHfOvxRDCsvvuTw0oI2FMBGr5DWX3Y%3D
[2026-01-20 21:20:40,363] INFO: Worker 3 finished area Березовка (Красноярский край); total collected 119
[2026-01-20 21:20:40,363] INFO: Worker 3 scanning area Галанино (6770)
[2026-01-20 21:20:40,367] ERROR: Unexpected status 403 for https://api.hh.ru/vacancies: {"errors":[{"value":"captcha_required","captcha_url":"https://hh.ru/account/captcha?state=pxvcxBozfu7ry7R4QCetFqDzUL2cbK2LGYV-JLOJ644HLrHr0DH6jezFpCb5WIoORh7fkpHCxj4F6mHfOvxRDHUmqQDc3iFu7IevREOE5ow%3D
[2026-01-20 21:20:40,367] INFO: Worker 7 finished area Бражное; total collected 119
[2026-01-20 21:20:40,368] INFO: Worker 7 scanning area Георгиевка (7457)
[2026-01-20 21:20:40,378] ERROR: Unexpected status 403 for https://api.hh.ru/vacancies: {"errors":[{"value":"captcha_required","captcha_url":"https://hh.ru/account/captcha?state=pxvcxBozfu7ry7R4QCetFqDzUL2cbK2LGYV-JLOJ644HLrHr0DH6jezFpCb5WIoORh7fkpHCxj4F6mHfOvxRDANagxmkfiDPMXBdyB_97WY%3D
[2026-01-20 21:20:40,378] INFO: Worker 1 finished area Брянка (Красноярский край); total collected 119
[2026-01-20 21:20:40,378] INFO: Worker 1 scanning area Детлово (7458)
[2026-01-20 21:20:40,410] ERROR: Unexpected status 403 for https://api.hh.ru/vacancies: {"errors":[{"value":"captcha_required","captcha_url":"https://hh.ru/account/captcha?state=pxvcxBozfu7ry7R4QCetFqDzUL2cbK2LGYV-JLOJ644HLrHr0DH6jezFpCb5WIoORh7fkpHCxj4F6mHfOvxRDPu6QY5EX-SQlU9ZNEFYigs%3D
[2026-01-20 21:20:40,411] INFO: Worker 6 finished area Бородино; total collected 119
[2026-01-20 21:20:40,411] INFO: Worker 6 scanning area Дзержинское (4747)
[2026-01-20 21:20:40,640] ERROR: Unexpected status 403 for https://api.hh.ru/vacancies: {"errors":[{"value":"captcha_required","captcha_url":"https://hh.ru/account/captcha?state=pxvcxBozfu7ry7R4QCetFqDzUL2cbK2LGYV-JLOJ644HLrHr0DH6jezFpCb5WIoORh7fkpHCxj4F6mHfOvxRDEInIbw7Wr6hO9XUVsxyQLc%3D
[2026-01-20 21:20:40,640] INFO: Worker 3 finished area Галанино; total collected 119
[2026-01-20 21:20:40,641] INFO: Worker 3 scanning area Дивногорск (1151)
[2026-01-20 21:20:40,681] ERROR: Unexpected status 403 for https://api.hh.ru/vacancies: {"errors":[{"value":"captcha_required","captcha_url":"https://hh.ru/account/captcha?state=pxvcxBozfu7ry7R4QCetFqDzUL2cbK2LGYV-JLOJ644HLrHr0DH6jezFpCb5WIoORh7fkpHCxj4F6mHfOvxRDN5UOsyXF6y6xC36yKiQzUE%3D
[2026-01-20 21:20:40,682] INFO: Worker 5 finished area Ванавара; total collected 119
[2026-01-20 21:20:40,682] INFO: Worker 5 scanning area Диксон (1152)
[2026-01-20 21:20:40,687] ERROR: Unexpected status 403 for https://api.hh.ru/vacancies: {"errors":[{"value":"captcha_required","captcha_url":"https://hh.ru/account/captcha?state=pxvcxBozfu7ry7R4QCetFqDzUL2cbK2LGYV-JLOJ644HLrHr0DH6jezFpCb5WIoORh7fkpHCxj4F6mHfOvxRDHMbUKHPRGHd7LKQ9QaiHT4%3D
[2026-01-20 21:20:40,687] INFO: Worker 4 finished area Боготол; total collected 119
[2026-01-20 21:20:40,687] INFO: Worker 4 scanning area Долгий Мост (7407)
[2026-01-20 21:20:40,716] ERROR: Unexpected status 403 for https://api.hh.ru/vacancies: {"errors":[{"value":"captcha_required","captcha_url":"https://hh.ru/account/captcha?state=pxvcxBozfu7ry7R4QCetFqDzUL2cbK2LGYV-JLOJ644HLrHr0DH6jezFpCb5WIoORh7fkpHCxj4F6mHfOvxRDHht2p5s_k0ZX2z7PQCLyKI%3D
[2026-01-20 21:20:40,716] INFO: Worker 2 finished area Вангаш; total collected 119
[2026-01-20 21:20:40,716] INFO: Worker 2 scanning area Дрокино (6769)
[2026-01-20 21:20:40,774] ERROR: Unexpected status 403 for https://api.hh.ru/vacancies: {"errors":[{"value":"captcha_required","captcha_url":"https://hh.ru/account/captcha?state=pxvcxBozfu7ry7R4QCetFqDzUL2cbK2LGYV-JLOJ644HLrHr0DH6jezFpCb5WIoORh7fkpHCxj4F6mHfOvxRDGpP33CMnNN4qjlgN_xvIsw%3D
[2026-01-20 21:20:40,774] INFO: Worker 1 finished area Детлово; total collected 119
[2026-01-20 21:20:40,775] INFO: Worker 1 scanning area Дубинино (4748)
[2026-01-20 21:20:40,797] ERROR: Unexpected status 403 for https://api.hh.ru/vacancies: {"errors":[{"value":"captcha_required","captcha_url":"https://hh.ru/account/captcha?state=pxvcxBozfu7ry7R4QCetFqDzUL2cbK2LGYV-JLOJ644HLrHr0DH6jezFpCb5WIoORh7fkpHCxj4F6mHfOvxRDOhXkdskTmNdUQL-6UjB11w%3D
[2026-01-20 21:20:40,797] INFO: Worker 0 finished area Волочанка; total collected 119
[2026-01-20 21:20:40,797] INFO: Worker 0 scanning area Дудинка (Красноярский край) (214)
[2026-01-20 21:20:40,817] ERROR: Unexpected status 403 for https://api.hh.ru/vacancies: {"errors":[{"value":"captcha_required","captcha_url":"https://hh.ru/account/captcha?state=pxvcxBozfu7ry7R4QCetFqDzUL2cbK2LGYV-JLOJ644HLrHr0DH6jezFpCb5WIoORh7fkpHCxj4F6mHfOvxRDIdSqPU14MwkcKVb0-PmTYA%3D
[2026-01-20 21:20:40,817] INFO: Worker 7 finished area Георгиевка; total collected 119
[2026-01-20 21:20:40,817] INFO: Worker 7 scanning area Емельяново (4749)
[2026-01-20 21:20:40,990] ERROR: Unexpected status 403 for https://api.hh.ru/vacancies: {"errors":[{"value":"captcha_required","captcha_url":"https://hh.ru/account/captcha?state=pxvcxBozfu7ry7R4QCetFqDzUL2cbK2LGYV-JLOJ644HLrHr0DH6jezFpCb5WIoORh7fkpHCxj4F6mHfOvxRDN_q_jTAsT-k0M-oMMyxA_o%3D
[2026-01-20 21:20:40,991] INFO: Worker 4 finished area Долгий Мост; total collected 119
[2026-01-20 21:20:40,991] INFO: Worker 4 scanning area Енисейск (1153)
[2026-01-20 21:20:41,000] ERROR: Unexpected status 403 for https://api.hh.ru/vacancies: {"errors":[{"value":"captcha_required","captcha_url":"https://hh.ru/account/captcha?state=pxvcxBozfu7ry7R4QCetFqDzUL2cbK2LGYV-JLOJ644HLrHr0DH6jezFpCb5WIoORh7fkpHCxj4F6mHfOvxRDKUFoFjjCjBZ1V4GbNbFJU8%3D
[2026-01-20 21:20:41,000] INFO: Worker 5 finished area Диксон; total collected 119
[2026-01-20 21:20:41,000] INFO: Worker 5 scanning area Ермаковское (4750)
[2026-01-20 21:20:41,021] ERROR: Unexpected status 403 for https://api.hh.ru/vacancies: {"errors":[{"value":"captcha_required","captcha_url":"https://hh.ru/account/captcha?state=pxvcxBozfu7ry7R4QCetFqDzUL2cbK2LGYV-JLOJ644HLrHr0DH6jezFpCb5WIoORh7fkpHCxj4F6mHfOvxRDCPdkrLkfH0NggQVc5YgJAo%3D
[2026-01-20 21:20:41,021] INFO: Worker 2 finished area Дрокино; total collected 119
[2026-01-20 21:20:41,021] INFO: Worker 2 scanning area Железногорск (Красноярский край) (1154)
[2026-01-20 21:20:41,111] ERROR: Unexpected status 403 for https://api.hh.ru/vacancies: {"errors":[{"value":"captcha_required","captcha_url":"https://hh.ru/account/captcha?state=pxvcxBozfu7ry7R4QCetFqDzUL2cbK2LGYV-JLOJ644HLrHr0DH6jezFpCb5WIoORh7fkpHCxj4F6mHfOvxRDLVsjQBloWPWNhA5FfFa3vI%3D
[2026-01-20 21:20:41,111] INFO: Worker 3 finished area Дивногорск; total collected 119
[2026-01-20 21:20:41,111] INFO: Worker 3 scanning area Заозерный (1155)
[2026-01-20 21:20:41,126] ERROR: Unexpected status 403 for https://api.hh.ru/vacancies: {"errors":[{"value":"captcha_required","captcha_url":"https://hh.ru/account/captcha?state=pxvcxBozfu7ry7R4QCetFqDzUL2cbK2LGYV-JLOJ644HLrHr0DH6jezFpCb5WIoORh7fkpHCxj4F6mHfOvxRDJOUE-djw_hxrQI0YP1jAcA%3D
[2026-01-20 21:20:41,127] INFO: Worker 1 finished area Дубинино; total collected 119
[2026-01-20 21:20:41,127] INFO: Worker 1 scanning area Зеленогорск (Красноярский край) (1156)
[2026-01-20 21:20:41,214] ERROR: Unexpected status 403 for https://api.hh.ru/vacancies: {"errors":[{"value":"captcha_required","captcha_url":"https://hh.ru/account/captcha?state=pxvcxBozfu7ry7R4QCetFqDzUL2cbK2LGYV-JLOJ644HLrHr0DH6jezFpCb5WIoORh7fkpHCxj4F6mHfOvxRDE2Kwf98FkXNAmGWSyhGUg0%3D
[2026-01-20 21:20:41,215] INFO: Worker 7 finished area Емельяново; total collected 119
[2026-01-20 21:20:41,215] INFO: Worker 7 scanning area Зеленый Бор (7359)
[2026-01-20 21:20:41,219] ERROR: Unexpected status 403 for https://api.hh.ru/vacancies: {"errors":[{"value":"captcha_required","captcha_url":"https://hh.ru/account/captcha?state=pxvcxBozfu7ry7R4QCetFqDzUL2cbK2LGYV-JLOJ644HLrHr0DH6jezFpCb5WIoORh7fkpHCxj4F6mHfOvxRDALW61Av6bJkJ1SC8fBbIdY%3D
[2026-01-20 21:20:41,219] INFO: Worker 6 finished area Дзержинское; total collected 119
[2026-01-20 21:20:41,219] INFO: Worker 6 scanning area Златоруновск (7379)
[2026-01-20 21:20:41,295] ERROR: Unexpected status 403 for https://api.hh.ru/vacancies: {"errors":[{"value":"captcha_required","captcha_url":"https://hh.ru/account/captcha?state=pxvcxBozfu7ry7R4QCetFqDzUL2cbK2LGYV-JLOJ644HLrHr0DH6jezFpCb5WIoORh7fkpHCxj4F6mHfOvxRDIwJV7-hn3f4me20Y4rGWCQ%3D
[2026-01-20 21:20:41,296] INFO: Worker 0 finished area Дудинка (Красноярский край); total collected 119
[2026-01-20 21:20:41,296] INFO: Worker 0 scanning area Зыково (4751)
[2026-01-20 21:20:41,393] ERROR: Unexpected status 403 for https://api.hh.ru/vacancies: {"errors":[{"value":"captcha_required","captcha_url":"https://hh.ru/account/captcha?state=pxvcxBozfu7ry7R4QCetFqDzUL2cbK2LGYV-JLOJ644HLrHr0DH6jezFpCb5WIoORh7fkpHCxj4F6mHfOvxRDNEINWOcNpBYwunrzsjdKKA%3D
[2026-01-20 21:20:41,394] INFO: Worker 4 finished area Енисейск; total collected 119
[2026-01-20 21:20:41,394] INFO: Worker 4 scanning area Игарка (1157)
[2026-01-20 21:20:41,505] ERROR: Unexpected status 403 for https://api.hh.ru/vacancies: {"errors":[{"value":"captcha_required","captcha_url":"https://hh.ru/account/captcha?state=pxvcxBozfu7ry7R4QCetFqDzUL2cbK2LGYV-JLOJ644HLrHr0DH6jezFpCb5WIoORh7fkpHCxj4F6mHfOvxRDEPpwePNTRWmHrvJX6MA_-w%3D
[2026-01-20 21:20:41,505] INFO: Worker 7 finished area Зеленый Бор; total collected 119
[2026-01-20 21:20:41,505] INFO: Worker 7 scanning area Идринское (4752)
[2026-01-20 21:20:41,557] ERROR: Unexpected status 403 for https://api.hh.ru/vacancies: {"errors":[{"value":"captcha_required","captcha_url":"https://hh.ru/account/captcha?state=pxvcxBozfu7ry7R4QCetFqDzUL2cbK2LGYV-JLOJ644HLrHr0DH6jezFpCb5WIoORh7fkpHCxj4F6mHfOvxRDLyuBG8m_5R6ZlqKmwqyZBQ%3D
[2026-01-20 21:20:41,557] INFO: Worker 5 finished area Ермаковское; total collected 119
[2026-01-20 21:20:41,557] INFO: Worker 5 scanning area Иланский (1158)
[2026-01-20 21:20:41,562] ERROR: Unexpected status 403 for https://api.hh.ru/vacancies: {"errors":[{"value":"captcha_required","captcha_url":"https://hh.ru/account/captcha?state=pxvcxBozfu7ry7R4QCetFqDzUL2cbK2LGYV-JLOJ644HLrHr0DH6jezFpCb5WIoORh7fkpHCxj4F6mHfOvxRDOdo9U_AcWKhzTNhgyocW9c%3D
[2026-01-20 21:20:41,562] INFO: Worker 2 finished area Железногорск (Красноярский край); total collected 119
[2026-01-20 21:20:41,562] INFO: Worker 2 scanning area Ильичево (7344)
[2026-01-20 21:20:41,607] ERROR: Unexpected status 403 for https://api.hh.ru/vacancies: {"errors":[{"value":"captcha_required","captcha_url":"https://hh.ru/account/captcha?state=pxvcxBozfu7ry7R4QCetFqDzUL2cbK2LGYV-JLOJ644HLrHr0DH6jezFpCb5WIoORh7fkpHCxj4F6mHfOvxRDDgiaue6E6sFWq2ZiM2DF44%3D
[2026-01-20 21:20:41,607] INFO: Worker 1 finished area Зеленогорск (Красноярский край); total collected 119
[2026-01-20 21:20:41,607] INFO: Worker 1 scanning area Инголь (7447)
[2026-01-20 21:20:41,611] ERROR: Unexpected status 403 for https://api.hh.ru/vacancies: {"errors":[{"value":"captcha_required","captcha_url":"https://hh.ru/account/captcha?state=pxvcxBozfu7ry7R4QCetFqDzUL2cbK2LGYV-JLOJ644HLrHr0DH6jezFpCb5WIoORh7fkpHCxj4F6mHfOvxRDHHgxlKX1CZI_s5L2HohT_U%3D
[2026-01-20 21:20:41,611] INFO: Worker 6 finished area Златоруновск; total collected 119
[2026-01-20 21:20:41,611] INFO: Worker 6 scanning area Ирбейское (4753)
[2026-01-20 21:20:41,639] ERROR: Unexpected status 403 for https://api.hh.ru/vacancies: {"errors":[{"value":"captcha_required","captcha_url":"https://hh.ru/account/captcha?state=pxvcxBozfu7ry7R4QCetFqDzUL2cbK2LGYV-JLOJ644HLrHr0DH6jezFpCb5WIoORh7fkpHCxj4F6mHfOvxRDD5UIAPg95UPKpMyuLVCbuA%3D
[2026-01-20 21:20:41,639] INFO: Worker 3 finished area Заозерный; total collected 119
[2026-01-20 21:20:41,639] INFO: Worker 3 scanning area Казачинское (4754)
[2026-01-20 21:20:41,707] ERROR: Unexpected status 403 for https://api.hh.ru/vacancies: {"errors":[{"value":"captcha_required","captcha_url":"https://hh.ru/account/captcha?state=pxvcxBozfu7ry7R4QCetFqDzUL2cbK2LGYV-JLOJ644HLrHr0DH6jezFpCb5WIoORh7fkpHCxj4F6mHfOvxRDNNxo875Gl_2yf-mAED5-v0%3D
[2026-01-20 21:20:41,707] INFO: Worker 0 finished area Зыково; total collected 119
[2026-01-20 21:20:41,707] INFO: Worker 0 scanning area Кайеркан (4755)
[2026-01-20 21:20:41,722] ERROR: Unexpected status 403 for https://api.hh.ru/vacancies: {"errors":[{"value":"captcha_required","captcha_url":"https://hh.ru/account/captcha?state=pxvcxBozfu7ry7R4QCetFqDzUL2cbK2LGYV-JLOJ644HLrHr0DH6jezFpCb5WIoORh7fkpHCxj4F6mHfOvxRDNpSpTtX4WVq-G9IZO96OgM%3D
[2026-01-20 21:20:41,723] INFO: Worker 4 finished area Игарка; total collected 119
[2026-01-20 21:20:41,723] INFO: Worker 4 scanning area Канск (1159)
[2026-01-20 21:20:41,849] ERROR: Unexpected status 403 for https://api.hh.ru/vacancies: {"errors":[{"value":"captcha_required","captcha_url":"https://hh.ru/account/captcha?state=pxvcxBozfu7ry7R4QCetFqDzUL2cbK2LGYV-JLOJ644HLrHr0DH6jezFpCb5WIoORh7fkpHCxj4F6mHfOvxRDOCD4swf5dcibSKVVqvvPNI%3D
[2026-01-20 21:20:41,849] INFO: Worker 7 finished area Идринское; total collected 119
[2026-01-20 21:20:41,849] INFO: Worker 7 scanning area Каптырево (7348)
[2026-01-20 21:20:41,933] ERROR: Unexpected status 403 for https://api.hh.ru/vacancies: {"errors":[{"value":"captcha_required","captcha_url":"https://hh.ru/account/captcha?state=pxvcxBozfu7ry7R4QCetFqDzUL2cbK2LGYV-JLOJ644HLrHr0DH6jezFpCb5WIoORh7fkpHCxj4F6mHfOvxRDIUmJ_bCwgLG2yhfR-tRam0%3D
[2026-01-20 21:20:41,933] INFO: Worker 6 finished area Ирбейское; total collected 119
[2026-01-20 21:20:41,933] INFO: Worker 6 scanning area Каратузское (4756)
[2026-01-20 21:20:41,936] ERROR: Unexpected status 403 for https://api.hh.ru/vacancies: {"errors":[{"value":"captcha_required","captcha_url":"https://hh.ru/account/captcha?state=pxvcxBozfu7ry7R4QCetFqDzUL2cbK2LGYV-JLOJ644HLrHr0DH6jezFpCb5WIoORh7fkpHCxj4F6mHfOvxRDM45mXZbgzGVA_HmoqWHjgU%3D
[2026-01-20 21:20:41,936] INFO: Worker 1 finished area Инголь; total collected 119
[2026-01-20 21:20:41,936] INFO: Worker 1 scanning area Каштан (11328)
[2026-01-20 21:20:41,979] ERROR: Unexpected status 403 for https://api.hh.ru/vacancies: {"errors":[{"value":"captcha_required","captcha_url":"https://hh.ru/account/captcha?state=pxvcxBozfu7ry7R4QCetFqDzUL2cbK2LGYV-JLOJ644HLrHr0DH6jezFpCb5WIoORh7fkpHCxj4F6mHfOvxRDHtegxlkCzzjwAjFhA2jq1k%3D
[2026-01-20 21:20:41,979] INFO: Worker 2 finished area Ильичево; total collected 119
[2026-01-20 21:20:41,979] INFO: Worker 2 scanning area Кедровый (Красноярский край) (4757)
[2026-01-20 21:20:41,982] ERROR: Unexpected status 403 for https://api.hh.ru/vacancies: {"errors":[{"value":"captcha_required","captcha_url":"https://hh.ru/account/captcha?state=pxvcxBozfu7ry7R4QCetFqDzUL2cbK2LGYV-JLOJ644HLrHr0DH6jezFpCb5WIoORh7fkpHCxj4F6mHfOvxRDPapa0i7pTbnSUvdq-czvN4%3D
[2026-01-20 21:20:41,982] INFO: Worker 3 finished area Казачинское; total collected 119
[2026-01-20 21:20:41,982] INFO: Worker 3 scanning area Кодинск (1160)
[2026-01-20 21:20:42,003] ERROR: Unexpected status 403 for https://api.hh.ru/vacancies: {"errors":[{"value":"captcha_required","captcha_url":"https://hh.ru/account/captcha?state=pxvcxBozfu7ry7R4QCetFqDzUL2cbK2LGYV-JLOJ644HLrHr0DH6jezFpCb5WIoORh7fkpHCxj4F6mHfOvxRDM2_gH_xMjx2NzNPZnmQQBs%3D
[2026-01-20 21:20:42,003] INFO: Worker 5 finished area Иланский; total collected 119
[2026-01-20 21:20:42,003] INFO: Worker 5 scanning area Кожаны (7448)
[2026-01-20 21:20:42,028] ERROR: Unexpected status 403 for https://api.hh.ru/vacancies: {"errors":[{"value":"captcha_required","captcha_url":"https://hh.ru/account/captcha?state=pxvcxBozfu7ry7R4QCetFqDzUL2cbK2LGYV-JLOJ644HLrHr0DH6jezFpCb5WIoORh7fkpHCxj4F6mHfOvxRDHKGWIol65uN7BavV6VWrXg%3D
[2026-01-20 21:20:42,028] INFO: Worker 0 finished area Кайеркан; total collected 119
[2026-01-20 21:20:42,029] INFO: Worker 0 scanning area Стрелка (Красноярский край) (17395)
[2026-01-20 21:20:42,161] ERROR: Unexpected status 403 for https://api.hh.ru/vacancies: {"errors":[{"value":"captcha_required","captcha_url":"https://hh.ru/account/captcha?state=pxvcxBozfu7ry7R4QCetFqDzUL2cbK2LGYV-JLOJ644HLrHr0DH6jezFpCb5WIoORh7fkpHCxj4F6mHfOvxRDBjRQtHGZZAb-b-ubfO_eyQ%3D
[2026-01-20 21:20:42,162] INFO: Worker 7 finished area Каптырево; total collected 119
[2026-01-20 21:20:42,162] INFO: Worker 7 scanning area Козулька (4758)
[2026-01-20 21:20:42,255] ERROR: Unexpected status 403 for https://api.hh.ru/vacancies: {"errors":[{"value":"captcha_required","captcha_url":"https://hh.ru/account/captcha?state=pxvcxBozfu7ry7R4QCetFqDzUL2cbK2LGYV-JLOJ644HLrHr0DH6jezFpCb5WIoORh7fkpHCxj4F6mHfOvxRDCMbD5wCc5tcFivLBM6KHC0%3D
[2026-01-20 21:20:42,255] INFO: Worker 1 finished area Каштан; total collected 119
[2026-01-20 21:20:42,255] INFO: Worker 1 scanning area Кордово (7388)
[2026-01-20 21:20:42,262] ERROR: Unexpected status 403 for https://api.hh.ru/vacancies: {"errors":[{"value":"captcha_required","captcha_url":"https://hh.ru/account/captcha?state=pxvcxBozfu7ry7R4QCetFqDzUL2cbK2LGYV-JLOJ644HLrHr0DH6jezFpCb5WIoORh7fkpHCxj4F6mHfOvxRDPALdunXCRGqT_tOWOsmepo%3D
[2026-01-20 21:20:42,262] INFO: Worker 6 finished area Каратузское; total collected 119
[2026-01-20 21:20:42,262] INFO: Worker 6 scanning area Кортуз (7438)
[2026-01-20 21:20:42,287] ERROR: Unexpected status 403 for https://api.hh.ru/vacancies: {"errors":[{"value":"captcha_required","captcha_url":"https://hh.ru/account/captcha?state=pxvcxBozfu7ry7R4QCetFqDzUL2cbK2LGYV-JLOJ644HLrHr0DH6jezFpCb5WIoORh7fkpHCxj4F6mHfOvxRDF9fv1AL5jZGLPYSxDZe04A%3D
[2026-01-20 21:20:42,288] INFO: Worker 5 finished area Кожаны; total collected 119
[2026-01-20 21:20:42,288] INFO: Worker 5 scanning area Кошурниково (4759)
[2026-01-20 21:20:42,296] ERROR: Unexpected status 403 for https://api.hh.ru/vacancies: {"errors":[{"value":"captcha_required","captcha_url":"https://hh.ru/account/captcha?state=pxvcxBozfu7ry7R4QCetFqDzUL2cbK2LGYV-JLOJ644HLrHr0DH6jezFpCb5WIoORh7fkpHCxj4F6mHfOvxRDE9n4LIhNqKyBGRNkUgKeQk%3D
[2026-01-20 21:20:42,296] INFO: Worker 2 finished area Кедровый (Красноярский край); total collected 119
[2026-01-20 21:20:42,296] INFO: Worker 2 scanning area Красная Сопка (7353)
[2026-01-20 21:20:42,304] ERROR: Unexpected status 403 for https://api.hh.ru/vacancies: {"errors":[{"value":"captcha_required","captcha_url":"https://hh.ru/account/captcha?state=pxvcxBozfu7ry7R4QCetFqDzUL2cbK2LGYV-JLOJ644HLrHr0DH6jezFpCb5WIoORh7fkpHCxj4F6mHfOvxRDOkor_biCbWMhszdo7GfYNY%3D
[2026-01-20 21:20:42,304] INFO: Worker 0 finished area Стрелка (Красноярский край); total collected 119
[2026-01-20 21:20:42,304] INFO: Worker 0 scanning area Красногорьевский (7390)
[2026-01-20 21:20:42,438] ERROR: Unexpected status 403 for https://api.hh.ru/vacancies: {"errors":[{"value":"captcha_required","captcha_url":"https://hh.ru/account/captcha?state=pxvcxBozfu7ry7R4QCetFqDzUL2cbK2LGYV-JLOJ644HLrHr0DH6jezFpCb5WIoORh7fkpHCxj4F6mHfOvxRDF93eFzAAOMS1tyW8NlgAb0%3D
[2026-01-20 21:20:42,438] INFO: Worker 3 finished area Кодинск; total collected 119
[2026-01-20 21:20:42,438] INFO: Worker 3 scanning area Краснокаменск (Красноярский край) (4760)
[2026-01-20 21:20:42,526] ERROR: Unexpected status 403 for https://api.hh.ru/vacancies: {"errors":[{"value":"captcha_required","captcha_url":"https://hh.ru/account/captcha?state=pxvcxBozfu7ry7R4QCetFqDzUL2cbK2LGYV-JLOJ644HLrHr0DH6jezFpCb5WIoORh7fkpHCxj4F6mHfOvxRDNjuNDkd26s0S3U8UNn7s10%3D
[2026-01-20 21:20:42,527] INFO: Worker 6 finished area Кортуз; total collected 119
[2026-01-20 21:20:42,527] INFO: Worker 6 scanning area Краснотуранск (4761)
[2026-01-20 21:20:42,555] ERROR: Unexpected status 403 for https://api.hh.ru/vacancies: {"errors":[{"value":"captcha_required","captcha_url":"https://hh.ru/account/captcha?state=pxvcxBozfu7ry7R4QCetFqDzUL2cbK2LGYV-JLOJ644HLrHr0DH6jezFpCb5WIoORh7fkpHCxj4F6mHfOvxRDCZcJNuo9-quX6PciFFk94g%3D
[2026-01-20 21:20:42,555] INFO: Worker 1 finished area Кордово; total collected 119
[2026-01-20 21:20:42,555] INFO: Worker 1 scanning area Красноярск (54)
[2026-01-20 21:20:42,587] ERROR: Unexpected status 403 for https://api.hh.ru/vacancies: {"errors":[{"value":"captcha_required","captcha_url":"https://hh.ru/account/captcha?state=pxvcxBozfu7ry7R4QCetFqDzUL2cbK2LGYV-JLOJ644HLrHr0DH6jezFpCb5WIoORh7fkpHCxj4F6mHfOvxRDHFQHW_dLaltqqtkCHZu5Zs%3D
[2026-01-20 21:20:42,587] INFO: Worker 2 finished area Красная Сопка; total collected 119
[2026-01-20 21:20:42,587] INFO: Worker 2 scanning area Курагино (4762)
[2026-01-20 21:20:42,648] ERROR: Unexpected status 403 for https://api.hh.ru/vacancies: {"errors":[{"value":"captcha_required","captcha_url":"https://hh.ru/account/captcha?state=pxvcxBozfu7ry7R4QCetFqDzUL2cbK2LGYV-JLOJ644HLrHr0DH6jezFpCb5WIoORh7fkpHCxj4F6mHfOvxRDBjOFLRRTLortZqL7UoYgj0%3D
[2026-01-20 21:20:42,648] INFO: Worker 5 finished area Кошурниково; total collected 119
[2026-01-20 21:20:42,648] INFO: Worker 5 scanning area Лесосибирск (1161)
[2026-01-20 21:20:42,663] ERROR: Unexpected status 403 for https://api.hh.ru/vacancies: {"errors":[{"value":"captcha_required","captcha_url":"https://hh.ru/account/captcha?state=pxvcxBozfu7ry7R4QCetFqDzUL2cbK2LGYV-JLOJ644HLrHr0DH6jezFpCb5WIoORh7fkpHCxj4F6mHfOvxRDCBH7uqxMTq552bHss9ssOg%3D
[2026-01-20 21:20:42,664] INFO: Worker 7 finished area Козулька; total collected 119
[2026-01-20 21:20:42,664] INFO: Worker 7 scanning area Лугавское (7430)
[2026-01-20 21:20:42,852] ERROR: Unexpected status 403 for https://api.hh.ru/vacancies: {"errors":[{"value":"captcha_required","captcha_url":"https://hh.ru/account/captcha?state=pxvcxBozfu7ry7R4QCetFqDzUL2cbK2LGYV-JLOJ644HLrHr0DH6jezFpCb5WIoORh7fkpHCxj4F6mHfOvxRDOiWGu50uaEcoblj-FRk8b8%3D
[2026-01-20 21:20:42,852] INFO: Worker 0 finished area Красногорьевский; total collected 119
[2026-01-20 21:20:42,852] INFO: Worker 0 scanning area Манзя (7440)
[2026-01-20 21:20:42,857] ERROR: Unexpected status 403 for https://api.hh.ru/vacancies: {"errors":[{"value":"captcha_required","captcha_url":"https://hh.ru/account/captcha?state=pxvcxBozfu7ry7R4QCetFqDzUL2cbK2LGYV-JLOJ644HLrHr0DH6jezFpCb5WIoORh7fkpHCxj4F6mHfOvxRDOHafSfALLFyd802jSxAkJE%3D
[2026-01-20 21:20:42,857] INFO: Worker 3 finished area Краснокаменск (Красноярский край); total collected 119
[2026-01-20 21:20:42,857] INFO: Worker 3 scanning area Маринино (7337)
[2026-01-20 21:20:42,984] ERROR: Unexpected status 403 for https://api.hh.ru/vacancies: {"errors":[{"value":"captcha_required","captcha_url":"https://hh.ru/account/captcha?state=pxvcxBozfu7ry7R4QCetFqDzUL2cbK2LGYV-JLOJ644HLrHr0DH6jezFpCb5WIoORh7fkpHCxj4F6mHfOvxRDGM5BmMOg3X8WocfSJBpjJU%3D
[2026-01-20 21:20:42,984] INFO: Worker 7 finished area Лугавское; total collected 119
[2026-01-20 21:20:42,984] INFO: Worker 7 scanning area Машуковка (7288)
[2026-01-20 21:20:43,074] ERROR: Unexpected status 403 for https://api.hh.ru/vacancies: {"errors":[{"value":"captcha_required","captcha_url":"https://hh.ru/account/captcha?state=pxvcxBozfu7ry7R4QCetFqDzUL2cbK2LGYV-JLOJ644HLrHr0DH6jezFpCb5WIoORh7fkpHCxj4F6mHfOvxRDACOkSMZ3gkZrbK0t-N4OWQ%3D
[2026-01-20 21:20:43,074] INFO: Worker 6 finished area Краснотуранск; total collected 119
[2026-01-20 21:20:43,074] INFO: Worker 6 scanning area Мессояха (6677)
[2026-01-20 21:20:43,076] ERROR: Unexpected status 403 for https://api.hh.ru/vacancies: {"errors":[{"value":"captcha_required","captcha_url":"https://hh.ru/account/captcha?state=pxvcxBozfu7ry7R4QCetFqDzUL2cbK2LGYV-JLOJ644HLrHr0DH6jezFpCb5WIoORh7fkpHCxj4F6mHfOvxRDD8T7nzO2_zKx9vJHTzoAcI%3D
[2026-01-20 21:20:43,076] INFO: Worker 1 finished area Красноярск; total collected 119
[2026-01-20 21:20:43,076] INFO: Worker 1 scanning area Миндерла (6869)
[2026-01-20 21:20:43,124] ERROR: Unexpected status 403 for https://api.hh.ru/vacancies: {"errors":[{"value":"captcha_required","captcha_url":"https://hh.ru/account/captcha?state=pxvcxBozfu7ry7R4QCetFqDzUL2cbK2LGYV-JLOJ644HLrHr0DH6jezFpCb5WIoORh7fkpHCxj4F6mHfOvxRDGtyLa6U1ywYEV1IgwVImic%3D
[2026-01-20 21:20:43,124] INFO: Worker 0 finished area Манзя; total collected 119
[2026-01-20 21:20:43,124] INFO: Worker 0 scanning area Минино (Мининский сельсовет) (11289)
[2026-01-20 21:20:43,205] ERROR: Unexpected status 403 for https://api.hh.ru/vacancies: {"errors":[{"value":"captcha_required","captcha_url":"https://hh.ru/account/captcha?state=pxvcxBozfu7ry7R4QCetFqDzUL2cbK2LGYV-JLOJ644HLrHr0DH6jezFpCb5WIoORh7fkpHCxj4F6mHfOvxRDPghrdO6Gfz60PbSGqKjSOM%3D
[2026-01-20 21:20:43,205] INFO: Worker 2 finished area Курагино; total collected 119
[2026-01-20 21:20:43,205] INFO: Worker 2 scanning area Минусинск (1162)
[2026-01-20 21:20:43,224] ERROR: Unexpected status 403 for https://api.hh.ru/vacancies: {"errors":[{"value":"captcha_required","captcha_url":"https://hh.ru/account/captcha?state=pxvcxBozfu7ry7R4QCetFqDzUL2cbK2LGYV-JLOJ644HLrHr0DH6jezFpCb5WIoORh7fkpHCxj4F6mHfOvxRDJxcGhRdhkZrD9DIEnLJ_uo%3D
[2026-01-20 21:20:43,225] INFO: Worker 3 finished area Маринино; total collected 119
[2026-01-20 21:20:43,225] INFO: Worker 3 scanning area Момотово (7434)
[2026-01-20 21:20:43,237] ERROR: Unexpected status 403 for https://api.hh.ru/vacancies: {"errors":[{"value":"captcha_required","captcha_url":"https://hh.ru/account/captcha?state=pxvcxBozfu7ry7R4QCetFqDzUL2cbK2LGYV-JLOJ644HLrHr0DH6jezFpCb5WIoORh7fkpHCxj4F6mHfOvxRDLS11z5VpMvzhMvpAnozb3o%3D
[2026-01-20 21:20:43,238] INFO: Worker 5 finished area Лесосибирск; total collected 119
[2026-01-20 21:20:43,238] INFO: Worker 5 scanning area Мотыгино (4763)
[2026-01-20 21:20:43,332] ERROR: Unexpected status 403 for https://api.hh.ru/vacancies: {"errors":[{"value":"captcha_required","captcha_url":"https://hh.ru/account/captcha?state=pxvcxBozfu7ry7R4QCetFqDzUL2cbK2LGYV-JLOJ644HLrHr0DH6jezFpCb5WIoORh7fkpHCxj4F6mHfOvxRDDggZxGoC6eqhTavQ_GVBwc%3D
[2026-01-20 21:20:43,332] INFO: Worker 7 finished area Машуковка; total collected 119
[2026-01-20 21:20:43,332] INFO: Worker 7 scanning area Назарово (1163)
[2026-01-20 21:20:43,333] ERROR: Unexpected status 403 for https://api.hh.ru/vacancies: {"errors":[{"value":"captcha_required","captcha_url":"https://hh.ru/account/captcha?state=pxvcxBozfu7ry7R4QCetFqDzUL2cbK2LGYV-JLOJ644HLrHr0DH6jezFpCb5WIoORh7fkpHCxj4F6mHfOvxRDPX2loGYT7TUC-69OUs-NSk%3D
[2026-01-20 21:20:43,333] INFO: Worker 6 finished area Мессояха; total collected 119
[2026-01-20 21:20:43,333] INFO: Worker 6 scanning area Нижний Ингаш (4764)
[2026-01-20 21:20:43,354] ERROR: Unexpected status 403 for https://api.hh.ru/vacancies: {"errors":[{"value":"captcha_required","captcha_url":"https://hh.ru/account/captcha?state=pxvcxBozfu7ry7R4QCetFqDzUL2cbK2LGYV-JLOJ644HLrHr0DH6jezFpCb5WIoORh7fkpHCxj4F6mHfOvxRDMcELlx-b9t94Uahlxyv1mk%3D
[2026-01-20 21:20:43,354] INFO: Worker 4 finished area Канск; total collected 119
[2026-01-20 21:20:43,354] INFO: Worker 4 scanning area Нижняя Пойма (4765)
[2026-01-20 21:20:43,522] ERROR: Unexpected status 403 for https://api.hh.ru/vacancies: {"errors":[{"value":"captcha_required","captcha_url":"https://hh.ru/account/captcha?state=pxvcxBozfu7ry7R4QCetFqDzUL2cbK2LGYV-JLOJ644HLrHr0DH6jezFpCb5WIoORh7fkpHCxj4F6mHfOvxRDAgNAB2Fp7vaq8YrEWME7Nc%3D
[2026-01-20 21:20:43,522] INFO: Worker 3 finished area Момотово; total collected 119
[2026-01-20 21:20:43,522] INFO: Worker 3 scanning area Новая Солянка (7352)
[2026-01-20 21:20:43,529] ERROR: Unexpected status 403 for https://api.hh.ru/vacancies: {"errors":[{"value":"captcha_required","captcha_url":"https://hh.ru/account/captcha?state=pxvcxBozfu7ry7R4QCetFqDzUL2cbK2LGYV-JLOJ644HLrHr0DH6jezFpCb5WIoORh7fkpHCxj4F6mHfOvxRDKs3MkaV0i3bxDT_jmbs0_g%3D
[2026-01-20 21:20:43,529] INFO: Worker 0 finished area Минино (Мининский сельсовет); total collected 119
[2026-01-20 21:20:43,529] INFO: Worker 0 scanning area Новоангарск (7451)
[2026-01-20 21:20:43,628] ERROR: Unexpected status 403 for https://api.hh.ru/vacancies: {"errors":[{"value":"captcha_required","captcha_url":"https://hh.ru/account/captcha?state=pxvcxBozfu7ry7R4QCetFqDzUL2cbK2LGYV-JLOJ644HLrHr0DH6jezFpCb5WIoORh7fkpHCxj4F6mHfOvxRDKSqTXhE8JelMGPEfWQ-q4U%3D
[2026-01-20 21:20:43,628] INFO: Worker 6 finished area Нижний Ингаш; total collected 119
[2026-01-20 21:20:43,628] INFO: Worker 6 scanning area Новобирилюссы (4766)
[2026-01-20 21:20:43,706] ERROR: Unexpected status 403 for https://api.hh.ru/vacancies: {"errors":[{"value":"captcha_required","captcha_url":"https://hh.ru/account/captcha?state=pxvcxBozfu7ry7R4QCetFqDzUL2cbK2LGYV-JLOJ644HLrHr0DH6jezFpCb5WIoORh7fkpHCxj4F6mHfOvxRDLkYYpJQ0sOwPv6ByiT7Je0%3D
[2026-01-20 21:20:43,706] INFO: Worker 4 finished area Нижняя Пойма; total collected 119
[2026-01-20 21:20:43,706] INFO: Worker 4 scanning area Новокаргино (7398)
[2026-01-20 21:20:43,709] ERROR: Unexpected status 403 for https://api.hh.ru/vacancies: {"errors":[{"value":"captcha_required","captcha_url":"https://hh.ru/account/captcha?state=pxvcxBozfu7ry7R4QCetFqDzUL2cbK2LGYV-JLOJ644HLrHr0DH6jezFpCb5WIoORh7fkpHCxj4F6mHfOvxRDBmBclTR1XqylrdNcJQZHO0%3D
[2026-01-20 21:20:43,710] INFO: Worker 2 finished area Минусинск; total collected 119
[2026-01-20 21:20:43,710] INFO: Worker 2 scanning area Новопятницкое (11327)
[2026-01-20 21:20:43,806] ERROR: Unexpected status 403 for https://api.hh.ru/vacancies: {"errors":[{"value":"captcha_required","captcha_url":"https://hh.ru/account/captcha?state=pxvcxBozfu7ry7R4QCetFqDzUL2cbK2LGYV-JLOJ644HLrHr0DH6jezFpCb5WIoORh7fkpHCxj4F6mHfOvxRDMMMP2UoyYyvea7DScD3DtU%3D
[2026-01-20 21:20:43,806] INFO: Worker 7 finished area Назарово; total collected 119
[2026-01-20 21:20:43,807] INFO: Worker 7 scanning area Новосёлово (4767)
[2026-01-20 21:20:43,823] ERROR: Unexpected status 403 for https://api.hh.ru/vacancies: {"errors":[{"value":"captcha_required","captcha_url":"https://hh.ru/account/captcha?state=pxvcxBozfu7ry7R4QCetFqDzUL2cbK2LGYV-JLOJ644HLrHr0DH6jezFpCb5WIoORh7fkpHCxj4F6mHfOvxRDHnbV9sTo6c9fP3bIB_JyUE%3D
[2026-01-20 21:20:43,824] INFO: Worker 0 finished area Новоангарск; total collected 119
[2026-01-20 21:20:43,824] INFO: Worker 0 scanning area Новочернореченский (4768)
[2026-01-20 21:20:43,827] ERROR: Unexpected status 403 for https://api.hh.ru/vacancies: {"errors":[{"value":"captcha_required","captcha_url":"https://hh.ru/account/captcha?state=pxvcxBozfu7ry7R4QCetFqDzUL2cbK2LGYV-JLOJ644HLrHr0DH6jezFpCb5WIoORh7fkpHCxj4F6mHfOvxRDMbQuIQUZJyJEXXZpXWxae0%3D
[2026-01-20 21:20:43,827] INFO: Worker 5 finished area Мотыгино; total collected 119
[2026-01-20 21:20:43,827] INFO: Worker 5 scanning area Норильск (246)
[2026-01-20 21:20:43,913] ERROR: Unexpected status 403 for https://api.hh.ru/vacancies: {"errors":[{"value":"captcha_required","captcha_url":"https://hh.ru/account/captcha?state=pxvcxBozfu7ry7R4QCetFqDzUL2cbK2LGYV-JLOJ644HLrHr0DH6jezFpCb5WIoORh7fkpHCxj4F6mHfOvxRDE3QlEJtpkzKsm6EOVuc5Yo%3D
[2026-01-20 21:20:43,914] INFO: Worker 3 finished area Новая Солянка; total collected 119
[2026-01-20 21:20:43,914] INFO: Worker 3 scanning area Октябрьский (Красноярский край) (4769)
[2026-01-20 21:20:43,920] ERROR: Unexpected status 403 for https://api.hh.ru/vacancies: {"errors":[{"value":"captcha_required","captcha_url":"https://hh.ru/account/captcha?state=pxvcxBozfu7ry7R4QCetFqDzUL2cbK2LGYV-JLOJ644HLrHr0DH6jezFpCb5WIoORh7fkpHCxj4F6mHfOvxRDJP6KGIsZK8jxspBCa7ZqHs%3D
[2026-01-20 21:20:43,920] INFO: Worker 1 finished area Миндерла; total collected 119
[2026-01-20 21:20:43,920] INFO: Worker 1 scanning area Орджоникидзе (Красноярский край) (7441)
[2026-01-20 21:20:44,040] ERROR: Unexpected status 403 for https://api.hh.ru/vacancies: {"errors":[{"value":"captcha_required","captcha_url":"https://hh.ru/account/captcha?state=pxvcxBozfu7ry7R4QCetFqDzUL2cbK2LGYV-JLOJ644HLrHr0DH6jezFpCb5WIoORh7fkpHCxj4F6mHfOvxRDMAIsybPIx6qx7G3Kp48LKw%3D
[2026-01-20 21:20:44,041] INFO: Worker 4 finished area Новокаргино; total collected 119
[2026-01-20 21:20:44,041] INFO: Worker 4 scanning area Осиновый Мыс (7433)
[2026-01-20 21:20:44,088] ERROR: Unexpected status 403 for https://api.hh.ru/vacancies: {"errors":[{"value":"captcha_required","captcha_url":"https://hh.ru/account/captcha?state=pxvcxBozfu7ry7R4QCetFqDzUL2cbK2LGYV-JLOJ644HLrHr0DH6jezFpCb5WIoORh7fkpHCxj4F6mHfOvxRDIAMKAR9hukHXvkMtbmrwxE%3D
[2026-01-20 21:20:44,088] INFO: Worker 2 finished area Новопятницкое; total collected 119
[2026-01-20 21:20:44,088] INFO: Worker 2 scanning area Памяти 13 Борцов (7345)
[2026-01-20 21:20:44,120] ERROR: Unexpected status 403 for https://api.hh.ru/vacancies: {"errors":[{"value":"captcha_required","captcha_url":"https://hh.ru/account/captcha?state=pxvcxBozfu7ry7R4QCetFqDzUL2cbK2LGYV-JLOJ644HLrHr0DH6jezFpCb5WIoORh7fkpHCxj4F6mHfOvxRDKDxKXkeBCB_dou9lszAyGE%3D
[2026-01-20 21:20:44,121] INFO: Worker 0 finished area Новочернореченский; total collected 119
[2026-01-20 21:20:44,121] INFO: Worker 0 scanning area Парная (7304)
[2026-01-20 21:20:44,158] ERROR: Unexpected status 403 for https://api.hh.ru/vacancies: {"errors":[{"value":"captcha_required","captcha_url":"https://hh.ru/account/captcha?state=pxvcxBozfu7ry7R4QCetFqDzUL2cbK2LGYV-JLOJ644HLrHr0DH6jezFpCb5WIoORh7fkpHCxj4F6mHfOvxRDNuTv2iEfExIAgH4_KMWH-Y%3D
[2026-01-20 21:20:44,158] INFO: Worker 6 finished area Новобирилюссы; total collected 119
[2026-01-20 21:20:44,158] INFO: Worker 6 scanning area Партизанское (4770)
[2026-01-20 21:20:44,229] ERROR: Unexpected status 403 for https://api.hh.ru/vacancies: {"errors":[{"value":"captcha_required","captcha_url":"https://hh.ru/account/captcha?state=pxvcxBozfu7ry7R4QCetFqDzUL2cbK2LGYV-JLOJ644HLrHr0DH6jezFpCb5WIoORh7fkpHCxj4F6mHfOvxRDFW1Xhjw-ApfedTLqAU1D5M%3D
[2026-01-20 21:20:44,230] INFO: Worker 7 finished area Новосёлово; total collected 119
[2026-01-20 21:20:44,230] INFO: Worker 7 scanning area Первомайск (Красноярский край) (7374)
[2026-01-20 21:20:44,237] ERROR: Unexpected status 403 for https://api.hh.ru/vacancies: {"errors":[{"value":"captcha_required","captcha_url":"https://hh.ru/account/captcha?state=pxvcxBozfu7ry7R4QCetFqDzUL2cbK2LGYV-JLOJ644HLrHr0DH6jezFpCb5WIoORh7fkpHCxj4F6mHfOvxRDDSNX1dcKIfdtW81l3rIg1U%3D
[2026-01-20 21:20:44,237] INFO: Worker 1 finished area Орджоникидзе (Красноярский край); total collected 119
[2026-01-20 21:20:44,237] INFO: Worker 1 scanning area Пинчуга (7422)
[2026-01-20 21:20:44,248] ERROR: Unexpected status 403 for https://api.hh.ru/vacancies: {"errors":[{"value":"captcha_required","captcha_url":"https://hh.ru/account/captcha?state=pxvcxBozfu7ry7R4QCetFqDzUL2cbK2LGYV-JLOJ644HLrHr0DH6jezFpCb5WIoORh7fkpHCxj4F6mHfOvxRDMgPt2VtluePXvo3bRFFnp0%3D
[2026-01-20 21:20:44,248] INFO: Worker 3 finished area Октябрьский (Красноярский край); total collected 119
[2026-01-20 21:20:44,248] INFO: Worker 3 scanning area Пировское (7331)
[2026-01-20 21:20:44,304] ERROR: Unexpected status 403 for https://api.hh.ru/vacancies: {"errors":[{"value":"captcha_required","captcha_url":"https://hh.ru/account/captcha?state=pxvcxBozfu7ry7R4QCetFqDzUL2cbK2LGYV-JLOJ644HLrHr0DH6jezFpCb5WIoORh7fkpHCxj4F6mHfOvxRDAX4VPJcoJjCus8dpReYF5s%3D
[2026-01-20 21:20:44,305] INFO: Worker 4 finished area Осиновый Мыс; total collected 119
[2026-01-20 21:20:44,305] INFO: Worker 4 scanning area Подгорный (7332)
[2026-01-20 21:20:44,375] ERROR: Unexpected status 403 for https://api.hh.ru/vacancies: {"errors":[{"value":"captcha_required","captcha_url":"https://hh.ru/account/captcha?state=pxvcxBozfu7ry7R4QCetFqDzUL2cbK2LGYV-JLOJ644HLrHr0DH6jezFpCb5WIoORh7fkpHCxj4F6mHfOvxRDD_NtoPrleOOoj6WR7zSkiQ%3D
[2026-01-20 21:20:44,375] INFO: Worker 2 finished area Памяти 13 Борцов; total collected 119
[2026-01-20 21:20:44,375] INFO: Worker 2 scanning area Подтесово (7354)
[2026-01-20 21:20:44,497] ERROR: Unexpected status 403 for https://api.hh.ru/vacancies: {"errors":[{"value":"captcha_required","captcha_url":"https://hh.ru/account/captcha?state=pxvcxBozfu7ry7R4QCetFqDzUL2cbK2LGYV-JLOJ644HLrHr0DH6jezFpCb5WIoORh7fkpHCxj4F6mHfOvxRDDXvpAgGnqr3z7jdPmChiyc%3D
[2026-01-20 21:20:44,497] INFO: Worker 1 finished area Пинчуга; total collected 119
[2026-01-20 21:20:44,497] INFO: Worker 1 scanning area Потапово (6736)
[2026-01-20 21:20:44,505] ERROR: Unexpected status 403 for https://api.hh.ru/vacancies: {"errors":[{"value":"captcha_required","captcha_url":"https://hh.ru/account/captcha?state=pxvcxBozfu7ry7R4QCetFqDzUL2cbK2LGYV-JLOJ644HLrHr0DH6jezFpCb5WIoORh7fkpHCxj4F6mHfOvxRDAWnQ5JKrLxulMaONZNsKlc%3D
[2026-01-20 21:20:44,506] INFO: Worker 7 finished area Первомайск (Красноярский край); total collected 119
[2026-01-20 21:20:44,506] INFO: Worker 7 scanning area Предивинск (7432)
[2026-01-20 21:20:44,560] ERROR: Unexpected status 403 for https://api.hh.ru/vacancies: {"errors":[{"value":"captcha_required","captcha_url":"https://hh.ru/account/captcha?state=pxvcxBozfu7ry7R4QCetFqDzUL2cbK2LGYV-JLOJ644HLrHr0DH6jezFpCb5WIoORh7fkpHCxj4F6mHfOvxRDGV0yILPQAHGPI-uOUTqoYA%3D
[2026-01-20 21:20:44,560] INFO: Worker 0 finished area Парная; total collected 119
[2026-01-20 21:20:44,560] INFO: Worker 0 scanning area Раздолинск (7367)
[2026-01-20 21:20:44,580] ERROR: Unexpected status 403 for https://api.hh.ru/vacancies: {"errors":[{"value":"captcha_required","captcha_url":"https://hh.ru/account/captcha?state=pxvcxBozfu7ry7R4QCetFqDzUL2cbK2LGYV-JLOJ644HLrHr0DH6jezFpCb5WIoORh7fkpHCxj4F6mHfOvxRDPHsXNg4KJXllGAbPV2LS1I%3D
[2026-01-20 21:20:44,581] INFO: Worker 3 finished area Пировское; total collected 119
[2026-01-20 21:20:44,581] INFO: Worker 3 scanning area Российка (7296)
[2026-01-20 21:20:44,588] ERROR: Unexpected status 403 for https://api.hh.ru/vacancies: {"errors":[{"value":"captcha_required","captcha_url":"https://hh.ru/account/captcha?state=pxvcxBozfu7ry7R4QCetFqDzUL2cbK2LGYV-JLOJ644HLrHr0DH6jezFpCb5WIoORh7fkpHCxj4F6mHfOvxRDAKctLcNMOlb_JLSiXw812Y%3D
[2026-01-20 21:20:44,588] INFO: Worker 6 finished area Партизанское; total collected 119
[2026-01-20 21:20:44,589] INFO: Worker 6 scanning area Саянский (4771)
[2026-01-20 21:20:44,643] ERROR: Unexpected status 403 for https://api.hh.ru/vacancies: {"errors":[{"value":"captcha_required","captcha_url":"https://hh.ru/account/captcha?state=pxvcxBozfu7ry7R4QCetFqDzUL2cbK2LGYV-JLOJ644HLrHr0DH6jezFpCb5WIoORh7fkpHCxj4F6mHfOvxRDGLK9zawOcYT0jSvFJCJQG0%3D
[2026-01-20 21:20:44,643] INFO: Worker 5 finished area Норильск; total collected 119
[2026-01-20 21:20:44,643] INFO: Worker 5 scanning area Светлогорск (Красноярский край) (6506)
[2026-01-20 21:20:44,745] ERROR: Unexpected status 403 for https://api.hh.ru/vacancies: {"errors":[{"value":"captcha_required","captcha_url":"https://hh.ru/account/captcha?state=pxvcxBozfu7ry7R4QCetFqDzUL2cbK2LGYV-JLOJ644HLrHr0DH6jezFpCb5WIoORh7fkpHCxj4F6mHfOvxRDMc9gl9DMqq-1lts296RSEQ%3D
[2026-01-20 21:20:44,745] INFO: Worker 4 finished area Подгорный; total collected 119
[2026-01-20 21:20:44,745] INFO: Worker 4 scanning area Северо-Енисейский (Красноярский край) (4772)
[2026-01-20 21:20:44,811] ERROR: Unexpected status 403 for https://api.hh.ru/vacancies: {"errors":[{"value":"captcha_required","captcha_url":"https://hh.ru/account/captcha?state=pxvcxBozfu7ry7R4QCetFqDzUL2cbK2LGYV-JLOJ644HLrHr0DH6jezFpCb5WIoORh7fkpHCxj4F6mHfOvxRDBu8Imd07IM448D8pPvoXJs%3D
[2026-01-20 21:20:44,811] INFO: Worker 7 finished area Предивинск; total collected 119
[2026-01-20 21:20:44,811] INFO: Worker 7 scanning area Сизая (7313)
[2026-01-20 21:20:44,831] ERROR: Unexpected status 403 for https://api.hh.ru/vacancies: {"errors":[{"value":"captcha_required","captcha_url":"https://hh.ru/account/captcha?state=pxvcxBozfu7ry7R4QCetFqDzUL2cbK2LGYV-JLOJ644HLrHr0DH6jezFpCb5WIoORh7fkpHCxj4F6mHfOvxRDC6Hm3cJohxkrbXC6J4Pxec%3D
[2026-01-20 21:20:44,832] INFO: Worker 2 finished area Подтесово; total collected 119
[2026-01-20 21:20:44,832] INFO: Worker 2 scanning area Снежногорск (Красноярский край) (6183)
[2026-01-20 21:20:44,871] ERROR: Unexpected status 403 for https://api.hh.ru/vacancies: {"errors":[{"value":"captcha_required","captcha_url":"https://hh.ru/account/captcha?state=pxvcxBozfu7ry7R4QCetFqDzUL2cbK2LGYV-JLOJ644HLrHr0DH6jezFpCb5WIoORh7fkpHCxj4F6mHfOvxRDF_rvejFkNoOgFcTkt5TagE%3D
[2026-01-20 21:20:44,871] INFO: Worker 6 finished area Саянский; total collected 119
[2026-01-20 21:20:44,872] INFO: Worker 6 scanning area Солнечный (Красноярский край) (6578)
[2026-01-20 21:20:44,919] ERROR: Unexpected status 403 for https://api.hh.ru/vacancies: {"errors":[{"value":"captcha_required","captcha_url":"https://hh.ru/account/captcha?state=pxvcxBozfu7ry7R4QCetFqDzUL2cbK2LGYV-JLOJ644HLrHr0DH6jezFpCb5WIoORh7fkpHCxj4F6mHfOvxRDIx8fEaJ4ymf8JqMsKiInKM%3D
[2026-01-20 21:20:44,919] INFO: Worker 3 finished area Российка; total collected 119
[2026-01-20 21:20:44,919] INFO: Worker 3 scanning area Сосновоборск (1164)
[2026-01-20 21:20:44,955] ERROR: Unexpected status 403 for https://api.hh.ru/vacancies: {"errors":[{"value":"captcha_required","captcha_url":"https://hh.ru/account/captcha?state=pxvcxBozfu7ry7R4QCetFqDzUL2cbK2LGYV-JLOJ644HLrHr0DH6jezFpCb5WIoORh7fkpHCxj4F6mHfOvxRDA6sxhtBzKLUysG6sDBLL6Y%3D
[2026-01-20 21:20:44,955] INFO: Worker 1 finished area Потапово; total collected 119
[2026-01-20 21:20:44,955] INFO: Worker 1 scanning area Субботино (7445)
[2026-01-20 21:20:44,960] ERROR: Unexpected status 403 for https://api.hh.ru/vacancies: {"errors":[{"value":"captcha_required","captcha_url":"https://hh.ru/account/captcha?state=pxvcxBozfu7ry7R4QCetFqDzUL2cbK2LGYV-JLOJ644HLrHr0DH6jezFpCb5WIoORh7fkpHCxj4F6mHfOvxRDBCtfEznTVXn4fPQXgHUf1c%3D
[2026-01-20 21:20:44,960] INFO: Worker 5 finished area Светлогорск (Красноярский край); total collected 119
[2026-01-20 21:20:44,960] INFO: Worker 5 scanning area Сухобузимское (4773)
[2026-01-20 21:20:45,055] ERROR: Unexpected status 403 for https://api.hh.ru/vacancies: {"errors":[{"value":"captcha_required","captcha_url":"https://hh.ru/account/captcha?state=pxvcxBozfu7ry7R4QCetFqDzUL2cbK2LGYV-JLOJ644HLrHr0DH6jezFpCb5WIoORh7fkpHCxj4F6mHfOvxRDGOuT4MgdxYkOv9HtRabaa0%3D
[2026-01-20 21:20:45,055] INFO: Worker 4 finished area Северо-Енисейский (Красноярский край); total collected 119
[2026-01-20 21:20:45,055] INFO: Worker 4 scanning area Таежный (4774)
[2026-01-20 21:20:45,206] ERROR: Unexpected status 403 for https://api.hh.ru/vacancies: {"errors":[{"value":"captcha_required","captcha_url":"https://hh.ru/account/captcha?state=pxvcxBozfu7ry7R4QCetFqDzUL2cbK2LGYV-JLOJ644HLrHr0DH6jezFpCb5WIoORh7fkpHCxj4F6mHfOvxRDAWxBaP4uaIqRY8ACVprGXM%3D
[2026-01-20 21:20:45,206] INFO: Worker 0 finished area Раздолинск; total collected 119
[2026-01-20 21:20:45,206] INFO: Worker 0 scanning area Тасеево (4775)
[2026-01-20 21:20:45,250] ERROR: Unexpected status 403 for https://api.hh.ru/vacancies: {"errors":[{"value":"captcha_required","captcha_url":"https://hh.ru/account/captcha?state=pxvcxBozfu7ry7R4QCetFqDzUL2cbK2LGYV-JLOJ644HLrHr0DH6jezFpCb5WIoORh7fkpHCxj4F6mHfOvxRDGpunpiGaerJ_R767DGMtPk%3D
[2026-01-20 21:20:45,250] INFO: Worker 1 finished area Субботино; total collected 119
[2026-01-20 21:20:45,250] INFO: Worker 1 scanning area Тесь (7308)
[2026-01-20 21:20:45,259] ERROR: Unexpected status 403 for https://api.hh.ru/vacancies: {"errors":[{"value":"captcha_required","captcha_url":"https://hh.ru/account/captcha?state=pxvcxBozfu7ry7R4QCetFqDzUL2cbK2LGYV-JLOJ644HLrHr0DH6jezFpCb5WIoORh7fkpHCxj4F6mHfOvxRDAAgTMck4qmIjw3zpVY9ZA0%3D
[2026-01-20 21:20:45,259] INFO: Worker 6 finished area Солнечный (Красноярский край); total collected 119
[2026-01-20 21:20:45,259] INFO: Worker 6 scanning area Тигино (11842)
[2026-01-20 21:20:45,297] ERROR: Unexpected status 403 for https://api.hh.ru/vacancies: {"errors":[{"value":"captcha_required","captcha_url":"https://hh.ru/account/captcha?state=pxvcxBozfu7ry7R4QCetFqDzUL2cbK2LGYV-JLOJ644HLrHr0DH6jezFpCb5WIoORh7fkpHCxj4F6mHfOvxRDBlVKx47gwFISnUir6FkiYs%3D
[2026-01-20 21:20:45,297] INFO: Worker 5 finished area Сухобузимское; total collected 119
[2026-01-20 21:20:45,297] INFO: Worker 5 scanning area Тинской (7453)
[2026-01-20 21:20:45,439] ERROR: Unexpected status 403 for https://api.hh.ru/vacancies: {"errors":[{"value":"captcha_required","captcha_url":"https://hh.ru/account/captcha?state=pxvcxBozfu7ry7R4QCetFqDzUL2cbK2LGYV-JLOJ644HLrHr0DH6jezFpCb5WIoORh7fkpHCxj4F6mHfOvxRDLDXi1KUkhRszdXdBPsBckk%3D
[2026-01-20 21:20:45,439] INFO: Worker 3 finished area Сосновоборск; total collected 119
[2026-01-20 21:20:45,439] INFO: Worker 3 scanning area Тура (Красноярский край) (215)
[2026-01-20 21:20:45,477] ERROR: Unexpected status 403 for https://api.hh.ru/vacancies: {"errors":[{"value":"captcha_required","captcha_url":"https://hh.ru/account/captcha?state=pxvcxBozfu7ry7R4QCetFqDzUL2cbK2LGYV-JLOJ644HLrHr0DH6jezFpCb5WIoORh7fkpHCxj4F6mHfOvxRDMsQqCUWOzAFYE5eYjXOL4g%3D
[2026-01-20 21:20:45,477] INFO: Worker 7 finished area Сизая; total collected 119
[2026-01-20 21:20:45,477] INFO: Worker 7 scanning area Туруханск (4776)
[2026-01-20 21:20:45,561] ERROR: Unexpected status 403 for https://api.hh.ru/vacancies: {"errors":[{"value":"captcha_required","captcha_url":"https://hh.ru/account/captcha?state=pxvcxBozfu7ry7R4QCetFqDzUL2cbK2LGYV-JLOJ644HLrHr0DH6jezFpCb5WIoORh7fkpHCxj4F6mHfOvxRDDunh6j19LEPOyNmeG4yAzw%3D
[2026-01-20 21:20:45,561] INFO: Worker 1 finished area Тесь; total collected 119
[2026-01-20 21:20:45,561] INFO: Worker 1 scanning area Тюльково (7326)
[2026-01-20 21:20:45,572] ERROR: Unexpected status 403 for https://api.hh.ru/vacancies: {"errors":[{"value":"captcha_required","captcha_url":"https://hh.ru/account/captcha?state=pxvcxBozfu7ry7R4QCetFqDzUL2cbK2LGYV-JLOJ644HLrHr0DH6jezFpCb5WIoORh7fkpHCxj4F6mHfOvxRDB64PaAgb1Fkw25zXJy6T4M%3D
[2026-01-20 21:20:45,572] INFO: Worker 5 finished area Тинской; total collected 119
[2026-01-20 21:20:45,572] INFO: Worker 5 scanning area Тюхтет (4777)
[2026-01-20 21:20:45,580] ERROR: Unexpected status 403 for https://api.hh.ru/vacancies: {"errors":[{"value":"captcha_required","captcha_url":"https://hh.ru/account/captcha?state=pxvcxBozfu7ry7R4QCetFqDzUL2cbK2LGYV-JLOJ644HLrHr0DH6jezFpCb5WIoORh7fkpHCxj4F6mHfOvxRDH4fyDw1bDceHeCApXmZIYk%3D
[2026-01-20 21:20:45,580] INFO: Worker 6 finished area Тигино; total collected 119
[2026-01-20 21:20:45,580] INFO: Worker 6 scanning area Ужур (1165)
[2026-01-20 21:20:45,664] ERROR: Unexpected status 403 for https://api.hh.ru/vacancies: {"errors":[{"value":"captcha_required","captcha_url":"https://hh.ru/account/captcha?state=pxvcxBozfu7ry7R4QCetFqDzUL2cbK2LGYV-JLOJ644HLrHr0DH6jezFpCb5WIoORh7fkpHCxj4F6mHfOvxRDCYP9bVgg83k5XSteZPXUb8%3D
[2026-01-20 21:20:45,664] INFO: Worker 0 finished area Тасеево; total collected 119
[2026-01-20 21:20:45,664] INFO: Worker 0 scanning area Урал (7396)
[2026-01-20 21:20:45,815] ERROR: Unexpected status 403 for https://api.hh.ru/vacancies: {"errors":[{"value":"captcha_required","captcha_url":"https://hh.ru/account/captcha?state=pxvcxBozfu7ry7R4QCetFqDzUL2cbK2LGYV-JLOJ644HLrHr0DH6jezFpCb5WIoORh7fkpHCxj4F6mHfOvxRDBh1-8H_XvCefzAt7Z0-n_Y%3D
[2026-01-20 21:20:45,816] INFO: Worker 4 finished area Таежный; total collected 119
[2026-01-20 21:20:45,816] INFO: Worker 4 scanning area Усть-Кемь (6737)
[2026-01-20 21:20:45,837] ERROR: Unexpected status 403 for https://api.hh.ru/vacancies: {"errors":[{"value":"captcha_required","captcha_url":"https://hh.ru/account/captcha?state=pxvcxBozfu7ry7R4QCetFqDzUL2cbK2LGYV-JLOJ644HLrHr0DH6jezFpCb5WIoORh7fkpHCxj4F6mHfOvxRDDw9UinXMHRZQRBqBxkRauU%3D
[2026-01-20 21:20:45,837] INFO: Worker 3 finished area Тура (Красноярский край); total collected 119
[2026-01-20 21:20:45,837] INFO: Worker 3 scanning area Устьянск (7412)
[2026-01-20 21:20:45,850] ERROR: Unexpected status 403 for https://api.hh.ru/vacancies: {"errors":[{"value":"captcha_required","captcha_url":"https://hh.ru/account/captcha?state=pxvcxBozfu7ry7R4QCetFqDzUL2cbK2LGYV-JLOJ644HLrHr0DH6jezFpCb5WIoORh7fkpHCxj4F6mHfOvxRDALq1Pkjlt2laofblO40eAk%3D
[2026-01-20 21:20:45,850] INFO: Worker 5 finished area Тюхтет; total collected 119
[2026-01-20 21:20:45,850] INFO: Worker 5 scanning area Уяр (1166)
[2026-01-20 21:20:45,918] ERROR: Unexpected status 403 for https://api.hh.ru/vacancies: {"errors":[{"value":"captcha_required","captcha_url":"https://hh.ru/account/captcha?state=pxvcxBozfu7ry7R4QCetFqDzUL2cbK2LGYV-JLOJ644HLrHr0DH6jezFpCb5WIoORh7fkpHCxj4F6mHfOvxRDGchEFxE2TnzlT8jmZC-YHM%3D
[2026-01-20 21:20:45,918] INFO: Worker 7 finished area Туруханск; total collected 119
[2026-01-20 21:20:45,918] INFO: Worker 7 scanning area Филимоново (7328)
[2026-01-20 21:20:45,937] ERROR: Unexpected status 403 for https://api.hh.ru/vacancies: {"errors":[{"value":"captcha_required","captcha_url":"https://hh.ru/account/captcha?state=pxvcxBozfu7ry7R4QCetFqDzUL2cbK2LGYV-JLOJ644HLrHr0DH6jezFpCb5WIoORh7fkpHCxj4F6mHfOvxRDOA1EwHa5vHXA8_6DQKh9_4%3D
[2026-01-20 21:20:45,938] INFO: Worker 2 finished area Снежногорск (Красноярский край); total collected 119
[2026-01-20 21:20:45,938] INFO: Worker 2 scanning area Хантайское Озеро (6616)
[2026-01-20 21:20:45,972] ERROR: Unexpected status 403 for https://api.hh.ru/vacancies: {"errors":[{"value":"captcha_required","captcha_url":"https://hh.ru/account/captcha?state=pxvcxBozfu7ry7R4QCetFqDzUL2cbK2LGYV-JLOJ644HLrHr0DH6jezFpCb5WIoORh7fkpHCxj4F6mHfOvxRDNDj8Jtjdat_24904je4miU%3D
[2026-01-20 21:20:45,972] INFO: Worker 0 finished area Урал; total collected 119
[2026-01-20 21:20:45,972] INFO: Worker 0 scanning area Хатанга (1167)
[2026-01-20 21:20:46,119] ERROR: Unexpected status 403 for https://api.hh.ru/vacancies: {"errors":[{"value":"captcha_required","captcha_url":"https://hh.ru/account/captcha?state=pxvcxBozfu7ry7R4QCetFqDzUL2cbK2LGYV-JLOJ644HLrHr0DH6jezFpCb5WIoORh7fkpHCxj4F6mHfOvxRDHvXYrJDsEkYvI5DhVYQkSY%3D
[2026-01-20 21:20:46,120] INFO: Worker 4 finished area Усть-Кемь; total collected 119
[2026-01-20 21:20:46,120] INFO: Worker 4 scanning area Черемшанка (7338)
[2026-01-20 21:20:46,143] ERROR: Unexpected status 403 for https://api.hh.ru/vacancies: {"errors":[{"value":"captcha_required","captcha_url":"https://hh.ru/account/captcha?state=pxvcxBozfu7ry7R4QCetFqDzUL2cbK2LGYV-JLOJ644HLrHr0DH6jezFpCb5WIoORh7fkpHCxj4F6mHfOvxRDAAQymEhspUk_hJ7GuEMQgU%3D
[2026-01-20 21:20:46,143] INFO: Worker 6 finished area Ужур; total collected 119
[2026-01-20 21:20:46,143] INFO: Worker 6 scanning area Чунояр (4778)
[2026-01-20 21:20:46,147] ERROR: Unexpected status 403 for https://api.hh.ru/vacancies: {"errors":[{"value":"captcha_required","captcha_url":"https://hh.ru/account/captcha?state=pxvcxBozfu7ry7R4QCetFqDzUL2cbK2LGYV-JLOJ644HLrHr0DH6jezFpCb5WIoORh7fkpHCxj4F6mHfOvxRDAkhCoZyaRdOkTUOpUwRPtY%3D
[2026-01-20 21:20:46,147] INFO: Worker 3 finished area Устьянск; total collected 119
[2026-01-20 21:20:46,147] INFO: Worker 3 scanning area Шалинское (4779)
[2026-01-20 21:20:46,229] ERROR: Unexpected status 403 for https://api.hh.ru/vacancies: {"errors":[{"value":"captcha_required","captcha_url":"https://hh.ru/account/captcha?state=pxvcxBozfu7ry7R4QCetFqDzUL2cbK2LGYV-JLOJ644HLrHr0DH6jezFpCb5WIoORh7fkpHCxj4F6mHfOvxRDG6UDXq24FabWFMldbKRuqk%3D
[2026-01-20 21:20:46,229] INFO: Worker 0 finished area Хатанга; total collected 119
[2026-01-20 21:20:46,229] INFO: Worker 0 scanning area Шалоболино (7357)
[2026-01-20 21:20:46,248] ERROR: Unexpected status 403 for https://api.hh.ru/vacancies: {"errors":[{"value":"captcha_required","captcha_url":"https://hh.ru/account/captcha?state=pxvcxBozfu7ry7R4QCetFqDzUL2cbK2LGYV-JLOJ644HLrHr0DH6jezFpCb5WIoORh7fkpHCxj4F6mHfOvxRDESWkgyvPjRcEZa0UHzlwW0%3D
[2026-01-20 21:20:46,248] INFO: Worker 2 finished area Хантайское Озеро; total collected 119
[2026-01-20 21:20:46,249] INFO: Worker 2 scanning area Шарыпово (1168)
[2026-01-20 21:20:46,250] ERROR: Unexpected status 403 for https://api.hh.ru/vacancies: {"errors":[{"value":"captcha_required","captcha_url":"https://hh.ru/account/captcha?state=pxvcxBozfu7ry7R4QCetFqDzUL2cbK2LGYV-JLOJ644HLrHr0DH6jezFpCb5WIoORh7fkpHCxj4F6mHfOvxRDC3lozkCUQDBsRqcsX_Y3i4%3D
[2026-01-20 21:20:46,250] INFO: Worker 1 finished area Тюльково; total collected 119
[2026-01-20 21:20:46,250] INFO: Worker 1 scanning area Шушенское (4780)
[2026-01-20 21:20:46,326] ERROR: Unexpected status 403 for https://api.hh.ru/vacancies: {"errors":[{"value":"captcha_required","captcha_url":"https://hh.ru/account/captcha?state=pxvcxBozfu7ry7R4QCetFqDzUL2cbK2LGYV-JLOJ644HLrHr0DH6jezFpCb5WIoORh7fkpHCxj4F6mHfOvxRDCYyJn-_jaOhea_ztkMnZVk%3D
[2026-01-20 21:20:46,326] INFO: Worker 5 finished area Уяр; total collected 119
[2026-01-20 21:20:46,326] INFO: Worker 5 scanning area Элита (7421)
[2026-01-20 21:20:46,380] ERROR: Unexpected status 403 for https://api.hh.ru/vacancies: {"errors":[{"value":"captcha_required","captcha_url":"https://hh.ru/account/captcha?state=pxvcxBozfu7ry7R4QCetFqDzUL2cbK2LGYV-JLOJ644HLrHr0DH6jezFpCb5WIoORh7fkpHCxj4F6mHfOvxRDHimSWyKoOQ9f3FadXF_D-s%3D
[2026-01-20 21:20:46,381] INFO: Worker 4 finished area Черемшанка; total collected 119
[2026-01-20 21:20:46,381] INFO: Worker 4 scanning area Южно-Енисейск (7366)
[2026-01-20 21:20:46,440] ERROR: Unexpected status 403 for https://api.hh.ru/vacancies: {"errors":[{"value":"captcha_required","captcha_url":"https://hh.ru/account/captcha?state=pxvcxBozfu7ry7R4QCetFqDzUL2cbK2LGYV-JLOJ644HLrHr0DH6jezFpCb5WIoORh7fkpHCxj4F6mHfOvxRDHVXYDptdKXvmr8_aLel5Dc%3D
[2026-01-20 21:20:46,441] INFO: Worker 6 finished area Чунояр; total collected 119
[2026-01-20 21:20:46,441] INFO: Worker 6 scanning area Республика Бурятия (1118)
[2026-01-20 21:20:46,518] ERROR: Unexpected status 403 for https://api.hh.ru/vacancies: {"errors":[{"value":"captcha_required","captcha_url":"https://hh.ru/account/captcha?state=pxvcxBozfu7ry7R4QCetFqDzUL2cbK2LGYV-JLOJ644HLrHr0DH6jezFpCb5WIoORh7fkpHCxj4F6mHfOvxRDJRxNp24LM7_Xh5yLAXTjSA%3D
[2026-01-20 21:20:46,518] INFO: Worker 7 finished area Филимоново; total collected 119
[2026-01-20 21:20:46,518] INFO: Worker 7 scanning area Ангоя (7306)
[2026-01-20 21:20:46,561] ERROR: Unexpected status 403 for https://api.hh.ru/vacancies: {"errors":[{"value":"captcha_required","captcha_url":"https://hh.ru/account/captcha?state=pxvcxBozfu7ry7R4QCetFqDzUL2cbK2LGYV-JLOJ644HLrHr0DH6jezFpCb5WIoORh7fkpHCxj4F6mHfOvxRDCuhStSygoyVtowPceTAdkc%3D
[2026-01-20 21:20:46,561] INFO: Worker 0 finished area Шалоболино; total collected 119
[2026-01-20 21:20:46,561] INFO: Worker 0 scanning area Аршан (Бурятия) (7371)
[2026-01-20 21:20:46,591] ERROR: Unexpected status 403 for https://api.hh.ru/vacancies: {"errors":[{"value":"captcha_required","captcha_url":"https://hh.ru/account/captcha?state=pxvcxBozfu7ry7R4QCetFqDzUL2cbK2LGYV-JLOJ644HLrHr0DH6jezFpCb5WIoORh7fkpHCxj4F6mHfOvxRDDKSvIYES2schM5VGRzPukw%3D
[2026-01-20 21:20:46,591] INFO: Worker 3 finished area Шалинское; total collected 119
[2026-01-20 21:20:46,591] INFO: Worker 3 scanning area Бабушкин (1119)
[2026-01-20 21:20:46,594] ERROR: Unexpected status 403 for https://api.hh.ru/vacancies: {"errors":[{"value":"captcha_required","captcha_url":"https://hh.ru/account/captcha?state=pxvcxBozfu7ry7R4QCetFqDzUL2cbK2LGYV-JLOJ644HLrHr0DH6jezFpCb5WIoORh7fkpHCxj4F6mHfOvxRDPiTP1omWQ9DOJSeaJtnOrY%3D
[2026-01-20 21:20:46,595] INFO: Worker 1 finished area Шушенское; total collected 119
[2026-01-20 21:20:46,595] INFO: Worker 1 scanning area Багдарин (4640)
[2026-01-20 21:20:46,709] ERROR: Unexpected status 403 for https://api.hh.ru/vacancies: {"errors":[{"value":"captcha_required","captcha_url":"https://hh.ru/account/captcha?state=pxvcxBozfu7ry7R4QCetFqDzUL2cbK2LGYV-JLOJ644HLrHr0DH6jezFpCb5WIoORh7fkpHCxj4F6mHfOvxRDEljSq8u0-2HnA2SdmnmDm0%3D
[2026-01-20 21:20:46,709] INFO: Worker 5 finished area Элита; total collected 119
[2026-01-20 21:20:46,709] INFO: Worker 5 scanning area Баргузин (4641)
[2026-01-20 21:20:46,733] ERROR: Unexpected status 403 for https://api.hh.ru/vacancies: {"errors":[{"value":"captcha_required","captcha_url":"https://hh.ru/account/captcha?state=pxvcxBozfu7ry7R4QCetFqDzUL2cbK2LGYV-JLOJ644HLrHr0DH6jezFpCb5WIoORh7fkpHCxj4F6mHfOvxRDA_IuCdFaJkoNmWv_UdwlUg%3D
[2026-01-20 21:20:46,734] INFO: Worker 2 finished area Шарыпово; total collected 119
[2026-01-20 21:20:46,734] INFO: Worker 2 scanning area Баянгол (5058)
[2026-01-20 21:20:46,813] ERROR: Unexpected status 403 for https://api.hh.ru/vacancies: {"errors":[{"value":"captcha_required","captcha_url":"https://hh.ru/account/captcha?state=pxvcxBozfu7ry7R4QCetFqDzUL2cbK2LGYV-JLOJ644HLrHr0DH6jezFpCb5WIoORh7fkpHCxj4F6mHfOvxRDJSybdDaBE2CipH8LABZxSM%3D
[2026-01-20 21:20:46,813] INFO: Worker 4 finished area Южно-Енисейск; total collected 119
[2026-01-20 21:20:46,813] INFO: Worker 4 scanning area Бичура (4642)
[2026-01-20 21:20:46,894] ERROR: Unexpected status 403 for https://api.hh.ru/vacancies: {"errors":[{"value":"captcha_required","captcha_url":"https://hh.ru/account/captcha?state=pxvcxBozfu7ry7R4QCetFqDzUL2cbK2LGYV-JLOJ644HLrHr0DH6jezFpCb5WIoORh7fkpHCxj4F6mHfOvxRDGDYJk5ZGo8PCWBNaZxg9u4%3D
[2026-01-20 21:20:46,894] INFO: Worker 7 finished area Ангоя; total collected 119
[2026-01-20 21:20:46,894] INFO: Worker 7 scanning area Выдрино (5073)
[2026-01-20 21:20:46,932] ERROR: Unexpected status 403 for https://api.hh.ru/vacancies: {"errors":[{"value":"captcha_required","captcha_url":"https://hh.ru/account/captcha?state=pxvcxBozfu7ry7R4QCetFqDzUL2cbK2LGYV-JLOJ644HLrHr0DH6jezFpCb5WIoORh7fkpHCxj4F6mHfOvxRDMQFqH8M5G_hqOVmch7aM5g%3D
[2026-01-20 21:20:46,932] INFO: Worker 1 finished area Багдарин; total collected 119
[2026-01-20 21:20:46,932] INFO: Worker 1 scanning area Горхон (5063)
[2026-01-20 21:20:46,968] ERROR: Unexpected status 403 for https://api.hh.ru/vacancies: {"errors":[{"value":"captcha_required","captcha_url":"https://hh.ru/account/captcha?state=pxvcxBozfu7ry7R4QCetFqDzUL2cbK2LGYV-JLOJ644HLrHr0DH6jezFpCb5WIoORh7fkpHCxj4F6mHfOvxRDAQ7iVAAavgsrnmsexeInZw%3D
[2026-01-20 21:20:46,968] INFO: Worker 6 finished area Республика Бурятия; total collected 119
[2026-01-20 21:20:46,968] INFO: Worker 6 scanning area Горячинск (11497)
[2026-01-20 21:20:46,980] ERROR: Unexpected status 403 for https://api.hh.ru/vacancies: {"errors":[{"value":"captcha_required","captcha_url":"https://hh.ru/account/captcha?state=pxvcxBozfu7ry7R4QCetFqDzUL2cbK2LGYV-JLOJ644HLrHr0DH6jezFpCb5WIoORh7fkpHCxj4F6mHfOvxRDN1wJ4pZRytQNSrPJOlATUs%3D
[2026-01-20 21:20:46,980] INFO: Worker 2 finished area Баянгол; total collected 119
[2026-01-20 21:20:46,980] INFO: Worker 2 scanning area Гусиное Озеро (7368)
[2026-01-20 21:20:47,072] ERROR: Unexpected status 403 for https://api.hh.ru/vacancies: {"errors":[{"value":"captcha_required","captcha_url":"https://hh.ru/account/captcha?state=pxvcxBozfu7ry7R4QCetFqDzUL2cbK2LGYV-JLOJ644HLrHr0DH6jezFpCb5WIoORh7fkpHCxj4F6mHfOvxRDABWTWkPPgC9N0NSAtM_Lso%3D
[2026-01-20 21:20:47,072] INFO: Worker 3 finished area Бабушкин; total collected 119
[2026-01-20 21:20:47,072] INFO: Worker 3 scanning area Гусиноозерск (1120)
[2026-01-20 21:20:47,153] ERROR: Unexpected status 403 for https://api.hh.ru/vacancies: {"errors":[{"value":"captcha_required","captcha_url":"https://hh.ru/account/captcha?state=pxvcxBozfu7ry7R4QCetFqDzUL2cbK2LGYV-JLOJ644HLrHr0DH6jezFpCb5WIoORh7fkpHCxj4F6mHfOvxRDOmfQ7AkOqoppCGQVbfqAoM%3D
[2026-01-20 21:20:47,153] INFO: Worker 5 finished area Баргузин; total collected 119
[2026-01-20 21:20:47,153] INFO: Worker 5 scanning area Джида (5060)
[2026-01-20 21:20:47,172] ERROR: Unexpected status 403 for https://api.hh.ru/vacancies: {"errors":[{"value":"captcha_required","captcha_url":"https://hh.ru/account/captcha?state=pxvcxBozfu7ry7R4QCetFqDzUL2cbK2LGYV-JLOJ644HLrHr0DH6jezFpCb5WIoORh7fkpHCxj4F6mHfOvxRDIXVOK3djsERt8IhirObLPk%3D
[2026-01-20 21:20:47,172] INFO: Worker 4 finished area Бичура; total collected 119
[2026-01-20 21:20:47,173] INFO: Worker 4 scanning area Заиграево (4643)
[2026-01-20 21:20:47,211] ERROR: Unexpected status 403 for https://api.hh.ru/vacancies: {"errors":[{"value":"captcha_required","captcha_url":"https://hh.ru/account/captcha?state=pxvcxBozfu7ry7R4QCetFqDzUL2cbK2LGYV-JLOJ644HLrHr0DH6jezFpCb5WIoORh7fkpHCxj4F6mHfOvxRDG51l1pCMWPbNgWPY4cJN2I%3D
[2026-01-20 21:20:47,212] INFO: Worker 7 finished area Выдрино; total collected 119
[2026-01-20 21:20:47,212] INFO: Worker 7 scanning area Закаменск (1121)
[2026-01-20 21:20:47,229] ERROR: Unexpected status 403 for https://api.hh.ru/vacancies: {"errors":[{"value":"captcha_required","captcha_url":"https://hh.ru/account/captcha?state=pxvcxBozfu7ry7R4QCetFqDzUL2cbK2LGYV-JLOJ644HLrHr0DH6jezFpCb5WIoORh7fkpHCxj4F6mHfOvxRDI5n7bivxzsWirLNinLRrm8%3D
[2026-01-20 21:20:47,229] INFO: Worker 0 finished area Аршан (Бурятия); total collected 119
[2026-01-20 21:20:47,229] INFO: Worker 0 scanning area Иволгинск (4644)
[2026-01-20 21:20:47,443] ERROR: Unexpected status 403 for https://api.hh.ru/vacancies: {"errors":[{"value":"captcha_required","captcha_url":"https://hh.ru/account/captcha?state=pxvcxBozfu7ry7R4QCetFqDzUL2cbK2LGYV-JLOJ644HLrHr0DH6jezFpCb5WIoORh7fkpHCxj4F6mHfOvxRDKFi8tTYXjce2UuHW-dp_ts%3D
[2026-01-20 21:20:47,443] INFO: Worker 2 finished area Гусиное Озеро; total collected 119
[2026-01-20 21:20:47,443] INFO: Worker 2 scanning area Ильинка (5076)
[2026-01-20 21:20:47,483] ERROR: Unexpected status 403 for https://api.hh.ru/vacancies: {"errors":[{"value":"captcha_required","captcha_url":"https://hh.ru/account/captcha?state=pxvcxBozfu7ry7R4QCetFqDzUL2cbK2LGYV-JLOJ644HLrHr0DH6jezFpCb5WIoORh7fkpHCxj4F6mHfOvxRDBpT4guQs0iCmU78NzO_7aA%3D
[2026-01-20 21:20:47,483] INFO: Worker 5 finished area Джида; total collected 119
[2026-01-20 21:20:47,483] INFO: Worker 5 scanning area Илька (5062)
[2026-01-20 21:20:47,568] ERROR: Unexpected status 403 for https://api.hh.ru/vacancies: {"errors":[{"value":"captcha_required","captcha_url":"https://hh.ru/account/captcha?state=pxvcxBozfu7ry7R4QCetFqDzUL2cbK2LGYV-JLOJ644HLrHr0DH6jezFpCb5WIoORh7fkpHCxj4F6mHfOvxRDKk8OvVMCyUktHLowrpf9Us%3D
[2026-01-20 21:20:47,568] INFO: Worker 7 finished area Закаменск; total collected 119
[2026-01-20 21:20:47,568] INFO: Worker 7 scanning area Итанца (5059)
[2026-01-20 21:20:47,590] ERROR: Unexpected status 403 for https://api.hh.ru/vacancies: {"errors":[{"value":"captcha_required","captcha_url":"https://hh.ru/account/captcha?state=pxvcxBozfu7ry7R4QCetFqDzUL2cbK2LGYV-JLOJ644HLrHr0DH6jezFpCb5WIoORh7fkpHCxj4F6mHfOvxRDFGZq4sARJigcrGSzAv0eUY%3D
[2026-01-20 21:20:47,590] INFO: Worker 3 finished area Гусиноозерск; total collected 119
[2026-01-20 21:20:47,590] INFO: Worker 3 scanning area Кабанск (4645)
[2026-01-20 21:20:47,626] ERROR: Unexpected status 403 for https://api.hh.ru/vacancies: {"errors":[{"value":"captcha_required","captcha_url":"https://hh.ru/account/captcha?state=pxvcxBozfu7ry7R4QCetFqDzUL2cbK2LGYV-JLOJ644HLrHr0DH6jezFpCb5WIoORh7fkpHCxj4F6mHfOvxRDMcUC8AU3Pxfht_trETrKCY%3D
[2026-01-20 21:20:47,626] INFO: Worker 1 finished area Горхон; total collected 119
[2026-01-20 21:20:47,626] INFO: Worker 1 scanning area Каменск (4646)
[2026-01-20 21:20:47,633] ERROR: Unexpected status 403 for https://api.hh.ru/vacancies: {"errors":[{"value":"captcha_required","captcha_url":"https://hh.ru/account/captcha?state=pxvcxBozfu7ry7R4QCetFqDzUL2cbK2LGYV-JLOJ644HLrHr0DH6jezFpCb5WIoORh7fkpHCxj4F6mHfOvxRDOp2_G4Gdq0WwFV_xW23SgI%3D
[2026-01-20 21:20:47,634] INFO: Worker 6 finished area Горячинск; total collected 119
[2026-01-20 21:20:47,634] INFO: Worker 6 scanning area Кижинга (4647)
[2026-01-20 21:20:47,728] ERROR: Unexpected status 403 for https://api.hh.ru/vacancies: {"errors":[{"value":"captcha_required","captcha_url":"https://hh.ru/account/captcha?state=pxvcxBozfu7ry7R4QCetFqDzUL2cbK2LGYV-JLOJ644HLrHr0DH6jezFpCb5WIoORh7fkpHCxj4F6mHfOvxRDNHJHi0izjsQTWfz1I_fiE8%3D
[2026-01-20 21:20:47,728] INFO: Worker 4 finished area Заиграево; total collected 119
[2026-01-20 21:20:47,728] INFO: Worker 4 scanning area Кичера (4660)
[2026-01-20 21:20:47,761] ERROR: Unexpected status 403 for https://api.hh.ru/vacancies: {"errors":[{"value":"captcha_required","captcha_url":"https://hh.ru/account/captcha?state=pxvcxBozfu7ry7R4QCetFqDzUL2cbK2LGYV-JLOJ644HLrHr0DH6jezFpCb5WIoORh7fkpHCxj4F6mHfOvxRDF27TBGOR5hbP0SMsU6i3Kg%3D
[2026-01-20 21:20:47,761] INFO: Worker 2 finished area Ильинка; total collected 119
[2026-01-20 21:20:47,761] INFO: Worker 2 scanning area Кома (7300)
[2026-01-20 21:20:47,782] ERROR: Unexpected status 403 for https://api.hh.ru/vacancies: {"errors":[{"value":"captcha_required","captcha_url":"https://hh.ru/account/captcha?state=pxvcxBozfu7ry7R4QCetFqDzUL2cbK2LGYV-JLOJ644HLrHr0DH6jezFpCb5WIoORh7fkpHCxj4F6mHfOvxRDOVwgA4_LnOptV50qmRHg40%3D
[2026-01-20 21:20:47,782] INFO: Worker 5 finished area Илька; total collected 119
[2026-01-20 21:20:47,782] INFO: Worker 5 scanning area Кудара (5074)
[2026-01-20 21:20:47,787] ERROR: Unexpected status 403 for https://api.hh.ru/vacancies: {"errors":[{"value":"captcha_required","captcha_url":"https://hh.ru/account/captcha?state=pxvcxBozfu7ry7R4QCetFqDzUL2cbK2LGYV-JLOJ644HLrHr0DH6jezFpCb5WIoORh7fkpHCxj4F6mHfOvxRDFe-lo--VxAxWFP4pBK3Tz8%3D
[2026-01-20 21:20:47,787] INFO: Worker 0 finished area Иволгинск; total collected 119
[2026-01-20 21:20:47,787] INFO: Worker 0 scanning area Кудара-Сомон (5080)
[2026-01-20 21:20:47,885] ERROR: Unexpected status 403 for https://api.hh.ru/vacancies: {"errors":[{"value":"captcha_required","captcha_url":"https://hh.ru/account/captcha?state=pxvcxBozfu7ry7R4QCetFqDzUL2cbK2LGYV-JLOJ644HLrHr0DH6jezFpCb5WIoORh7fkpHCxj4F6mHfOvxRDAaNFab20G-OfzzAmYfHdMI%3D
[2026-01-20 21:20:47,885] INFO: Worker 7 finished area Итанца; total collected 119
[2026-01-20 21:20:47,885] INFO: Worker 7 scanning area Куйтун (Республика Бурятия) (5065)
[2026-01-20 21:20:47,889] ERROR: Unexpected status 403 for https://api.hh.ru/vacancies: {"errors":[{"value":"captcha_required","captcha_url":"https://hh.ru/account/captcha?state=pxvcxBozfu7ry7R4QCetFqDzUL2cbK2LGYV-JLOJ644HLrHr0DH6jezFpCb5WIoORh7fkpHCxj4F6mHfOvxRDDUMIKKgxaw1Z2fm1wG-sA0%3D
[2026-01-20 21:20:47,890] INFO: Worker 3 finished area Кабанск; total collected 119
[2026-01-20 21:20:47,890] INFO: Worker 3 scanning area Курумкан (4648)
[2026-01-20 21:20:47,911] ERROR: Unexpected status 403 for https://api.hh.ru/vacancies: {"errors":[{"value":"captcha_required","captcha_url":"https://hh.ru/account/captcha?state=pxvcxBozfu7ry7R4QCetFqDzUL2cbK2LGYV-JLOJ644HLrHr0DH6jezFpCb5WIoORh7fkpHCxj4F6mHfOvxRDMsu0evccXUBOoHzaH0sO4w%3D
[2026-01-20 21:20:47,911] INFO: Worker 6 finished area Кижинга; total collected 119
[2026-01-20 21:20:47,911] INFO: Worker 6 scanning area Кырен (4649)
[2026-01-20 21:20:48,058] ERROR: Unexpected status 403 for https://api.hh.ru/vacancies: {"errors":[{"value":"captcha_required","captcha_url":"https://hh.ru/account/captcha?state=pxvcxBozfu7ry7R4QCetFqDzUL2cbK2LGYV-JLOJ644HLrHr0DH6jezFpCb5WIoORh7fkpHCxj4F6mHfOvxRDBLx_PfX_apSHIel3l_Y7tc%3D
[2026-01-20 21:20:48,058] INFO: Worker 1 finished area Каменск; total collected 119
[2026-01-20 21:20:48,058] INFO: Worker 1 scanning area Кяхта (1122)
[2026-01-20 21:20:48,064] ERROR: Unexpected status 403 for https://api.hh.ru/vacancies: {"errors":[{"value":"captcha_required","captcha_url":"https://hh.ru/account/captcha?state=pxvcxBozfu7ry7R4QCetFqDzUL2cbK2LGYV-JLOJ644HLrHr0DH6jezFpCb5WIoORh7fkpHCxj4F6mHfOvxRDHoC7S_xrI3LmqGInGMghHk%3D
[2026-01-20 21:20:48,064] INFO: Worker 4 finished area Кичера; total collected 119
[2026-01-20 21:20:48,064] INFO: Worker 4 scanning area Мухоршибирь (4650)
[2026-01-20 21:20:48,101] ERROR: Unexpected status 403 for https://api.hh.ru/vacancies: {"errors":[{"value":"captcha_required","captcha_url":"https://hh.ru/account/captcha?state=pxvcxBozfu7ry7R4QCetFqDzUL2cbK2LGYV-JLOJ644HLrHr0DH6jezFpCb5WIoORh7fkpHCxj4F6mHfOvxRDAcWWiQhZKAOyaAQ_7adUOA%3D
[2026-01-20 21:20:48,102] INFO: Worker 5 finished area Кудара; total collected 119
[2026-01-20 21:20:48,102] INFO: Worker 5 scanning area Наушки (5082)
[2026-01-20 21:20:48,126] ERROR: Unexpected status 403 for https://api.hh.ru/vacancies: {"errors":[{"value":"captcha_required","captcha_url":"https://hh.ru/account/captcha?state=pxvcxBozfu7ry7R4QCetFqDzUL2cbK2LGYV-JLOJ644HLrHr0DH6jezFpCb5WIoORh7fkpHCxj4F6mHfOvxRDH5LqQEzBMn-say7p2wrLG0%3D
[2026-01-20 21:20:48,126] INFO: Worker 2 finished area Кома; total collected 119
[2026-01-20 21:20:48,126] INFO: Worker 2 scanning area Нижнеангарск (4651)
[2026-01-20 21:20:48,241] ERROR: Unexpected status 403 for https://api.hh.ru/vacancies: {"errors":[{"value":"captcha_required","captcha_url":"https://hh.ru/account/captcha?state=pxvcxBozfu7ry7R4QCetFqDzUL2cbK2LGYV-JLOJ644HLrHr0DH6jezFpCb5WIoORh7fkpHCxj4F6mHfOvxRDEsSRZrSp0n4AiDLUT1HNkY%3D
[2026-01-20 21:20:48,241] INFO: Worker 7 finished area Куйтун (Республика Бурятия); total collected 119
[2026-01-20 21:20:48,241] INFO: Worker 7 scanning area Нижний Саянтуй (11933)
[2026-01-20 21:20:48,254] ERROR: Unexpected status 403 for https://api.hh.ru/vacancies: {"errors":[{"value":"captcha_required","captcha_url":"https://hh.ru/account/captcha?state=pxvcxBozfu7ry7R4QCetFqDzUL2cbK2LGYV-JLOJ644HLrHr0DH6jezFpCb5WIoORh7fkpHCxj4F6mHfOvxRDNKcsp8Vj6b9TxjzEZX8vn8%3D
[2026-01-20 21:20:48,254] INFO: Worker 0 finished area Кудара-Сомон; total collected 119
[2026-01-20 21:20:48,255] INFO: Worker 0 scanning area Нижний Торей (5079)
[2026-01-20 21:20:48,318] ERROR: Unexpected status 403 for https://api.hh.ru/vacancies: {"errors":[{"value":"captcha_required","captcha_url":"https://hh.ru/account/captcha?state=pxvcxBozfu7ry7R4QCetFqDzUL2cbK2LGYV-JLOJ644HLrHr0DH6jezFpCb5WIoORh7fkpHCxj4F6mHfOvxRDJhu0N7Ebg9RWQd-qRaSRXk%3D
[2026-01-20 21:20:48,319] INFO: Worker 3 finished area Курумкан; total collected 119
[2026-01-20 21:20:48,319] INFO: Worker 3 scanning area Никольск (5069)
[2026-01-20 21:20:48,389] ERROR: Unexpected status 403 for https://api.hh.ru/vacancies: {"errors":[{"value":"captcha_required","captcha_url":"https://hh.ru/account/captcha?state=pxvcxBozfu7ry7R4QCetFqDzUL2cbK2LGYV-JLOJ644HLrHr0DH6jezFpCb5WIoORh7fkpHCxj4F6mHfOvxRDDF_XW56rzLK0igV57QzeOc%3D
[2026-01-20 21:20:48,389] INFO: Worker 6 finished area Кырен; total collected 119
[2026-01-20 21:20:48,389] INFO: Worker 6 scanning area Новая Брянь (5061)
[2026-01-20 21:20:48,454] ERROR: Unexpected status 403 for https://api.hh.ru/vacancies: {"errors":[{"value":"captcha_required","captcha_url":"https://hh.ru/account/captcha?state=pxvcxBozfu7ry7R4QCetFqDzUL2cbK2LGYV-JLOJ644HLrHr0DH6jezFpCb5WIoORh7fkpHCxj4F6mHfOvxRDGJJi9Nm5PYROcio-NM6jfk%3D
[2026-01-20 21:20:48,455] INFO: Worker 1 finished area Кяхта; total collected 119
[2026-01-20 21:20:48,455] INFO: Worker 1 scanning area Новоильинск (4652)
[2026-01-20 21:20:48,471] ERROR: Unexpected status 403 for https://api.hh.ru/vacancies: {"errors":[{"value":"captcha_required","captcha_url":"https://hh.ru/account/captcha?state=pxvcxBozfu7ry7R4QCetFqDzUL2cbK2LGYV-JLOJ644HLrHr0DH6jezFpCb5WIoORh7fkpHCxj4F6mHfOvxRDPcHZlRnRvBmlChVI_iNcz8%3D
[2026-01-20 21:20:48,471] INFO: Worker 4 finished area Мухоршибирь; total collected 119
[2026-01-20 21:20:48,471] INFO: Worker 4 scanning area Новоселенгинск (5077)
[2026-01-20 21:20:48,497] ERROR: Unexpected status 403 for https://api.hh.ru/vacancies: {"errors":[{"value":"captcha_required","captcha_url":"https://hh.ru/account/captcha?state=pxvcxBozfu7ry7R4QCetFqDzUL2cbK2LGYV-JLOJ644HLrHr0DH6jezFpCb5WIoORh7fkpHCxj4F6mHfOvxRDGRNdQ8CBZu_PTfV7J5uvno%3D
[2026-01-20 21:20:48,497] INFO: Worker 5 finished area Наушки; total collected 119
[2026-01-20 21:20:48,497] INFO: Worker 5 scanning area Новый Уоян (5083)
[2026-01-20 21:20:48,540] ERROR: Unexpected status 403 for https://api.hh.ru/vacancies: {"errors":[{"value":"captcha_required","captcha_url":"https://hh.ru/account/captcha?state=pxvcxBozfu7ry7R4QCetFqDzUL2cbK2LGYV-JLOJ644HLrHr0DH6jezFpCb5WIoORh7fkpHCxj4F6mHfOvxRDOEuE4JepNma-L50o3DXTUQ%3D
[2026-01-20 21:20:48,541] INFO: Worker 2 finished area Нижнеангарск; total collected 119
[2026-01-20 21:20:48,541] INFO: Worker 2 scanning area Онохой (4653)
[2026-01-20 21:20:48,578] ERROR: Unexpected status 403 for https://api.hh.ru/vacancies: {"errors":[{"value":"captcha_required","captcha_url":"https://hh.ru/account/captcha?state=pxvcxBozfu7ry7R4QCetFqDzUL2cbK2LGYV-JLOJ644HLrHr0DH6jezFpCb5WIoORh7fkpHCxj4F6mHfOvxRDGuVKKnDAlWLirC2Al-u8Yg%3D
[2026-01-20 21:20:48,578] INFO: Worker 0 finished area Нижний Торей; total collected 119
[2026-01-20 21:20:48,579] INFO: Worker 0 scanning area Орлик (7370)
[2026-01-20 21:20:48,587] ERROR: Unexpected status 403 for https://api.hh.ru/vacancies: {"errors":[{"value":"captcha_required","captcha_url":"https://hh.ru/account/captcha?state=pxvcxBozfu7ry7R4QCetFqDzUL2cbK2LGYV-JLOJ644HLrHr0DH6jezFpCb5WIoORh7fkpHCxj4F6mHfOvxRDIV346xbaYB2zRpA3BgRC18%3D
[2026-01-20 21:20:48,587] INFO: Worker 7 finished area Нижний Саянтуй; total collected 119
[2026-01-20 21:20:48,587] INFO: Worker 7 scanning area Петропавловка (Республика Бурятия) (4654)
[2026-01-20 21:20:48,623] ERROR: Unexpected status 403 for https://api.hh.ru/vacancies: {"errors":[{"value":"captcha_required","captcha_url":"https://hh.ru/account/captcha?state=pxvcxBozfu7ry7R4QCetFqDzUL2cbK2LGYV-JLOJ644HLrHr0DH6jezFpCb5WIoORh7fkpHCxj4F6mHfOvxRDJC_MBxIk6oQz1jLAyETUY4%3D
[2026-01-20 21:20:48,624] INFO: Worker 3 finished area Никольск; total collected 119
[2026-01-20 21:20:48,624] INFO: Worker 3 scanning area Подлопатки (5067)
[2026-01-20 21:20:48,728] ERROR: Unexpected status 403 for https://api.hh.ru/vacancies: {"errors":[{"value":"captcha_required","captcha_url":"https://hh.ru/account/captcha?state=pxvcxBozfu7ry7R4QCetFqDzUL2cbK2LGYV-JLOJ644HLrHr0DH6jezFpCb5WIoORh7fkpHCxj4F6mHfOvxRDDVmmMvCs-mOzD5v4SDBD7Q%3D
[2026-01-20 21:20:48,728] INFO: Worker 6 finished area Новая Брянь; total collected 119
[2026-01-20 21:20:48,728] INFO: Worker 6 scanning area Саган-Нур (5072)
[2026-01-20 21:20:48,829] ERROR: Unexpected status 403 for https://api.hh.ru/vacancies: {"errors":[{"value":"captcha_required","captcha_url":"https://hh.ru/account/captcha?state=pxvcxBozfu7ry7R4QCetFqDzUL2cbK2LGYV-JLOJ644HLrHr0DH6jezFpCb5WIoORh7fkpHCxj4F6mHfOvxRDCoRqGuvokEJ6N7nOdeasKg%3D
[2026-01-20 21:20:48,830] INFO: Worker 1 finished area Новоильинск; total collected 119
[2026-01-20 21:20:48,830] INFO: Worker 1 scanning area Северобайкальск (1123)
[2026-01-20 21:20:48,848] ERROR: Unexpected status 403 for https://api.hh.ru/vacancies: {"errors":[{"value":"captcha_required","captcha_url":"https://hh.ru/account/captcha?state=pxvcxBozfu7ry7R4QCetFqDzUL2cbK2LGYV-JLOJ644HLrHr0DH6jezFpCb5WIoORh7fkpHCxj4F6mHfOvxRDDI54nToRAeNYx8tbPZEzJk%3D
[2026-01-20 21:20:48,848] INFO: Worker 4 finished area Новоселенгинск; total collected 119
[2026-01-20 21:20:48,848] INFO: Worker 4 scanning area Северомуйск (4661)
[2026-01-20 21:20:48,909] ERROR: Unexpected status 403 for https://api.hh.ru/vacancies: {"errors":[{"value":"captcha_required","captcha_url":"https://hh.ru/account/captcha?state=pxvcxBozfu7ry7R4QCetFqDzUL2cbK2LGYV-JLOJ644HLrHr0DH6jezFpCb5WIoORh7fkpHCxj4F6mHfOvxRDPwIjsnAjruMUh92Fsr7I0s%3D
[2026-01-20 21:20:48,909] INFO: Worker 3 finished area Подлопатки; total collected 119
[2026-01-20 21:20:48,910] INFO: Worker 3 scanning area Селенгинск (4655)
[2026-01-20 21:20:48,912] ERROR: Unexpected status 403 for https://api.hh.ru/vacancies: {"errors":[{"value":"captcha_required","captcha_url":"https://hh.ru/account/captcha?state=pxvcxBozfu7ry7R4QCetFqDzUL2cbK2LGYV-JLOJ644HLrHr0DH6jezFpCb5WIoORh7fkpHCxj4F6mHfOvxRDA7jNvtQCK4Z9w15ha9S3fg%3D
[2026-01-20 21:20:48,913] INFO: Worker 2 finished area Онохой; total collected 119
[2026-01-20 21:20:48,913] INFO: Worker 2 scanning area Селендум (5078)
[2026-01-20 21:20:48,931] ERROR: Unexpected status 403 for https://api.hh.ru/vacancies: {"errors":[{"value":"captcha_required","captcha_url":"https://hh.ru/account/captcha?state=pxvcxBozfu7ry7R4QCetFqDzUL2cbK2LGYV-JLOJ644HLrHr0DH6jezFpCb5WIoORh7fkpHCxj4F6mHfOvxRDLqEVGa8hAyvw5hbuzg_JUY%3D
[2026-01-20 21:20:48,931] INFO: Worker 5 finished area Новый Уоян; total collected 119
[2026-01-20 21:20:48,931] INFO: Worker 5 scanning area Сосново-Озерское (4656)
[2026-01-20 21:20:48,961] ERROR: Unexpected status 403 for https://api.hh.ru/vacancies: {"errors":[{"value":"captcha_required","captcha_url":"https://hh.ru/account/captcha?state=pxvcxBozfu7ry7R4QCetFqDzUL2cbK2LGYV-JLOJ644HLrHr0DH6jezFpCb5WIoORh7fkpHCxj4F6mHfOvxRDJHoHMrcyczngnOuVFBAnaQ%3D
[2026-01-20 21:20:48,961] INFO: Worker 0 finished area Орлик; total collected 119
[2026-01-20 21:20:48,961] INFO: Worker 0 scanning area Таксимо (2648)
[2026-01-20 21:20:49,020] ERROR: Unexpected status 403 for https://api.hh.ru/vacancies: {"errors":[{"value":"captcha_required","captcha_url":"https://hh.ru/account/captcha?state=pxvcxBozfu7ry7R4QCetFqDzUL2cbK2LGYV-JLOJ644HLrHr0DH6jezFpCb5WIoORh7fkpHCxj4F6mHfOvxRDKqqvr62rXbOOLL6dwpNT08%3D
[2026-01-20 21:20:49,021] INFO: Worker 7 finished area Петропавловка (Республика Бурятия); total collected 119
[2026-01-20 21:20:49,021] INFO: Worker 7 scanning area Таловка (5075)
[2026-01-20 21:20:49,129] ERROR: Unexpected status 403 for https://api.hh.ru/vacancies: {"errors":[{"value":"captcha_required","captcha_url":"https://hh.ru/account/captcha?state=pxvcxBozfu7ry7R4QCetFqDzUL2cbK2LGYV-JLOJ644HLrHr0DH6jezFpCb5WIoORh7fkpHCxj4F6mHfOvxRDGUbboR4A7ANwSmoFkydl9k%3D
[2026-01-20 21:20:49,130] INFO: Worker 6 finished area Саган-Нур; total collected 119
[2026-01-20 21:20:49,130] INFO: Worker 6 scanning area Тарбагатай (5064)
[2026-01-20 21:20:49,226] ERROR: Unexpected status 403 for https://api.hh.ru/vacancies: {"errors":[{"value":"captcha_required","captcha_url":"https://hh.ru/account/captcha?state=pxvcxBozfu7ry7R4QCetFqDzUL2cbK2LGYV-JLOJ644HLrHr0DH6jezFpCb5WIoORh7fkpHCxj4F6mHfOvxRDMLBbC-1iS3Po4p_y5-mrxI%3D
[2026-01-20 21:20:49,226] INFO: Worker 3 finished area Селенгинск; total collected 119
[2026-01-20 21:20:49,226] INFO: Worker 3 scanning area Татарский Ключ (7428)
[2026-01-20 21:20:49,278] ERROR: Unexpected status 403 for https://api.hh.ru/vacancies: {"errors":[{"value":"captcha_required","captcha_url":"https://hh.ru/account/captcha?state=pxvcxBozfu7ry7R4QCetFqDzUL2cbK2LGYV-JLOJ644HLrHr0DH6jezFpCb5WIoORh7fkpHCxj4F6mHfOvxRDKKNTQcnK5qEcJBISfl4jHI%3D
[2026-01-20 21:20:49,279] INFO: Worker 2 finished area Селендум; total collected 119
[2026-01-20 21:20:49,279] INFO: Worker 2 scanning area Татаурово (6897)
[2026-01-20 21:20:49,337] ERROR: Unexpected status 403 for https://api.hh.ru/vacancies: {"errors":[{"value":"captcha_required","captcha_url":"https://hh.ru/account/captcha?state=pxvcxBozfu7ry7R4QCetFqDzUL2cbK2LGYV-JLOJ644HLrHr0DH6jezFpCb5WIoORh7fkpHCxj4F6mHfOvxRDN0UZO7l3VAlYxnv0cB8tcQ%3D
[2026-01-20 21:20:49,338] INFO: Worker 7 finished area Таловка; total collected 119
[2026-01-20 21:20:49,338] INFO: Worker 7 scanning area Тугнуй (5071)
[2026-01-20 21:20:49,340] ERROR: Unexpected status 403 for https://api.hh.ru/vacancies: {"errors":[{"value":"captcha_required","captcha_url":"https://hh.ru/account/captcha?state=pxvcxBozfu7ry7R4QCetFqDzUL2cbK2LGYV-JLOJ644HLrHr0DH6jezFpCb5WIoORh7fkpHCxj4F6mHfOvxRDClXtUgK3zzpbfygetzx9kU%3D
[2026-01-20 21:20:49,340] INFO: Worker 1 finished area Северобайкальск; total collected 119
[2026-01-20 21:20:49,340] INFO: Worker 1 scanning area Турунтаево (4657)
[2026-01-20 21:20:49,413] ERROR: Unexpected status 403 for https://api.hh.ru/vacancies: {"errors":[{"value":"captcha_required","captcha_url":"https://hh.ru/account/captcha?state=pxvcxBozfu7ry7R4QCetFqDzUL2cbK2LGYV-JLOJ644HLrHr0DH6jezFpCb5WIoORh7fkpHCxj4F6mHfOvxRDMALUarHGyyAvgkDWyPvUUA%3D
[2026-01-20 21:20:49,414] INFO: Worker 0 finished area Таксимо; total collected 119
[2026-01-20 21:20:49,414] INFO: Worker 0 scanning area Улан-Удэ (20)
[2026-01-20 21:20:49,471] ERROR: Unexpected status 403 for https://api.hh.ru/vacancies: {"errors":[{"value":"captcha_required","captcha_url":"https://hh.ru/account/captcha?state=pxvcxBozfu7ry7R4QCetFqDzUL2cbK2LGYV-JLOJ644HLrHr0DH6jezFpCb5WIoORh7fkpHCxj4F6mHfOvxRDNoCpRXxkRMGjMOOPuQgjhM%3D
[2026-01-20 21:20:49,471] INFO: Worker 3 finished area Татарский Ключ; total collected 119
[2026-01-20 21:20:49,471] INFO: Worker 3 scanning area Унэгэтэй (7415)
[2026-01-20 21:20:49,515] ERROR: Unexpected status 403 for https://api.hh.ru/vacancies: {"errors":[{"value":"captcha_required","captcha_url":"https://hh.ru/account/captcha?state=pxvcxBozfu7ry7R4QCetFqDzUL2cbK2LGYV-JLOJ644HLrHr0DH6jezFpCb5WIoORh7fkpHCxj4F6mHfOvxRDMK1cmcGHlELYOIBbYnsseo%3D
[2026-01-20 21:20:49,515] INFO: Worker 6 finished area Тарбагатай; total collected 119
[2026-01-20 21:20:49,515] INFO: Worker 6 scanning area Вознесеновка (Республика Бурятия) (13247)
[2026-01-20 21:20:49,607] ERROR: Unexpected status 403 for https://api.hh.ru/vacancies: {"errors":[{"value":"captcha_required","captcha_url":"https://hh.ru/account/captcha?state=pxvcxBozfu7ry7R4QCetFqDzUL2cbK2LGYV-JLOJ644HLrHr0DH6jezFpCb5WIoORh7fkpHCxj4F6mHfOvxRDJn1KvP7ZRykE1cqNw_hKBI%3D
[2026-01-20 21:20:49,607] INFO: Worker 4 finished area Северомуйск; total collected 119
[2026-01-20 21:20:49,607] INFO: Worker 4 scanning area Усть-Баргузин (4658)
[2026-01-20 21:20:49,610] ERROR: Unexpected status 403 for https://api.hh.ru/vacancies: {"errors":[{"value":"captcha_required","captcha_url":"https://hh.ru/account/captcha?state=pxvcxBozfu7ry7R4QCetFqDzUL2cbK2LGYV-JLOJ644HLrHr0DH6jezFpCb5WIoORh7fkpHCxj4F6mHfOvxRDGjwCEID9-DyarGoCKeVUNM%3D
[2026-01-20 21:20:49,612] INFO: Worker 2 finished area Татаурово; total collected 119
[2026-01-20 21:20:49,612] INFO: Worker 2 scanning area Хонхолой (5068)
[2026-01-20 21:20:49,683] ERROR: Unexpected status 403 for https://api.hh.ru/vacancies: {"errors":[{"value":"captcha_required","captcha_url":"https://hh.ru/account/captcha?state=pxvcxBozfu7ry7R4QCetFqDzUL2cbK2LGYV-JLOJ644HLrHr0DH6jezFpCb5WIoORh7fkpHCxj4F6mHfOvxRDAjAJMUZq0Ge60DzyDe5zgo%3D
[2026-01-20 21:20:49,684] INFO: Worker 1 finished area Турунтаево; total collected 119
[2026-01-20 21:20:49,684] INFO: Worker 1 scanning area Хоринск (4659)
[2026-01-20 21:20:49,685] ERROR: Unexpected status 403 for https://api.hh.ru/vacancies: {"errors":[{"value":"captcha_required","captcha_url":"https://hh.ru/account/captcha?state=pxvcxBozfu7ry7R4QCetFqDzUL2cbK2LGYV-JLOJ644HLrHr0DH6jezFpCb5WIoORh7fkpHCxj4F6mHfOvxRDPTwFM84TcXzCCO4eFpRCz4%3D
[2026-01-20 21:20:49,686] INFO: Worker 5 finished area Сосново-Озерское; total collected 119
[2026-01-20 21:20:49,686] INFO: Worker 5 scanning area Хоронхой (7314)
[2026-01-20 21:20:49,761] ERROR: Unexpected status 403 for https://api.hh.ru/vacancies: {"errors":[{"value":"captcha_required","captcha_url":"https://hh.ru/account/captcha?state=pxvcxBozfu7ry7R4QCetFqDzUL2cbK2LGYV-JLOJ644HLrHr0DH6jezFpCb5WIoORh7fkpHCxj4F6mHfOvxRDOI8Kq6bkcX5WaTATHmrLYc%3D
[2026-01-20 21:20:49,762] INFO: Worker 7 finished area Тугнуй; total collected 119
[2026-01-20 21:20:49,762] INFO: Worker 7 scanning area Цолга (5070)
[2026-01-20 21:20:49,811] ERROR: Unexpected status 403 for https://api.hh.ru/vacancies: {"errors":[{"value":"captcha_required","captcha_url":"https://hh.ru/account/captcha?state=pxvcxBozfu7ry7R4QCetFqDzUL2cbK2LGYV-JLOJ644HLrHr0DH6jezFpCb5WIoORh7fkpHCxj4F6mHfOvxRDABHccbt0DSlC8vOyNy-BVE%3D
[2026-01-20 21:20:49,812] INFO: Worker 6 finished area Вознесеновка (Республика Бурятия); total collected 119
[2026-01-20 21:20:49,813] INFO: Worker 6 scanning area Шарагол (5081)
[2026-01-20 21:20:49,838] ERROR: Unexpected status 403 for https://api.hh.ru/vacancies: {"errors":[{"value":"captcha_required","captcha_url":"https://hh.ru/account/captcha?state=pxvcxBozfu7ry7R4QCetFqDzUL2cbK2LGYV-JLOJ644HLrHr0DH6jezFpCb5WIoORh7fkpHCxj4F6mHfOvxRDP7WYh008yDt5lFfSsQvmqM%3D
[2026-01-20 21:20:49,839] INFO: Worker 3 finished area Унэгэтэй; total collected 119
[2026-01-20 21:20:49,839] INFO: Worker 3 scanning area Шаралдай (5066)
[2026-01-20 21:20:49,937] ERROR: Unexpected status 403 for https://api.hh.ru/vacancies: {"errors":[{"value":"captcha_required","captcha_url":"https://hh.ru/account/captcha?state=pxvcxBozfu7ry7R4QCetFqDzUL2cbK2LGYV-JLOJ644HLrHr0DH6jezFpCb5WIoORh7fkpHCxj4F6mHfOvxRDJDqUS6_9KKkptT9iXRmGs4%3D
[2026-01-20 21:20:49,937] INFO: Worker 0 finished area Улан-Удэ; total collected 119
[2026-01-20 21:20:49,937] INFO: Worker 0 scanning area Янчукан (4662)
[2026-01-20 21:20:49,972] ERROR: Unexpected status 403 for https://api.hh.ru/vacancies: {"errors":[{"value":"captcha_required","captcha_url":"https://hh.ru/account/captcha?state=pxvcxBozfu7ry7R4QCetFqDzUL2cbK2LGYV-JLOJ644HLrHr0DH6jezFpCb5WIoORh7fkpHCxj4F6mHfOvxRDD0uvYoPNEz5PEm9dUOibxE%3D
[2026-01-20 21:20:49,973] INFO: Worker 1 finished area Хоринск; total collected 119
[2026-01-20 21:20:49,973] INFO: Worker 1 scanning area Республика Саха (Якутия) (1174)
[2026-01-20 21:20:49,998] ERROR: Unexpected status 403 for https://api.hh.ru/vacancies: {"errors":[{"value":"captcha_required","captcha_url":"https://hh.ru/account/captcha?state=pxvcxBozfu7ry7R4QCetFqDzUL2cbK2LGYV-JLOJ644HLrHr0DH6jezFpCb5WIoORh7fkpHCxj4F6mHfOvxRDMSjAyi43HzG1GnH37qOl-g%3D
[2026-01-20 21:20:49,998] INFO: Worker 5 finished area Хоронхой; total collected 119
[2026-01-20 21:20:49,998] INFO: Worker 5 scanning area Абага (7437)
[2026-01-20 21:20:50,048] ERROR: Unexpected status 403 for https://api.hh.ru/vacancies: {"errors":[{"value":"captcha_required","captcha_url":"https://hh.ru/account/captcha?state=pxvcxBozfu7ry7R4QCetFqDzUL2cbK2LGYV-JLOJ644HLrHr0DH6jezFpCb5WIoORh7fkpHCxj4F6mHfOvxRDIMT083_2NFpgLpAZkAdykc%3D
[2026-01-20 21:20:50,048] INFO: Worker 4 finished area Усть-Баргузин; total collected 119
[2026-01-20 21:20:50,048] INFO: Worker 4 scanning area Айхал (3769)
[2026-01-20 21:20:50,086] ERROR: Unexpected status 403 for https://api.hh.ru/vacancies: {"errors":[{"value":"captcha_required","captcha_url":"https://hh.ru/account/captcha?state=pxvcxBozfu7ry7R4QCetFqDzUL2cbK2LGYV-JLOJ644HLrHr0DH6jezFpCb5WIoORh7fkpHCxj4F6mHfOvxRDO2N0UQG1JPEDDd_BPZY8zA%3D
[2026-01-20 21:20:50,086] INFO: Worker 6 finished area Шарагол; total collected 119
[2026-01-20 21:20:50,086] INFO: Worker 6 scanning area Алдан (1175)
[2026-01-20 21:20:50,087] ERROR: Unexpected status 403 for https://api.hh.ru/vacancies: {"errors":[{"value":"captcha_required","captcha_url":"https://hh.ru/account/captcha?state=pxvcxBozfu7ry7R4QCetFqDzUL2cbK2LGYV-JLOJ644HLrHr0DH6jezFpCb5WIoORh7fkpHCxj4F6mHfOvxRDLabwn0oGHokvqHe8cevImE%3D
[2026-01-20 21:20:50,088] INFO: Worker 2 finished area Хонхолой; total collected 119
[2026-01-20 21:20:50,088] INFO: Worker 2 scanning area Алмазный (6910)
[2026-01-20 21:20:50,131] ERROR: Unexpected status 403 for https://api.hh.ru/vacancies: {"errors":[{"value":"captcha_required","captcha_url":"https://hh.ru/account/captcha?state=pxvcxBozfu7ry7R4QCetFqDzUL2cbK2LGYV-JLOJ644HLrHr0DH6jezFpCb5WIoORh7fkpHCxj4F6mHfOvxRDE7n1JQTKflcSSdWb10bYWc%3D
[2026-01-20 21:20:50,132] INFO: Worker 7 finished area Цолга; total collected 119
[2026-01-20 21:20:50,132] INFO: Worker 7 scanning area Амга (7325)
[2026-01-20 21:20:50,175] ERROR: Unexpected status 403 for https://api.hh.ru/vacancies: {"errors":[{"value":"captcha_required","captcha_url":"https://hh.ru/account/captcha?state=pxvcxBozfu7ry7R4QCetFqDzUL2cbK2LGYV-JLOJ644HLrHr0DH6jezFpCb5WIoORh7fkpHCxj4F6mHfOvxRDFLnf8cC_ebqd01uJRwDKmU%3D
[2026-01-20 21:20:50,176] INFO: Worker 3 finished area Шаралдай; total collected 119
[2026-01-20 21:20:50,176] INFO: Worker 3 scanning area Аргахтах (7312)
[2026-01-20 21:20:50,274] ERROR: Unexpected status 403 for https://api.hh.ru/vacancies: {"errors":[{"value":"captcha_required","captcha_url":"https://hh.ru/account/captcha?state=pxvcxBozfu7ry7R4QCetFqDzUL2cbK2LGYV-JLOJ644HLrHr0DH6jezFpCb5WIoORh7fkpHCxj4F6mHfOvxRDCdPzOP65fZu7vziPNTQpSE%3D
[2026-01-20 21:20:50,274] INFO: Worker 0 finished area Янчукан; total collected 119
[2026-01-20 21:20:50,274] INFO: Worker 0 scanning area Батагай (6774)
[2026-01-20 21:20:50,372] ERROR: Unexpected status 403 for https://api.hh.ru/vacancies: {"errors":[{"value":"captcha_required","captcha_url":"https://hh.ru/account/captcha?state=pxvcxBozfu7ry7R4QCetFqDzUL2cbK2LGYV-JLOJ644HLrHr0DH6jezFpCb5WIoORh7fkpHCxj4F6mHfOvxRDFyJV3l44ES_a9fdwJ1aC1A%3D
[2026-01-20 21:20:50,372] INFO: Worker 5 finished area Абага; total collected 119
[2026-01-20 21:20:50,372] INFO: Worker 5 scanning area Батагай-Алыта (6898)
[2026-01-20 21:20:50,378] ERROR: Unexpected status 403 for https://api.hh.ru/vacancies: {"errors":[{"value":"captcha_required","captcha_url":"https://hh.ru/account/captcha?state=pxvcxBozfu7ry7R4QCetFqDzUL2cbK2LGYV-JLOJ644HLrHr0DH6jezFpCb5WIoORh7fkpHCxj4F6mHfOvxRDLy_MsDA_XJhIWK_SR3oMrE%3D
[2026-01-20 21:20:50,378] INFO: Worker 2 finished area Алмазный; total collected 119
[2026-01-20 21:20:50,378] INFO: Worker 2 scanning area Белая Гора (7462)
[2026-01-20 21:20:50,468] ERROR: Unexpected status 403 for https://api.hh.ru/vacancies: {"errors":[{"value":"captcha_required","captcha_url":"https://hh.ru/account/captcha?state=pxvcxBozfu7ry7R4QCetFqDzUL2cbK2LGYV-JLOJ644HLrHr0DH6jezFpCb5WIoORh7fkpHCxj4F6mHfOvxRDFMq1lwisL9BEwRNcJK2Vxg%3D
[2026-01-20 21:20:50,468] INFO: Worker 1 finished area Республика Саха (Якутия); total collected 119
[2026-01-20 21:20:50,468] INFO: Worker 1 scanning area Бердигестях (6331)
[2026-01-20 21:20:50,638] ERROR: Unexpected status 403 for https://api.hh.ru/vacancies: {"errors":[{"value":"captcha_required","captcha_url":"https://hh.ru/account/captcha?state=pxvcxBozfu7ry7R4QCetFqDzUL2cbK2LGYV-JLOJ644HLrHr0DH6jezFpCb5WIoORh7fkpHCxj4F6mHfOvxRDLXH2cSnLA_XLVPw5yJtyn0%3D
[2026-01-20 21:20:50,638] INFO: Worker 3 finished area Аргахтах; total collected 119
[2026-01-20 21:20:50,638] INFO: Worker 3 scanning area Беркакит (6371)
[2026-01-20 21:20:50,648] ERROR: Unexpected status 403 for https://api.hh.ru/vacancies: {"errors":[{"value":"captcha_required","captcha_url":"https://hh.ru/account/captcha?state=pxvcxBozfu7ry7R4QCetFqDzUL2cbK2LGYV-JLOJ644HLrHr0DH6jezFpCb5WIoORh7fkpHCxj4F6mHfOvxRDK3psWvQnpJazNYWq0mJ_bE%3D
[2026-01-20 21:20:50,648] INFO: Worker 2 finished area Белая Гора; total collected 119
[2026-01-20 21:20:50,648] INFO: Worker 2 scanning area Бестях (7409)
[2026-01-20 21:20:50,663] ERROR: Unexpected status 403 for https://api.hh.ru/vacancies: {"errors":[{"value":"captcha_required","captcha_url":"https://hh.ru/account/captcha?state=pxvcxBozfu7ry7R4QCetFqDzUL2cbK2LGYV-JLOJ644HLrHr0DH6jezFpCb5WIoORh7fkpHCxj4F6mHfOvxRDN_TkxsiBpLZ7Xsju33wZGc%3D
[2026-01-20 21:20:50,663] INFO: Worker 6 finished area Алдан; total collected 119
[2026-01-20 21:20:50,663] INFO: Worker 6 scanning area Болугур (7341)
[2026-01-20 21:20:50,718] ERROR: Unexpected status 403 for https://api.hh.ru/vacancies: {"errors":[{"value":"captcha_required","captcha_url":"https://hh.ru/account/captcha?state=pxvcxBozfu7ry7R4QCetFqDzUL2cbK2LGYV-JLOJ644HLrHr0DH6jezFpCb5WIoORh7fkpHCxj4F6mHfOvxRDA2ynGEuaB-mpxNSZamU9X0%3D
[2026-01-20 21:20:50,718] INFO: Worker 7 finished area Амга; total collected 119
[2026-01-20 21:20:50,718] INFO: Worker 7 scanning area Боробул (11910)
[2026-01-20 21:20:50,746] ERROR: Unexpected status 403 for https://api.hh.ru/vacancies: {"errors":[{"value":"captcha_required","captcha_url":"https://hh.ru/account/captcha?state=pxvcxBozfu7ry7R4QCetFqDzUL2cbK2LGYV-JLOJ644HLrHr0DH6jezFpCb5WIoORh7fkpHCxj4F6mHfOvxRDF1TxSbPS5TyV48xkHZcXFo%3D
[2026-01-20 21:20:50,747] INFO: Worker 5 finished area Батагай-Алыта; total collected 119
[2026-01-20 21:20:50,747] INFO: Worker 5 scanning area Борогонцы (6370)
[2026-01-20 21:20:50,828] ERROR: Unexpected status 403 for https://api.hh.ru/vacancies: {"errors":[{"value":"captcha_required","captcha_url":"https://hh.ru/account/captcha?state=pxvcxBozfu7ry7R4QCetFqDzUL2cbK2LGYV-JLOJ644HLrHr0DH6jezFpCb5WIoORh7fkpHCxj4F6mHfOvxRDPiL36O5Q_zc7P7-2hlSzuQ%3D
[2026-01-20 21:20:50,828] INFO: Worker 1 finished area Бердигестях; total collected 119
[2026-01-20 21:20:50,828] INFO: Worker 1 scanning area Верхневилюйск (6923)
[2026-01-20 21:20:50,841] ERROR: Unexpected status 403 for https://api.hh.ru/vacancies: {"errors":[{"value":"captcha_required","captcha_url":"https://hh.ru/account/captcha?state=pxvcxBozfu7ry7R4QCetFqDzUL2cbK2LGYV-JLOJ644HLrHr0DH6jezFpCb5WIoORh7fkpHCxj4F6mHfOvxRDCI_V_6UmMyjpv1kt1JVqqo%3D
[2026-01-20 21:20:50,841] INFO: Worker 0 finished area Батагай; total collected 119
[2026-01-20 21:20:50,841] INFO: Worker 0 scanning area Верхний Куранах (6907)
[2026-01-20 21:20:50,945] ERROR: Unexpected status 403 for https://api.hh.ru/vacancies: {"errors":[{"value":"captcha_required","captcha_url":"https://hh.ru/account/captcha?state=pxvcxBozfu7ry7R4QCetFqDzUL2cbK2LGYV-JLOJ644HLrHr0DH6jezFpCb5WIoORh7fkpHCxj4F6mHfOvxRDF3KUkAbmhUVr4BeFco2tK8%3D
[2026-01-20 21:20:50,945] INFO: Worker 3 finished area Беркакит; total collected 119
[2026-01-20 21:20:50,945] INFO: Worker 3 scanning area Верхоянск (1176)
[2026-01-20 21:20:50,950] ERROR: Unexpected status 403 for https://api.hh.ru/vacancies: {"errors":[{"value":"captcha_required","captcha_url":"https://hh.ru/account/captcha?state=pxvcxBozfu7ry7R4QCetFqDzUL2cbK2LGYV-JLOJ644HLrHr0DH6jezFpCb5WIoORh7fkpHCxj4F6mHfOvxRDIGK6llnGu_dI3qbYTk5myE%3D
[2026-01-20 21:20:50,950] INFO: Worker 2 finished area Бестях; total collected 119
[2026-01-20 21:20:50,951] INFO: Worker 2 scanning area Вилюйск (1177)
[2026-01-20 21:20:51,053] ERROR: Unexpected status 403 for https://api.hh.ru/vacancies: {"errors":[{"value":"captcha_required","captcha_url":"https://hh.ru/account/captcha?state=pxvcxBozfu7ry7R4QCetFqDzUL2cbK2LGYV-JLOJ644HLrHr0DH6jezFpCb5WIoORh7fkpHCxj4F6mHfOvxRDNfSn7O7-LgDHCiNYeEE1hw%3D
[2026-01-20 21:20:51,053] INFO: Worker 7 finished area Боробул; total collected 119
[2026-01-20 21:20:51,053] INFO: Worker 7 scanning area Витим (6245)
[2026-01-20 21:20:51,120] ERROR: Unexpected status 403 for https://api.hh.ru/vacancies: {"errors":[{"value":"captcha_required","captcha_url":"https://hh.ru/account/captcha?state=pxvcxBozfu7ry7R4QCetFqDzUL2cbK2LGYV-JLOJ644HLrHr0DH6jezFpCb5WIoORh7fkpHCxj4F6mHfOvxRDKnxiGRywdx1BjvSXhNL7yE%3D
[2026-01-20 21:20:51,120] INFO: Worker 4 finished area Айхал; total collected 119
[2026-01-20 21:20:51,120] INFO: Worker 4 scanning area Депутатский (7380)
[2026-01-20 21:20:51,128] ERROR: Unexpected status 403 for https://api.hh.ru/vacancies: {"errors":[{"value":"captcha_required","captcha_url":"https://hh.ru/account/captcha?state=pxvcxBozfu7ry7R4QCetFqDzUL2cbK2LGYV-JLOJ644HLrHr0DH6jezFpCb5WIoORh7fkpHCxj4F6mHfOvxRDOdOo9lTboCph_OzZpBOG_c%3D
[2026-01-20 21:20:51,129] INFO: Worker 0 finished area Верхний Куранах; total collected 119
[2026-01-20 21:20:51,129] INFO: Worker 0 scanning area Джебарики-Хая (6915)
[2026-01-20 21:20:51,227] ERROR: Unexpected status 403 for https://api.hh.ru/vacancies: {"errors":[{"value":"captcha_required","captcha_url":"https://hh.ru/account/captcha?state=pxvcxBozfu7ry7R4QCetFqDzUL2cbK2LGYV-JLOJ644HLrHr0DH6jezFpCb5WIoORh7fkpHCxj4F6mHfOvxRDPjxXimcF_8iu0YIhecycuc%3D
[2026-01-20 21:20:51,227] INFO: Worker 1 finished area Верхневилюйск; total collected 119
[2026-01-20 21:20:51,227] INFO: Worker 1 scanning area Жатай (5296)
[2026-01-20 21:20:51,233] ERROR: Unexpected status 403 for https://api.hh.ru/vacancies: {"errors":[{"value":"captcha_required","captcha_url":"https://hh.ru/account/captcha?state=pxvcxBozfu7ry7R4QCetFqDzUL2cbK2LGYV-JLOJ644HLrHr0DH6jezFpCb5WIoORh7fkpHCxj4F6mHfOvxRDMGbqGDxKcM37td2IgsqTu8%3D
[2026-01-20 21:20:51,233] INFO: Worker 6 finished area Болугур; total collected 119
[2026-01-20 21:20:51,234] INFO: Worker 6 scanning area Жиганск (6920)
[2026-01-20 21:20:51,247] ERROR: Unexpected status 403 for https://api.hh.ru/vacancies: {"errors":[{"value":"captcha_required","captcha_url":"https://hh.ru/account/captcha?state=pxvcxBozfu7ry7R4QCetFqDzUL2cbK2LGYV-JLOJ644HLrHr0DH6jezFpCb5WIoORh7fkpHCxj4F6mHfOvxRDM2Lhwh1z_RejV5EFwwjLq0%3D
[2026-01-20 21:20:51,247] INFO: Worker 2 finished area Вилюйск; total collected 119
[2026-01-20 21:20:51,247] INFO: Worker 2 scanning area Зырянка (7401)
[2026-01-20 21:20:51,256] ERROR: Unexpected status 403 for https://api.hh.ru/vacancies: {"errors":[{"value":"captcha_required","captcha_url":"https://hh.ru/account/captcha?state=pxvcxBozfu7ry7R4QCetFqDzUL2cbK2LGYV-JLOJ644HLrHr0DH6jezFpCb5WIoORh7fkpHCxj4F6mHfOvxRDE-ewuHIOEGXAlxBsWIXVJA%3D
[2026-01-20 21:20:51,256] INFO: Worker 3 finished area Верхоянск; total collected 119
[2026-01-20 21:20:51,256] INFO: Worker 3 scanning area Иенгра (7346)
[2026-01-20 21:20:51,428] ERROR: Unexpected status 403 for https://api.hh.ru/vacancies: {"errors":[{"value":"captcha_required","captcha_url":"https://hh.ru/account/captcha?state=pxvcxBozfu7ry7R4QCetFqDzUL2cbK2LGYV-JLOJ644HLrHr0DH6jezFpCb5WIoORh7fkpHCxj4F6mHfOvxRDNXlPGSELUhtIs3BLFh6zNM%3D
[2026-01-20 21:20:51,428] INFO: Worker 7 finished area Витим; total collected 119
[2026-01-20 21:20:51,428] INFO: Worker 7 scanning area Казачье (6913)
[2026-01-20 21:20:51,450] ERROR: Unexpected status 403 for https://api.hh.ru/vacancies: {"errors":[{"value":"captcha_required","captcha_url":"https://hh.ru/account/captcha?state=pxvcxBozfu7ry7R4QCetFqDzUL2cbK2LGYV-JLOJ644HLrHr0DH6jezFpCb5WIoORh7fkpHCxj4F6mHfOvxRDA4Ie8WOP1_--bUZUfjpWGY%3D
[2026-01-20 21:20:51,450] INFO: Worker 0 finished area Джебарики-Хая; total collected 119
[2026-01-20 21:20:51,450] INFO: Worker 0 scanning area Кангалассы (7416)
[2026-01-20 21:20:51,511] ERROR: Unexpected status 403 for https://api.hh.ru/vacancies: {"errors":[{"value":"captcha_required","captcha_url":"https://hh.ru/account/captcha?state=pxvcxBozfu7ry7R4QCetFqDzUL2cbK2LGYV-JLOJ644HLrHr0DH6jezFpCb5WIoORh7fkpHCxj4F6mHfOvxRDChL6WOYIRctcdVCSbC8Pjw%3D
[2026-01-20 21:20:51,511] INFO: Worker 5 finished area Борогонцы; total collected 119
[2026-01-20 21:20:51,511] INFO: Worker 5 scanning area Кемпендяй (7299)
[2026-01-20 21:20:51,512] ERROR: Unexpected status 403 for https://api.hh.ru/vacancies: {"errors":[{"value":"captcha_required","captcha_url":"https://hh.ru/account/captcha?state=pxvcxBozfu7ry7R4QCetFqDzUL2cbK2LGYV-JLOJ644HLrHr0DH6jezFpCb5WIoORh7fkpHCxj4F6mHfOvxRDEiJKn3Q9-c5GZgbYgTqvKo%3D
[2026-01-20 21:20:51,512] INFO: Worker 1 finished area Жатай; total collected 119
[2026-01-20 21:20:51,513] INFO: Worker 1 scanning area Кобяй (7320)
[2026-01-20 21:20:51,559] ERROR: Unexpected status 403 for https://api.hh.ru/vacancies: {"errors":[{"value":"captcha_required","captcha_url":"https://hh.ru/account/captcha?state=pxvcxBozfu7ry7R4QCetFqDzUL2cbK2LGYV-JLOJ644HLrHr0DH6jezFpCb5WIoORh7fkpHCxj4F6mHfOvxRDMHKOZGf646IE2bpaxgi2jY%3D
[2026-01-20 21:20:51,559] INFO: Worker 2 finished area Зырянка; total collected 119
[2026-01-20 21:20:51,559] INFO: Worker 2 scanning area Кутана (7383)
[2026-01-20 21:20:51,626] ERROR: Unexpected status 403 for https://api.hh.ru/vacancies: {"errors":[{"value":"captcha_required","captcha_url":"https://hh.ru/account/captcha?state=pxvcxBozfu7ry7R4QCetFqDzUL2cbK2LGYV-JLOJ644HLrHr0DH6jezFpCb5WIoORh7fkpHCxj4F6mHfOvxRDDtcYHwqh11DzjtKD4Rq05Y%3D
[2026-01-20 21:20:51,626] INFO: Worker 3 finished area Иенгра; total collected 119
[2026-01-20 21:20:51,627] INFO: Worker 3 scanning area Кысыл-Сыр (6199)
[2026-01-20 21:20:51,657] ERROR: Unexpected status 403 for https://api.hh.ru/vacancies: {"errors":[{"value":"captcha_required","captcha_url":"https://hh.ru/account/captcha?state=pxvcxBozfu7ry7R4QCetFqDzUL2cbK2LGYV-JLOJ644HLrHr0DH6jezFpCb5WIoORh7fkpHCxj4F6mHfOvxRDLgCy7LoX-WLAS5PH3khP9U%3D
[2026-01-20 21:20:51,657] INFO: Worker 4 finished area Депутатский; total collected 119
[2026-01-20 21:20:51,657] INFO: Worker 4 scanning area Кюндяде (6900)
[2026-01-20 21:20:51,713] ERROR: Unexpected status 403 for https://api.hh.ru/vacancies: {"errors":[{"value":"captcha_required","captcha_url":"https://hh.ru/account/captcha?state=pxvcxBozfu7ry7R4QCetFqDzUL2cbK2LGYV-JLOJ644HLrHr0DH6jezFpCb5WIoORh7fkpHCxj4F6mHfOvxRDDhAlE9R9rExU3hbwwlX_uY%3D
[2026-01-20 21:20:51,714] INFO: Worker 6 finished area Жиганск; total collected 119
[2026-01-20 21:20:51,714] INFO: Worker 6 scanning area Кюндядя (7302)
[2026-01-20 21:20:51,812] ERROR: Unexpected status 403 for https://api.hh.ru/vacancies: {"errors":[{"value":"captcha_required","captcha_url":"https://hh.ru/account/captcha?state=pxvcxBozfu7ry7R4QCetFqDzUL2cbK2LGYV-JLOJ644HLrHr0DH6jezFpCb5WIoORh7fkpHCxj4F6mHfOvxRDJQrfojlmzNEhMcYfN4hgoc%3D
[2026-01-20 21:20:51,812] INFO: Worker 5 finished area Кемпендяй; total collected 119
[2026-01-20 21:20:51,812] INFO: Worker 5 scanning area Кюсюр (7293)
[2026-01-20 21:20:51,841] ERROR: Unexpected status 403 for https://api.hh.ru/vacancies: {"errors":[{"value":"captcha_required","captcha_url":"https://hh.ru/account/captcha?state=pxvcxBozfu7ry7R4QCetFqDzUL2cbK2LGYV-JLOJ644HLrHr0DH6jezFpCb5WIoORh7fkpHCxj4F6mHfOvxRDA_gP7NrFFTl0RC_9z6r6nI%3D
[2026-01-20 21:20:51,841] INFO: Worker 0 finished area Кангалассы; total collected 119
[2026-01-20 21:20:51,841] INFO: Worker 0 scanning area Лебединый (6908)
[2026-01-20 21:20:51,910] ERROR: Unexpected status 403 for https://api.hh.ru/vacancies: {"errors":[{"value":"captcha_required","captcha_url":"https://hh.ru/account/captcha?state=pxvcxBozfu7ry7R4QCetFqDzUL2cbK2LGYV-JLOJ644HLrHr0DH6jezFpCb5WIoORh7fkpHCxj4F6mHfOvxRDOWSrZ65tNiYZJDLugHwlXI%3D
[2026-01-20 21:20:51,910] INFO: Worker 4 finished area Кюндяде; total collected 119
[2026-01-20 21:20:51,910] INFO: Worker 4 scanning area Ленинский (Республика Саха (Якутия)) (7372)
[2026-01-20 21:20:51,912] ERROR: Unexpected status 403 for https://api.hh.ru/vacancies: {"errors":[{"value":"captcha_required","captcha_url":"https://hh.ru/account/captcha?state=pxvcxBozfu7ry7R4QCetFqDzUL2cbK2LGYV-JLOJ644HLrHr0DH6jezFpCb5WIoORh7fkpHCxj4F6mHfOvxRDLei7NV_iHWUZx5dkUq5agc%3D
[2026-01-20 21:20:51,913] INFO: Worker 7 finished area Казачье; total collected 119
[2026-01-20 21:20:51,914] INFO: Worker 7 scanning area Ленск (1178)
[2026-01-20 21:20:51,963] ERROR: Unexpected status 403 for https://api.hh.ru/vacancies: {"errors":[{"value":"captcha_required","captcha_url":"https://hh.ru/account/captcha?state=pxvcxBozfu7ry7R4QCetFqDzUL2cbK2LGYV-JLOJ644HLrHr0DH6jezFpCb5WIoORh7fkpHCxj4F6mHfOvxRDOGhJprdPWMZEnF-yBsGxu8%3D
[2026-01-20 21:20:51,963] INFO: Worker 3 finished area Кысыл-Сыр; total collected 119
[2026-01-20 21:20:51,963] INFO: Worker 3 scanning area Майя (5298)
[2026-01-20 21:20:52,052] ERROR: Unexpected status 403 for https://api.hh.ru/vacancies: {"errors":[{"value":"captcha_required","captcha_url":"https://hh.ru/account/captcha?state=pxvcxBozfu7ry7R4QCetFqDzUL2cbK2LGYV-JLOJ644HLrHr0DH6jezFpCb5WIoORh7fkpHCxj4F6mHfOvxRDHrWRLOP4LYYlkSTTgatIf8%3D
[2026-01-20 21:20:52,052] INFO: Worker 1 finished area Кобяй; total collected 119
[2026-01-20 21:20:52,052] INFO: Worker 1 scanning area Малыкай (7342)
[2026-01-20 21:20:52,061] ERROR: Unexpected status 403 for https://api.hh.ru/vacancies: {"errors":[{"value":"captcha_required","captcha_url":"https://hh.ru/account/captcha?state=pxvcxBozfu7ry7R4QCetFqDzUL2cbK2LGYV-JLOJ644HLrHr0DH6jezFpCb5WIoORh7fkpHCxj4F6mHfOvxRDEykItGPgmJ1GBRWHL-J3_Y%3D
[2026-01-20 21:20:52,061] INFO: Worker 2 finished area Кутана; total collected 119
[2026-01-20 21:20:52,061] INFO: Worker 2 scanning area Мар (7327)
[2026-01-20 21:20:52,130] ERROR: Unexpected status 403 for https://api.hh.ru/vacancies: {"errors":[{"value":"captcha_required","captcha_url":"https://hh.ru/account/captcha?state=pxvcxBozfu7ry7R4QCetFqDzUL2cbK2LGYV-JLOJ644HLrHr0DH6jezFpCb5WIoORh7fkpHCxj4F6mHfOvxRDFiiGo0FDiJZnc6_0bLHGYk%3D
[2026-01-20 21:20:52,131] INFO: Worker 0 finished area Лебединый; total collected 119
[2026-01-20 21:20:52,131] INFO: Worker 0 scanning area Мирный (Республика Саха (Якутия)) (1179)
[2026-01-20 21:20:52,246] ERROR: Unexpected status 403 for https://api.hh.ru/vacancies: {"errors":[{"value":"captcha_required","captcha_url":"https://hh.ru/account/captcha?state=pxvcxBozfu7ry7R4QCetFqDzUL2cbK2LGYV-JLOJ644HLrHr0DH6jezFpCb5WIoORh7fkpHCxj4F6mHfOvxRDKwFpdzGkJZzkOLRJnc1Gn8%3D
[2026-01-20 21:20:52,246] INFO: Worker 6 finished area Кюндядя; total collected 119
[2026-01-20 21:20:52,246] INFO: Worker 6 scanning area Мохсоголлох (7315)
[2026-01-20 21:20:52,310] ERROR: Unexpected status 403 for https://api.hh.ru/vacancies: {"errors":[{"value":"captcha_required","captcha_url":"https://hh.ru/account/captcha?state=pxvcxBozfu7ry7R4QCetFqDzUL2cbK2LGYV-JLOJ644HLrHr0DH6jezFpCb5WIoORh7fkpHCxj4F6mHfOvxRDG-EEx9V4JdXNXhLGCLyXwE%3D
[2026-01-20 21:20:52,311] INFO: Worker 1 finished area Малыкай; total collected 119
[2026-01-20 21:20:52,311] INFO: Worker 1 scanning area Намцы (5294)
[2026-01-20 21:20:52,359] ERROR: Unexpected status 403 for https://api.hh.ru/vacancies: {"errors":[{"value":"captcha_required","captcha_url":"https://hh.ru/account/captcha?state=pxvcxBozfu7ry7R4QCetFqDzUL2cbK2LGYV-JLOJ644HLrHr0DH6jezFpCb5WIoORh7fkpHCxj4F6mHfOvxRDEQIjn9ySxoVNhTMMZLrU_g%3D
[2026-01-20 21:20:52,359] INFO: Worker 5 finished area Кюсюр; total collected 119
[2026-01-20 21:20:52,359] INFO: Worker 5 scanning area Нерюнгри (1180)
[2026-01-20 21:20:52,378] ERROR: Unexpected status 403 for https://api.hh.ru/vacancies: {"errors":[{"value":"captcha_required","captcha_url":"https://hh.ru/account/captcha?state=pxvcxBozfu7ry7R4QCetFqDzUL2cbK2LGYV-JLOJ644HLrHr0DH6jezFpCb5WIoORh7fkpHCxj4F6mHfOvxRDEI18dJHUczVrNqA1JTEF04%3D
[2026-01-20 21:20:52,378] INFO: Worker 7 finished area Ленск; total collected 119
[2026-01-20 21:20:52,378] INFO: Worker 7 scanning area Нижнеянск (6909)
[2026-01-20 21:20:52,435] ERROR: Unexpected status 403 for https://api.hh.ru/vacancies: {"errors":[{"value":"captcha_required","captcha_url":"https://hh.ru/account/captcha?state=pxvcxBozfu7ry7R4QCetFqDzUL2cbK2LGYV-JLOJ644HLrHr0DH6jezFpCb5WIoORh7fkpHCxj4F6mHfOvxRDJyrXeRJcjy7sS_9bVDnmrc%3D
[2026-01-20 21:20:52,435] INFO: Worker 2 finished area Мар; total collected 119
[2026-01-20 21:20:52,435] INFO: Worker 2 scanning area Нижний Бестях (6316)
[2026-01-20 21:20:52,572] ERROR: Unexpected status 403 for https://api.hh.ru/vacancies: {"errors":[{"value":"captcha_required","captcha_url":"https://hh.ru/account/captcha?state=pxvcxBozfu7ry7R4QCetFqDzUL2cbK2LGYV-JLOJ644HLrHr0DH6jezFpCb5WIoORh7fkpHCxj4F6mHfOvxRDEITv0C_5UTaDK2rQ7MrKKM%3D
[2026-01-20 21:20:52,573] INFO: Worker 3 finished area Майя; total collected 119
[2026-01-20 21:20:52,573] INFO: Worker 3 scanning area Нижний Куранах (7402)
[2026-01-20 21:20:52,575] ERROR: Unexpected status 403 for https://api.hh.ru/vacancies: {"errors":[{"value":"captcha_required","captcha_url":"https://hh.ru/account/captcha?state=pxvcxBozfu7ry7R4QCetFqDzUL2cbK2LGYV-JLOJ644HLrHr0DH6jezFpCb5WIoORh7fkpHCxj4F6mHfOvxRDDptgLVGgARW1XeINXVv1J8%3D
[2026-01-20 21:20:52,576] INFO: Worker 0 finished area Мирный (Республика Саха (Якутия)); total collected 119
[2026-01-20 21:20:52,576] INFO: Worker 0 scanning area Нюрба (1181)
[2026-01-20 21:20:52,609] ERROR: Unexpected status 403 for https://api.hh.ru/vacancies: {"errors":[{"value":"captcha_required","captcha_url":"https://hh.ru/account/captcha?state=pxvcxBozfu7ry7R4QCetFqDzUL2cbK2LGYV-JLOJ644HLrHr0DH6jezFpCb5WIoORh7fkpHCxj4F6mHfOvxRDGNDCkPuu2PJjKdziXIX5No%3D
[2026-01-20 21:20:52,609] INFO: Worker 4 finished area Ленинский (Республика Саха (Якутия)); total collected 119
[2026-01-20 21:20:52,610] INFO: Worker 4 scanning area Нюя (6914)
[2026-01-20 21:20:52,620] ERROR: Unexpected status 403 for https://api.hh.ru/vacancies: {"errors":[{"value":"captcha_required","captcha_url":"https://hh.ru/account/captcha?state=pxvcxBozfu7ry7R4QCetFqDzUL2cbK2LGYV-JLOJ644HLrHr0DH6jezFpCb5WIoORh7fkpHCxj4F6mHfOvxRDJuEJS-0fDZxtPRPqmg7bD4%3D
[2026-01-20 21:20:52,621] INFO: Worker 6 finished area Мохсоголлох; total collected 119
[2026-01-20 21:20:52,621] INFO: Worker 6 scanning area Огородтах (7427)
[2026-01-20 21:20:52,768] ERROR: Unexpected status 403 for https://api.hh.ru/vacancies: {"errors":[{"value":"captcha_required","captcha_url":"https://hh.ru/account/captcha?state=pxvcxBozfu7ry7R4QCetFqDzUL2cbK2LGYV-JLOJ644HLrHr0DH6jezFpCb5WIoORh7fkpHCxj4F6mHfOvxRDBd31Tf3L-5SujfVk1PLWV4%3D
[2026-01-20 21:20:52,769] INFO: Worker 7 finished area Нижнеянск; total collected 119
[2026-01-20 21:20:52,769] INFO: Worker 7 scanning area Октемцы (7389)
[2026-01-20 21:20:52,796] ERROR: Unexpected status 403 for https://api.hh.ru/vacancies: {"errors":[{"value":"captcha_required","captcha_url":"https://hh.ru/account/captcha?state=pxvcxBozfu7ry7R4QCetFqDzUL2cbK2LGYV-JLOJ644HLrHr0DH6jezFpCb5WIoORh7fkpHCxj4F6mHfOvxRDNvvU1HMKb4v1faPF6l5nW0%3D
[2026-01-20 21:20:52,796] INFO: Worker 2 finished area Нижний Бестях; total collected 119
[2026-01-20 21:20:52,796] INFO: Worker 2 scanning area Олекминск (1182)
[2026-01-20 21:20:52,890] ERROR: Unexpected status 403 for https://api.hh.ru/vacancies: {"errors":[{"value":"captcha_required","captcha_url":"https://hh.ru/account/captcha?state=pxvcxBozfu7ry7R4QCetFqDzUL2cbK2LGYV-JLOJ644HLrHr0DH6jezFpCb5WIoORh7fkpHCxj4F6mHfOvxRDBAKEjyl7aUjyjUFNf_5CJs%3D
[2026-01-20 21:20:52,890] INFO: Worker 4 finished area Нюя; total collected 119
[2026-01-20 21:20:52,890] INFO: Worker 4 scanning area Оленек (7444)
[2026-01-20 21:20:52,929] ERROR: Unexpected status 403 for https://api.hh.ru/vacancies: {"errors":[{"value":"captcha_required","captcha_url":"https://hh.ru/account/captcha?state=pxvcxBozfu7ry7R4QCetFqDzUL2cbK2LGYV-JLOJ644HLrHr0DH6jezFpCb5WIoORh7fkpHCxj4F6mHfOvxRDGlHFB_WGWC1tE407TVbomA%3D
[2026-01-20 21:20:52,930] INFO: Worker 5 finished area Нерюнгри; total collected 119
[2026-01-20 21:20:52,931] INFO: Worker 5 scanning area Пеледуй (7443)
[2026-01-20 21:20:52,935] ERROR: Unexpected status 403 for https://api.hh.ru/vacancies: {"errors":[{"value":"captcha_required","captcha_url":"https://hh.ru/account/captcha?state=pxvcxBozfu7ry7R4QCetFqDzUL2cbK2LGYV-JLOJ644HLrHr0DH6jezFpCb5WIoORh7fkpHCxj4F6mHfOvxRDPSuogq061mLt_5HHzFyt4w%3D
[2026-01-20 21:20:52,935] INFO: Worker 1 finished area Намцы; total collected 119
[2026-01-20 21:20:52,935] INFO: Worker 1 scanning area Покровск (Якутия) (1183)
[2026-01-20 21:20:52,946] ERROR: Unexpected status 403 for https://api.hh.ru/vacancies: {"errors":[{"value":"captcha_required","captcha_url":"https://hh.ru/account/captcha?state=pxvcxBozfu7ry7R4QCetFqDzUL2cbK2LGYV-JLOJ644HLrHr0DH6jezFpCb5WIoORh7fkpHCxj4F6mHfOvxRDB2UolY07enn_l35XSrP5P8%3D
[2026-01-20 21:20:52,947] INFO: Worker 6 finished area Огородтах; total collected 119
[2026-01-20 21:20:52,947] INFO: Worker 6 scanning area Сангар (7330)
[2026-01-20 21:20:53,050] ERROR: Unexpected status 403 for https://api.hh.ru/vacancies: {"errors":[{"value":"captcha_required","captcha_url":"https://hh.ru/account/captcha?state=pxvcxBozfu7ry7R4QCetFqDzUL2cbK2LGYV-JLOJ644HLrHr0DH6jezFpCb5WIoORh7fkpHCxj4F6mHfOvxRDANGk9mMu8BYXVGXTui8MAI%3D
[2026-01-20 21:20:53,050] INFO: Worker 7 finished area Октемцы; total collected 119
[2026-01-20 21:20:53,050] INFO: Worker 7 scanning area Саскылах (6919)
[2026-01-20 21:20:53,117] ERROR: Unexpected status 403 for https://api.hh.ru/vacancies: {"errors":[{"value":"captcha_required","captcha_url":"https://hh.ru/account/captcha?state=pxvcxBozfu7ry7R4QCetFqDzUL2cbK2LGYV-JLOJ644HLrHr0DH6jezFpCb5WIoORh7fkpHCxj4F6mHfOvxRDIQCfl1_iCCUj-d7_OI7r68%3D
[2026-01-20 21:20:53,117] INFO: Worker 3 finished area Нижний Куранах; total collected 119
[2026-01-20 21:20:53,117] INFO: Worker 3 scanning area Сасыр (7417)
[2026-01-20 21:20:53,152] ERROR: Unexpected status 403 for https://api.hh.ru/vacancies: {"errors":[{"value":"captcha_required","captcha_url":"https://hh.ru/account/captcha?state=pxvcxBozfu7ry7R4QCetFqDzUL2cbK2LGYV-JLOJ644HLrHr0DH6jezFpCb5WIoORh7fkpHCxj4F6mHfOvxRDPt2TOyK2nLndPKY6jU3r9E%3D
[2026-01-20 21:20:53,152] INFO: Worker 2 finished area Олекминск; total collected 119
[2026-01-20 21:20:53,152] INFO: Worker 2 scanning area Светлый (Республика Саха (Якутия)) (17402)
[2026-01-20 21:20:53,185] ERROR: Unexpected status 403 for https://api.hh.ru/vacancies: {"errors":[{"value":"captcha_required","captcha_url":"https://hh.ru/account/captcha?state=pxvcxBozfu7ry7R4QCetFqDzUL2cbK2LGYV-JLOJ644HLrHr0DH6jezFpCb5WIoORh7fkpHCxj4F6mHfOvxRDBFmbAiVQHbta7ldfXPIWWU%3D
[2026-01-20 21:20:53,185] INFO: Worker 0 finished area Нюрба; total collected 119
[2026-01-20 21:20:53,185] INFO: Worker 0 scanning area Сватай (6905)
[2026-01-20 21:20:53,207] ERROR: Unexpected status 403 for https://api.hh.ru/vacancies: {"errors":[{"value":"captcha_required","captcha_url":"https://hh.ru/account/captcha?state=pxvcxBozfu7ry7R4QCetFqDzUL2cbK2LGYV-JLOJ644HLrHr0DH6jezFpCb5WIoORh7fkpHCxj4F6mHfOvxRDFjvICWmk_S3otOKd_KWJA4%3D
[2026-01-20 21:20:53,207] INFO: Worker 5 finished area Пеледуй; total collected 119
[2026-01-20 21:20:53,207] INFO: Worker 5 scanning area Солнечный (Якутия) (6916)
[2026-01-20 21:20:53,271] ERROR: Unexpected status 403 for https://api.hh.ru/vacancies: {"errors":[{"value":"captcha_required","captcha_url":"https://hh.ru/account/captcha?state=pxvcxBozfu7ry7R4QCetFqDzUL2cbK2LGYV-JLOJ644HLrHr0DH6jezFpCb5WIoORh7fkpHCxj4F6mHfOvxRDPwSYORdporcqeIdZINQAM0%3D
[2026-01-20 21:20:53,271] INFO: Worker 6 finished area Сангар; total collected 119
[2026-01-20 21:20:53,271] INFO: Worker 6 scanning area Среднеколымск (1184)
[2026-01-20 21:20:53,392] ERROR: Unexpected status 403 for https://api.hh.ru/vacancies: {"errors":[{"value":"captcha_required","captcha_url":"https://hh.ru/account/captcha?state=pxvcxBozfu7ry7R4QCetFqDzUL2cbK2LGYV-JLOJ644HLrHr0DH6jezFpCb5WIoORh7fkpHCxj4F6mHfOvxRDH5Tn9mItC9i-tUksf_XcF0%3D
[2026-01-20 21:20:53,392] INFO: Worker 3 finished area Сасыр; total collected 119
[2026-01-20 21:20:53,392] INFO: Worker 3 scanning area Сунтар (5293)
[2026-01-20 21:20:53,412] ERROR: Unexpected status 403 for https://api.hh.ru/vacancies: {"errors":[{"value":"captcha_required","captcha_url":"https://hh.ru/account/captcha?state=pxvcxBozfu7ry7R4QCetFqDzUL2cbK2LGYV-JLOJ644HLrHr0DH6jezFpCb5WIoORh7fkpHCxj4F6mHfOvxRDObeAl8k6LMa6Yk-HVXaAWM%3D
[2026-01-20 21:20:53,412] INFO: Worker 4 finished area Оленек; total collected 119
[2026-01-20 21:20:53,412] INFO: Worker 4 scanning area Сылгы-Ыытар (7384)
[2026-01-20 21:20:53,457] ERROR: Unexpected status 403 for https://api.hh.ru/vacancies: {"errors":[{"value":"captcha_required","captcha_url":"https://hh.ru/account/captcha?state=pxvcxBozfu7ry7R4QCetFqDzUL2cbK2LGYV-JLOJ644HLrHr0DH6jezFpCb5WIoORh7fkpHCxj4F6mHfOvxRDKx6dfI4zHaNDnxWOclJ9LQ%3D
[2026-01-20 21:20:53,457] INFO: Worker 1 finished area Покровск (Якутия); total collected 119
[2026-01-20 21:20:53,457] INFO: Worker 1 scanning area Тёплый Ключ (Республика Саха) (6951)
[2026-01-20 21:20:53,459] ERROR: Unexpected status 403 for https://api.hh.ru/vacancies: {"errors":[{"value":"captcha_required","captcha_url":"https://hh.ru/account/captcha?state=pxvcxBozfu7ry7R4QCetFqDzUL2cbK2LGYV-JLOJ644HLrHr0DH6jezFpCb5WIoORh7fkpHCxj4F6mHfOvxRDFlfQz_CpH8NSCAjnblFEkk%3D
[2026-01-20 21:20:53,459] INFO: Worker 0 finished area Сватай; total collected 119
[2026-01-20 21:20:53,459] INFO: Worker 0 scanning area Тербяс (7435)
[2026-01-20 21:20:53,530] ERROR: Unexpected status 403 for https://api.hh.ru/vacancies: {"errors":[{"value":"captcha_required","captcha_url":"https://hh.ru/account/captcha?state=pxvcxBozfu7ry7R4QCetFqDzUL2cbK2LGYV-JLOJ644HLrHr0DH6jezFpCb5WIoORh7fkpHCxj4F6mHfOvxRDC636z5clxanTdIMPz2pPts%3D
[2026-01-20 21:20:53,530] INFO: Worker 7 finished area Саскылах; total collected 119
[2026-01-20 21:20:53,530] INFO: Worker 7 scanning area Тикси (6758)
[2026-01-20 21:20:53,545] ERROR: Unexpected status 403 for https://api.hh.ru/vacancies: {"errors":[{"value":"captcha_required","captcha_url":"https://hh.ru/account/captcha?state=pxvcxBozfu7ry7R4QCetFqDzUL2cbK2LGYV-JLOJ644HLrHr0DH6jezFpCb5WIoORh7fkpHCxj4F6mHfOvxRDB9_4vFajtu2LOROYZ9NQFk%3D
[2026-01-20 21:20:53,545] INFO: Worker 5 finished area Солнечный (Якутия); total collected 119
[2026-01-20 21:20:53,545] INFO: Worker 5 scanning area Тойбохой (7339)
[2026-01-20 21:20:53,593] ERROR: Unexpected status 403 for https://api.hh.ru/vacancies: {"errors":[{"value":"captcha_required","captcha_url":"https://hh.ru/account/captcha?state=pxvcxBozfu7ry7R4QCetFqDzUL2cbK2LGYV-JLOJ644HLrHr0DH6jezFpCb5WIoORh7fkpHCxj4F6mHfOvxRDCXeiSovLrfvZkMvGCiPYaU%3D
[2026-01-20 21:20:53,594] INFO: Worker 2 finished area Светлый (Республика Саха (Якутия)); total collected 119
[2026-01-20 21:20:53,594] INFO: Worker 2 scanning area Томмот (1185)
[2026-01-20 21:20:53,711] ERROR: Unexpected status 403 for https://api.hh.ru/vacancies: {"errors":[{"value":"captcha_required","captcha_url":"https://hh.ru/account/captcha?state=pxvcxBozfu7ry7R4QCetFqDzUL2cbK2LGYV-JLOJ644HLrHr0DH6jezFpCb5WIoORh7fkpHCxj4F6mHfOvxRDJsww2g-2gT5b8IlTL8KDFc%3D
[2026-01-20 21:20:53,711] INFO: Worker 0 finished area Тербяс; total collected 119
[2026-01-20 21:20:53,711] INFO: Worker 0 scanning area Томтор (6902)
[2026-01-20 21:20:53,715] ERROR: Unexpected status 403 for https://api.hh.ru/vacancies: {"errors":[{"value":"captcha_required","captcha_url":"https://hh.ru/account/captcha?state=pxvcxBozfu7ry7R4QCetFqDzUL2cbK2LGYV-JLOJ644HLrHr0DH6jezFpCb5WIoORh7fkpHCxj4F6mHfOvxRDBQDMj-DZxAbar4aHIwctsU%3D
[2026-01-20 21:20:53,715] INFO: Worker 3 finished area Сунтар; total collected 119
[2026-01-20 21:20:53,715] INFO: Worker 3 scanning area Тополиное (6924)
[2026-01-20 21:20:53,726] ERROR: Unexpected status 403 for https://api.hh.ru/vacancies: {"errors":[{"value":"captcha_required","captcha_url":"https://hh.ru/account/captcha?state=pxvcxBozfu7ry7R4QCetFqDzUL2cbK2LGYV-JLOJ644HLrHr0DH6jezFpCb5WIoORh7fkpHCxj4F6mHfOvxRDAHPAFuIYd9emQaFpFcIHJs%3D
[2026-01-20 21:20:53,726] INFO: Worker 6 finished area Среднеколымск; total collected 119
[2026-01-20 21:20:53,726] INFO: Worker 6 scanning area Тосу (6918)
[2026-01-20 21:20:53,854] ERROR: Unexpected status 403 for https://api.hh.ru/vacancies: {"errors":[{"value":"captcha_required","captcha_url":"https://hh.ru/account/captcha?state=pxvcxBozfu7ry7R4QCetFqDzUL2cbK2LGYV-JLOJ644HLrHr0DH6jezFpCb5WIoORh7fkpHCxj4F6mHfOvxRDBkio3V0FU9YXPt-1kVDUI4%3D
[2026-01-20 21:20:53,854] INFO: Worker 1 finished area Тёплый Ключ (Республика Саха); total collected 119
[2026-01-20 21:20:53,854] INFO: Worker 1 scanning area Тюнгюлю (6901)
[2026-01-20 21:20:53,915] ERROR: Unexpected status 403 for https://api.hh.ru/vacancies: {"errors":[{"value":"captcha_required","captcha_url":"https://hh.ru/account/captcha?state=pxvcxBozfu7ry7R4QCetFqDzUL2cbK2LGYV-JLOJ644HLrHr0DH6jezFpCb5WIoORh7fkpHCxj4F6mHfOvxRDOs35GIcVPhY3s5NmzVQRKo%3D
[2026-01-20 21:20:53,915] INFO: Worker 5 finished area Тойбохой; total collected 119
[2026-01-20 21:20:53,915] INFO: Worker 5 scanning area Удачный (1186)
[2026-01-20 21:20:53,980] ERROR: Unexpected status 403 for https://api.hh.ru/vacancies: {"errors":[{"value":"captcha_required","captcha_url":"https://hh.ru/account/captcha?state=pxvcxBozfu7ry7R4QCetFqDzUL2cbK2LGYV-JLOJ644HLrHr0DH6jezFpCb5WIoORh7fkpHCxj4F6mHfOvxRDDBs22ev73sXpupjjoxbYG0%3D
[2026-01-20 21:20:53,980] INFO: Worker 2 finished area Томмот; total collected 119
[2026-01-20 21:20:53,980] INFO: Worker 2 scanning area Усть-Куйга (7310)
[2026-01-20 21:20:54,021] ERROR: Unexpected status 403 for https://api.hh.ru/vacancies: {"errors":[{"value":"captcha_required","captcha_url":"https://hh.ru/account/captcha?state=pxvcxBozfu7ry7R4QCetFqDzUL2cbK2LGYV-JLOJ644HLrHr0DH6jezFpCb5WIoORh7fkpHCxj4F6mHfOvxRDFa9VlsdFFITtukqlVikE0o%3D
[2026-01-20 21:20:54,021] INFO: Worker 3 finished area Тополиное; total collected 119
[2026-01-20 21:20:54,021] INFO: Worker 3 scanning area Усть-Мая (6911)
[2026-01-20 21:20:54,051] ERROR: Unexpected status 403 for https://api.hh.ru/vacancies: {"errors":[{"value":"captcha_required","captcha_url":"https://hh.ru/account/captcha?state=pxvcxBozfu7ry7R4QCetFqDzUL2cbK2LGYV-JLOJ644HLrHr0DH6jezFpCb5WIoORh7fkpHCxj4F6mHfOvxRDKi3y8lfU8zuTRpJTxtYRgg%3D
[2026-01-20 21:20:54,051] INFO: Worker 6 finished area Тосу; total collected 119
[2026-01-20 21:20:54,051] INFO: Worker 6 scanning area Усть-Миль (7307)
[2026-01-20 21:20:54,213] ERROR: Unexpected status 403 for https://api.hh.ru/vacancies: {"errors":[{"value":"captcha_required","captcha_url":"https://hh.ru/account/captcha?state=pxvcxBozfu7ry7R4QCetFqDzUL2cbK2LGYV-JLOJ644HLrHr0DH6jezFpCb5WIoORh7fkpHCxj4F6mHfOvxRDPN-7lzxo3eGdin-zzYjnZc%3D
[2026-01-20 21:20:54,214] INFO: Worker 1 finished area Тюнгюлю; total collected 119
[2026-01-20 21:20:54,214] INFO: Worker 1 scanning area Усть-Нера (3708)
[2026-01-20 21:20:54,294] ERROR: Unexpected status 403 for https://api.hh.ru/vacancies: {"errors":[{"value":"captcha_required","captcha_url":"https://hh.ru/account/captcha?state=pxvcxBozfu7ry7R4QCetFqDzUL2cbK2LGYV-JLOJ644HLrHr0DH6jezFpCb5WIoORh7fkpHCxj4F6mHfOvxRDPAK9--JYWxLJj6gyw66P7E%3D
[2026-01-20 21:20:54,294] INFO: Worker 3 finished area Усть-Мая; total collected 119
[2026-01-20 21:20:54,294] INFO: Worker 3 scanning area Усун (7382)
[2026-01-20 21:20:54,296] ERROR: Unexpected status 403 for https://api.hh.ru/vacancies: {"errors":[{"value":"captcha_required","captcha_url":"https://hh.ru/account/captcha?state=pxvcxBozfu7ry7R4QCetFqDzUL2cbK2LGYV-JLOJ644HLrHr0DH6jezFpCb5WIoORh7fkpHCxj4F6mHfOvxRDIT1dYzGO1MQrXMs_vFbacw%3D
[2026-01-20 21:20:54,296] INFO: Worker 2 finished area Усть-Куйга; total collected 119
[2026-01-20 21:20:54,296] INFO: Worker 2 scanning area Хандыга (6319)
[2026-01-20 21:20:54,312] ERROR: Unexpected status 403 for https://api.hh.ru/vacancies: {"errors":[{"value":"captcha_required","captcha_url":"https://hh.ru/account/captcha?state=pxvcxBozfu7ry7R4QCetFqDzUL2cbK2LGYV-JLOJ644HLrHr0DH6jezFpCb5WIoORh7fkpHCxj4F6mHfOvxRDP4a8XGprUWRmBVwONp4j5E%3D
[2026-01-20 21:20:54,312] INFO: Worker 7 finished area Тикси; total collected 119
[2026-01-20 21:20:54,312] INFO: Worker 7 scanning area Харбалах (6904)
[2026-01-20 21:20:54,312] ERROR: Unexpected status 403 for https://api.hh.ru/vacancies: {"errors":[{"value":"captcha_required","captcha_url":"https://hh.ru/account/captcha?state=pxvcxBozfu7ry7R4QCetFqDzUL2cbK2LGYV-JLOJ644HLrHr0DH6jezFpCb5WIoORh7fkpHCxj4F6mHfOvxRDG5GoZ3kP-idNFRve7soQHI%3D
[2026-01-20 21:20:54,312] INFO: Worker 4 finished area Сылгы-Ыытар; total collected 119
[2026-01-20 21:20:54,312] INFO: Worker 4 scanning area Хатассы (11927)
[2026-01-20 21:20:54,394] ERROR: Unexpected status 403 for https://api.hh.ru/vacancies: {"errors":[{"value":"captcha_required","captcha_url":"https://hh.ru/account/captcha?state=pxvcxBozfu7ry7R4QCetFqDzUL2cbK2LGYV-JLOJ644HLrHr0DH6jezFpCb5WIoORh7fkpHCxj4F6mHfOvxRDEyqV9O2yRLsNJGOs7RWERw%3D
[2026-01-20 21:20:54,395] INFO: Worker 6 finished area Усть-Миль; total collected 119
[2026-01-20 21:20:54,395] INFO: Worker 6 scanning area Хатын-Сысы (6899)
[2026-01-20 21:20:54,434] ERROR: Unexpected status 403 for https://api.hh.ru/vacancies: {"errors":[{"value":"captcha_required","captcha_url":"https://hh.ru/account/captcha?state=pxvcxBozfu7ry7R4QCetFqDzUL2cbK2LGYV-JLOJ644HLrHr0DH6jezFpCb5WIoORh7fkpHCxj4F6mHfOvxRDBFEKtYrL_BP5cYKSA6HA2Q%3D
[2026-01-20 21:20:54,434] INFO: Worker 0 finished area Томтор; total collected 119
[2026-01-20 21:20:54,434] INFO: Worker 0 scanning area Хонуу (6906)
[2026-01-20 21:20:54,545] ERROR: Unexpected status 403 for https://api.hh.ru/vacancies: {"errors":[{"value":"captcha_required","captcha_url":"https://hh.ru/account/captcha?state=pxvcxBozfu7ry7R4QCetFqDzUL2cbK2LGYV-JLOJ644HLrHr0DH6jezFpCb5WIoORh7fkpHCxj4F6mHfOvxRDP_MxZjvNNqzOG-xAziedDQ%3D
[2026-01-20 21:20:54,545] INFO: Worker 5 finished area Удачный; total collected 119
[2026-01-20 21:20:54,545] INFO: Worker 5 scanning area Чернышевский (Республика Саха (Якутия)) (6012)
[2026-01-20 21:20:54,608] ERROR: Unexpected status 403 for https://api.hh.ru/vacancies: {"errors":[{"value":"captcha_required","captcha_url":"https://hh.ru/account/captcha?state=pxvcxBozfu7ry7R4QCetFqDzUL2cbK2LGYV-JLOJ644HLrHr0DH6jezFpCb5WIoORh7fkpHCxj4F6mHfOvxRDFIHZ8tzRRzCZ1PHE3rDwZs%3D
[2026-01-20 21:20:54,608] INFO: Worker 3 finished area Усун; total collected 119
[2026-01-20 21:20:54,608] INFO: Worker 3 scanning area Черский (6569)
[2026-01-20 21:20:54,641] ERROR: Unexpected status 403 for https://api.hh.ru/vacancies: {"errors":[{"value":"captcha_required","captcha_url":"https://hh.ru/account/captcha?state=pxvcxBozfu7ry7R4QCetFqDzUL2cbK2LGYV-JLOJ644HLrHr0DH6jezFpCb5WIoORh7fkpHCxj4F6mHfOvxRDIrwYbLL4dpM8vNNN8cCqAo%3D
[2026-01-20 21:20:54,641] INFO: Worker 7 finished area Харбалах; total collected 119
[2026-01-20 21:20:54,641] INFO: Worker 7 scanning area Чинеке (7290)
[2026-01-20 21:20:54,653] ERROR: Unexpected status 403 for https://api.hh.ru/vacancies: {"errors":[{"value":"captcha_required","captcha_url":"https://hh.ru/account/captcha?state=pxvcxBozfu7ry7R4QCetFqDzUL2cbK2LGYV-JLOJ644HLrHr0DH6jezFpCb5WIoORh7fkpHCxj4F6mHfOvxRDPsqpEXwX2P-QfL07eSYitA%3D
[2026-01-20 21:20:54,653] INFO: Worker 6 finished area Хатын-Сысы; total collected 119
[2026-01-20 21:20:54,653] INFO: Worker 6 scanning area Чокурдах (6917)
[2026-01-20 21:20:54,656] ERROR: Unexpected status 403 for https://api.hh.ru/vacancies: {"errors":[{"value":"captcha_required","captcha_url":"https://hh.ru/account/captcha?state=pxvcxBozfu7ry7R4QCetFqDzUL2cbK2LGYV-JLOJ644HLrHr0DH6jezFpCb5WIoORh7fkpHCxj4F6mHfOvxRDK05G2wax8Fxqy-_Ukn5JrA%3D
[2026-01-20 21:20:54,656] INFO: Worker 2 finished area Хандыга; total collected 119
[2026-01-20 21:20:54,656] INFO: Worker 2 scanning area Чульман (5297)
[2026-01-20 21:20:54,688] ERROR: Unexpected status 403 for https://api.hh.ru/vacancies: {"errors":[{"value":"captcha_required","captcha_url":"https://hh.ru/account/captcha?state=pxvcxBozfu7ry7R4QCetFqDzUL2cbK2LGYV-JLOJ644HLrHr0DH6jezFpCb5WIoORh7fkpHCxj4F6mHfOvxRDHI0J75YYDlhSWebPzdi4jQ%3D
[2026-01-20 21:20:54,688] INFO: Worker 4 finished area Хатассы; total collected 119
[2026-01-20 21:20:54,688] INFO: Worker 4 scanning area Чурапча (5295)
[2026-01-20 21:20:54,863] ERROR: Unexpected status 403 for https://api.hh.ru/vacancies: {"errors":[{"value":"captcha_required","captcha_url":"https://hh.ru/account/captcha?state=pxvcxBozfu7ry7R4QCetFqDzUL2cbK2LGYV-JLOJ644HLrHr0DH6jezFpCb5WIoORh7fkpHCxj4F6mHfOvxRDA8ZjwHxYsaj3_J_vTK7JXU%3D
[2026-01-20 21:20:54,863] INFO: Worker 5 finished area Чернышевский (Республика Саха (Якутия)); total collected 119
[2026-01-20 21:20:54,863] INFO: Worker 5 scanning area Шея (6903)
[2026-01-20 21:20:54,920] ERROR: Unexpected status 403 for https://api.hh.ru/vacancies: {"errors":[{"value":"captcha_required","captcha_url":"https://hh.ru/account/captcha?state=pxvcxBozfu7ry7R4QCetFqDzUL2cbK2LGYV-JLOJ644HLrHr0DH6jezFpCb5WIoORh7fkpHCxj4F6mHfOvxRDIhLLVW8bSNO9YKf1Xe2o_I%3D
[2026-01-20 21:20:54,921] INFO: Worker 3 finished area Черский; total collected 119
[2026-01-20 21:20:54,921] INFO: Worker 3 scanning area Ытык-Кюель (6922)
[2026-01-20 21:20:54,923] ERROR: Unexpected status 403 for https://api.hh.ru/vacancies: {"errors":[{"value":"captcha_required","captcha_url":"https://hh.ru/account/captcha?state=pxvcxBozfu7ry7R4QCetFqDzUL2cbK2LGYV-JLOJ644HLrHr0DH6jezFpCb5WIoORh7fkpHCxj4F6mHfOvxRDNl5QJ9ApcunDo3BZUUXI-o%3D
[2026-01-20 21:20:54,923] INFO: Worker 7 finished area Чинеке; total collected 119
[2026-01-20 21:20:54,923] INFO: Worker 7 scanning area Эбях (7360)
[2026-01-20 21:20:54,954] ERROR: Unexpected status 403 for https://api.hh.ru/vacancies: {"errors":[{"value":"captcha_required","captcha_url":"https://hh.ru/account/captcha?state=pxvcxBozfu7ry7R4QCetFqDzUL2cbK2LGYV-JLOJ644HLrHr0DH6jezFpCb5WIoORh7fkpHCxj4F6mHfOvxRDIzUJzx8XaQe20vXxs3J26Y%3D
[2026-01-20 21:20:54,954] INFO: Worker 0 finished area Хонуу; total collected 119
[2026-01-20 21:20:54,954] INFO: Worker 0 scanning area Эльгяй (6921)
[2026-01-20 21:20:55,053] ERROR: Unexpected status 403 for https://api.hh.ru/vacancies: {"errors":[{"value":"captcha_required","captcha_url":"https://hh.ru/account/captcha?state=pxvcxBozfu7ry7R4QCetFqDzUL2cbK2LGYV-JLOJ644HLrHr0DH6jezFpCb5WIoORh7fkpHCxj4F6mHfOvxRDAY05CwUVyAk5e12nCyOSWA%3D
[2026-01-20 21:20:55,053] INFO: Worker 4 finished area Чурапча; total collected 119
[2026-01-20 21:20:55,053] INFO: Worker 4 scanning area Эльдикан (6912)
[2026-01-20 21:20:55,184] ERROR: Unexpected status 403 for https://api.hh.ru/vacancies: {"errors":[{"value":"captcha_required","captcha_url":"https://hh.ru/account/captcha?state=pxvcxBozfu7ry7R4QCetFqDzUL2cbK2LGYV-JLOJ644HLrHr0DH6jezFpCb5WIoORh7fkpHCxj4F6mHfOvxRDFQV1Ll7q9fxWLlx1W66GVs%3D
[2026-01-20 21:20:55,184] INFO: Worker 6 finished area Чокурдах; total collected 119
[2026-01-20 21:20:55,184] INFO: Worker 6 scanning area Якутск (80)
[2026-01-20 21:20:55,252] ERROR: Unexpected status 403 for https://api.hh.ru/vacancies: {"errors":[{"value":"captcha_required","captcha_url":"https://hh.ru/account/captcha?state=pxvcxBozfu7ry7R4QCetFqDzUL2cbK2LGYV-JLOJ644HLrHr0DH6jezFpCb5WIoORh7fkpHCxj4F6mHfOvxRDEyRcoxOiOdja4q7Ln5dot0%3D
[2026-01-20 21:20:55,252] INFO: Worker 3 finished area Ытык-Кюель; total collected 119
[2026-01-20 21:20:55,252] INFO: Worker 3 scanning area Республика Тыва (1169)
[2026-01-20 21:20:55,255] ERROR: Unexpected status 403 for https://api.hh.ru/vacancies: {"errors":[{"value":"captcha_required","captcha_url":"https://hh.ru/account/captcha?state=pxvcxBozfu7ry7R4QCetFqDzUL2cbK2LGYV-JLOJ644HLrHr0DH6jezFpCb5WIoORh7fkpHCxj4F6mHfOvxRDEwRUY56YIqUVRyHS7o8dX8%3D
[2026-01-20 21:20:55,255] INFO: Worker 7 finished area Эбях; total collected 119
[2026-01-20 21:20:55,255] INFO: Worker 7 scanning area Ак-Довурак (1170)
[2026-01-20 21:20:55,271] ERROR: Unexpected status 403 for https://api.hh.ru/vacancies: {"errors":[{"value":"captcha_required","captcha_url":"https://hh.ru/account/captcha?state=pxvcxBozfu7ry7R4QCetFqDzUL2cbK2LGYV-JLOJ644HLrHr0DH6jezFpCb5WIoORh7fkpHCxj4F6mHfOvxRDDJ6BTR3R_QHFP3btoFuEoc%3D
[2026-01-20 21:20:55,271] INFO: Worker 2 finished area Чульман; total collected 119
[2026-01-20 21:20:55,271] INFO: Worker 2 scanning area Бай-Хаак (7455)
[2026-01-20 21:20:55,321] ERROR: Unexpected status 403 for https://api.hh.ru/vacancies: {"errors":[{"value":"captcha_required","captcha_url":"https://hh.ru/account/captcha?state=pxvcxBozfu7ry7R4QCetFqDzUL2cbK2LGYV-JLOJ644HLrHr0DH6jezFpCb5WIoORh7fkpHCxj4F6mHfOvxRDESqlMOeESev2RZIuSNRk7g%3D
[2026-01-20 21:20:55,321] INFO: Worker 4 finished area Эльдикан; total collected 119
[2026-01-20 21:20:55,321] INFO: Worker 4 scanning area Балгазын (7461)
[2026-01-20 21:20:55,328] ERROR: Unexpected status 403 for https://api.hh.ru/vacancies: {"errors":[{"value":"captcha_required","captcha_url":"https://hh.ru/account/captcha?state=pxvcxBozfu7ry7R4QCetFqDzUL2cbK2LGYV-JLOJ644HLrHr0DH6jezFpCb5WIoORh7fkpHCxj4F6mHfOvxRDLuffQ7gSqvSqkbQ1oEqdIM%3D
[2026-01-20 21:20:55,328] INFO: Worker 0 finished area Эльгяй; total collected 119
[2026-01-20 21:20:55,328] INFO: Worker 0 scanning area Каа-Хем (7318)
[2026-01-20 21:20:55,443] ERROR: Unexpected status 403 for https://api.hh.ru/vacancies: {"errors":[{"value":"captcha_required","captcha_url":"https://hh.ru/account/captcha?state=pxvcxBozfu7ry7R4QCetFqDzUL2cbK2LGYV-JLOJ644HLrHr0DH6jezFpCb5WIoORh7fkpHCxj4F6mHfOvxRDHeLJ9-5GKpwvDZlOwTWDOI%3D
[2026-01-20 21:20:55,443] INFO: Worker 1 finished area Усть-Нера; total collected 119
[2026-01-20 21:20:55,443] INFO: Worker 1 scanning area Кара-Хаак (11821)
[2026-01-20 21:20:55,571] ERROR: Unexpected status 403 for https://api.hh.ru/vacancies: {"errors":[{"value":"captcha_required","captcha_url":"https://hh.ru/account/captcha?state=pxvcxBozfu7ry7R4QCetFqDzUL2cbK2LGYV-JLOJ644HLrHr0DH6jezFpCb5WIoORh7fkpHCxj4F6mHfOvxRDIVmaPYi5-1TT648IbGEEVE%3D
[2026-01-20 21:20:55,571] INFO: Worker 2 finished area Бай-Хаак; total collected 119
[2026-01-20 21:20:55,571] INFO: Worker 2 scanning area Кызыл (91)
[2026-01-20 21:20:55,624] ERROR: Unexpected status 403 for https://api.hh.ru/vacancies: {"errors":[{"value":"captcha_required","captcha_url":"https://hh.ru/account/captcha?state=pxvcxBozfu7ry7R4QCetFqDzUL2cbK2LGYV-JLOJ644HLrHr0DH6jezFpCb5WIoORh7fkpHCxj4F6mHfOvxRDA7DMT2W8i7iJgCSPU8RQQU%3D
[2026-01-20 21:20:55,624] INFO: Worker 4 finished area Балгазын; total collected 119
[2026-01-20 21:20:55,624] INFO: Worker 4 scanning area Кызыл-Мажалык (7426)
[2026-01-20 21:20:55,641] ERROR: Unexpected status 403 for https://api.hh.ru/vacancies: {"errors":[{"value":"captcha_required","captcha_url":"https://hh.ru/account/captcha?state=pxvcxBozfu7ry7R4QCetFqDzUL2cbK2LGYV-JLOJ644HLrHr0DH6jezFpCb5WIoORh7fkpHCxj4F6mHfOvxRDE1b-1uh8-qSnu_qa_QraBo%3D
[2026-01-20 21:20:55,641] INFO: Worker 0 finished area Каа-Хем; total collected 119
[2026-01-20 21:20:55,641] INFO: Worker 0 scanning area Самагалтай (7385)
[2026-01-20 21:20:55,696] ERROR: Unexpected status 403 for https://api.hh.ru/vacancies: {"errors":[{"value":"captcha_required","captcha_url":"https://hh.ru/account/captcha?state=pxvcxBozfu7ry7R4QCetFqDzUL2cbK2LGYV-JLOJ644HLrHr0DH6jezFpCb5WIoORh7fkpHCxj4F6mHfOvxRDC1hESITWBcr-irsWE03kaM%3D
[2026-01-20 21:20:55,696] INFO: Worker 7 finished area Ак-Довурак; total collected 119
[2026-01-20 21:20:55,696] INFO: Worker 7 scanning area Сарыг-Сеп (7365)
[2026-01-20 21:20:55,741] ERROR: Unexpected status 403 for https://api.hh.ru/vacancies: {"errors":[{"value":"captcha_required","captcha_url":"https://hh.ru/account/captcha?state=pxvcxBozfu7ry7R4QCetFqDzUL2cbK2LGYV-JLOJ644HLrHr0DH6jezFpCb5WIoORh7fkpHCxj4F6mHfOvxRDAgiYQ6_xOKgQjak9wifbDY%3D
[2026-01-20 21:20:55,741] INFO: Worker 1 finished area Кара-Хаак; total collected 119
[2026-01-20 21:20:55,741] INFO: Worker 1 scanning area Тоора-Хем (7335)
[2026-01-20 21:20:55,872] ERROR: Unexpected status 403 for https://api.hh.ru/vacancies: {"errors":[{"value":"captcha_required","captcha_url":"https://hh.ru/account/captcha?state=pxvcxBozfu7ry7R4QCetFqDzUL2cbK2LGYV-JLOJ644HLrHr0DH6jezFpCb5WIoORh7fkpHCxj4F6mHfOvxRDIGy4_O4kGcifvUFgnP536E%3D
[2026-01-20 21:20:55,872] INFO: Worker 4 finished area Кызыл-Мажалык; total collected 119
[2026-01-20 21:20:55,873] INFO: Worker 4 scanning area Туран (1171)
[2026-01-20 21:20:55,916] ERROR: Unexpected status 403 for https://api.hh.ru/vacancies: {"errors":[{"value":"captcha_required","captcha_url":"https://hh.ru/account/captcha?state=pxvcxBozfu7ry7R4QCetFqDzUL2cbK2LGYV-JLOJ644HLrHr0DH6jezFpCb5WIoORh7fkpHCxj4F6mHfOvxRDJc_e3nm-JYFSiDc4sodAeg%3D
[2026-01-20 21:20:55,916] INFO: Worker 6 finished area Якутск; total collected 119
[2026-01-20 21:20:55,917] INFO: Worker 6 scanning area Тээли (7373)
[2026-01-20 21:20:55,980] ERROR: Unexpected status 403 for https://api.hh.ru/vacancies: {"errors":[{"value":"captcha_required","captcha_url":"https://hh.ru/account/captcha?state=pxvcxBozfu7ry7R4QCetFqDzUL2cbK2LGYV-JLOJ644HLrHr0DH6jezFpCb5WIoORh7fkpHCxj4F6mHfOvxRDD7xv0HRTTK_fOA23B96JhU%3D
[2026-01-20 21:20:55,980] INFO: Worker 7 finished area Сарыг-Сеп; total collected 119
[2026-01-20 21:20:55,980] INFO: Worker 7 scanning area Хандагайты (11701)
[2026-01-20 21:20:55,992] ERROR: Unexpected status 403 for https://api.hh.ru/vacancies: {"errors":[{"value":"captcha_required","captcha_url":"https://hh.ru/account/captcha?state=pxvcxBozfu7ry7R4QCetFqDzUL2cbK2LGYV-JLOJ644HLrHr0DH6jezFpCb5WIoORh7fkpHCxj4F6mHfOvxRDCfd50_EVC4wVQXjA7jcJ2s%3D
[2026-01-20 21:20:55,992] INFO: Worker 3 finished area Республика Тыва; total collected 119
[2026-01-20 21:20:55,992] INFO: Worker 3 scanning area Хову-Аксы (7424)
[2026-01-20 21:20:56,041] ERROR: Unexpected status 403 for https://api.hh.ru/vacancies: {"errors":[{"value":"captcha_required","captcha_url":"https://hh.ru/account/captcha?state=pxvcxBozfu7ry7R4QCetFqDzUL2cbK2LGYV-JLOJ644HLrHr0DH6jezFpCb5WIoORh7fkpHCxj4F6mHfOvxRDCLr_0hXxF9uwpJQUKKm-hM%3D
[2026-01-20 21:20:56,041] INFO: Worker 2 finished area Кызыл; total collected 119
[2026-01-20 21:20:56,041] INFO: Worker 2 scanning area Чадан (1172)
[2026-01-20 21:20:56,151] ERROR: Unexpected status 403 for https://api.hh.ru/vacancies: {"errors":[{"value":"captcha_required","captcha_url":"https://hh.ru/account/captcha?state=pxvcxBozfu7ry7R4QCetFqDzUL2cbK2LGYV-JLOJ644HLrHr0DH6jezFpCb5WIoORh7fkpHCxj4F6mHfOvxRDMCJVdzNl3oEbZ_tZFNBNeQ%3D
[2026-01-20 21:20:56,151] INFO: Worker 1 finished area Тоора-Хем; total collected 119
[2026-01-20 21:20:56,151] INFO: Worker 1 scanning area Чыраа-Бажы (11823)
[2026-01-20 21:20:56,187] ERROR: Unexpected status 403 for https://api.hh.ru/vacancies: {"errors":[{"value":"captcha_required","captcha_url":"https://hh.ru/account/captcha?state=pxvcxBozfu7ry7R4QCetFqDzUL2cbK2LGYV-JLOJ644HLrHr0DH6jezFpCb5WIoORh7fkpHCxj4F6mHfOvxRDF-XndA3qlFNvXA602jDHOY%3D
[2026-01-20 21:20:56,187] INFO: Worker 4 finished area Туран; total collected 119
[2026-01-20 21:20:56,187] INFO: Worker 4 scanning area Шагонар (1173)
[2026-01-20 21:20:56,205] ERROR: Unexpected status 403 for https://api.hh.ru/vacancies: {"errors":[{"value":"captcha_required","captcha_url":"https://hh.ru/account/captcha?state=pxvcxBozfu7ry7R4QCetFqDzUL2cbK2LGYV-JLOJ644HLrHr0DH6jezFpCb5WIoORh7fkpHCxj4F6mHfOvxRDKyU3xQtmlXNRwJNdGEmB3k%3D
[2026-01-20 21:20:56,205] INFO: Worker 0 finished area Самагалтай; total collected 119
[2026-01-20 21:20:56,205] INFO: Worker 0 scanning area Эрги-Барлык (11822)
[2026-01-20 21:20:56,254] ERROR: Unexpected status 403 for https://api.hh.ru/vacancies: {"errors":[{"value":"captcha_required","captcha_url":"https://hh.ru/account/captcha?state=pxvcxBozfu7ry7R4QCetFqDzUL2cbK2LGYV-JLOJ644HLrHr0DH6jezFpCb5WIoORh7fkpHCxj4F6mHfOvxRDC5KQDnldVXycLmJ2FWaQX0%3D
[2026-01-20 21:20:56,254] INFO: Worker 6 finished area Тээли; total collected 119
[2026-01-20 21:20:56,254] INFO: Worker 6 scanning area Эрзин (7439)
[2026-01-20 21:20:56,330] ERROR: Unexpected status 403 for https://api.hh.ru/vacancies: {"errors":[{"value":"captcha_required","captcha_url":"https://hh.ru/account/captcha?state=pxvcxBozfu7ry7R4QCetFqDzUL2cbK2LGYV-JLOJ644HLrHr0DH6jezFpCb5WIoORh7fkpHCxj4F6mHfOvxRDPyIUgtUpdlJBrevDfUG1cU%3D
[2026-01-20 21:20:56,330] INFO: Worker 2 finished area Чадан; total collected 119
[2026-01-20 21:20:56,330] INFO: Worker 2 scanning area Суг-Аксы (11824)
[2026-01-20 21:20:56,353] ERROR: Unexpected status 403 for https://api.hh.ru/vacancies: {"errors":[{"value":"captcha_required","captcha_url":"https://hh.ru/account/captcha?state=pxvcxBozfu7ry7R4QCetFqDzUL2cbK2LGYV-JLOJ644HLrHr0DH6jezFpCb5WIoORh7fkpHCxj4F6mHfOvxRDMcscL1iKP0NmEM8IvU4pwo%3D
[2026-01-20 21:20:56,353] INFO: Worker 7 finished area Хандагайты; total collected 119
[2026-01-20 21:20:56,353] INFO: Worker 7 scanning area Республика Хакасия (1187)
[2026-01-20 21:20:56,386] ERROR: Unexpected status 403 for https://api.hh.ru/vacancies: {"errors":[{"value":"captcha_required","captcha_url":"https://hh.ru/account/captcha?state=pxvcxBozfu7ry7R4QCetFqDzUL2cbK2LGYV-JLOJ644HLrHr0DH6jezFpCb5WIoORh7fkpHCxj4F6mHfOvxRDGOuSArD1KC10FgRXDWI66s%3D
[2026-01-20 21:20:56,386] INFO: Worker 3 finished area Хову-Аксы; total collected 119
[2026-01-20 21:20:56,386] INFO: Worker 3 scanning area Абаза (1188)
[2026-01-20 21:20:56,428] ERROR: Unexpected status 403 for https://api.hh.ru/vacancies: {"errors":[{"value":"captcha_required","captcha_url":"https://hh.ru/account/captcha?state=pxvcxBozfu7ry7R4QCetFqDzUL2cbK2LGYV-JLOJ644HLrHr0DH6jezFpCb5WIoORh7fkpHCxj4F6mHfOvxRDIlTiOBGidtgVzk2i68MCsI%3D
[2026-01-20 21:20:56,431] INFO: Worker 1 finished area Чыраа-Бажы; total collected 119
[2026-01-20 21:20:56,431] INFO: Worker 1 scanning area Абакан (103)
[2026-01-20 21:20:56,503] ERROR: Unexpected status 403 for https://api.hh.ru/vacancies: {"errors":[{"value":"captcha_required","captcha_url":"https://hh.ru/account/captcha?state=pxvcxBozfu7ry7R4QCetFqDzUL2cbK2LGYV-JLOJ644HLrHr0DH6jezFpCb5WIoORh7fkpHCxj4F6mHfOvxRDLVoEQn0YtVW69Uv_lPTjEk%3D
[2026-01-20 21:20:56,503] INFO: Worker 5 finished area Шея; total collected 119
[2026-01-20 21:20:56,503] INFO: Worker 5 scanning area Аскиз (6288)
[2026-01-20 21:20:56,658] ERROR: Unexpected status 403 for https://api.hh.ru/vacancies: {"errors":[{"value":"captcha_required","captcha_url":"https://hh.ru/account/captcha?state=pxvcxBozfu7ry7R4QCetFqDzUL2cbK2LGYV-JLOJ644HLrHr0DH6jezFpCb5WIoORh7fkpHCxj4F6mHfOvxRDERucXSirisvFHOrFNW8euo%3D
[2026-01-20 21:20:56,658] INFO: Worker 4 finished area Шагонар; total collected 119
[2026-01-20 21:20:56,658] INFO: Worker 4 scanning area Белый Яр (Республика Хакасия) (6765)
[2026-01-20 21:20:56,697] ERROR: Unexpected status 403 for https://api.hh.ru/vacancies: {"errors":[{"value":"captcha_required","captcha_url":"https://hh.ru/account/captcha?state=pxvcxBozfu7ry7R4QCetFqDzUL2cbK2LGYV-JLOJ644HLrHr0DH6jezFpCb5WIoORh7fkpHCxj4F6mHfOvxRDM4NWmedmXiRNJ4-Ik-05oM%3D
[2026-01-20 21:20:56,697] INFO: Worker 3 finished area Абаза; total collected 119
[2026-01-20 21:20:56,697] INFO: Worker 3 scanning area Бельтирское (7319)
[2026-01-20 21:20:56,724] ERROR: Unexpected status 403 for https://api.hh.ru/vacancies: {"errors":[{"value":"captcha_required","captcha_url":"https://hh.ru/account/captcha?state=pxvcxBozfu7ry7R4QCetFqDzUL2cbK2LGYV-JLOJ644HLrHr0DH6jezFpCb5WIoORh7fkpHCxj4F6mHfOvxRDFBHG0KoZZsiLomvKT1cSi8%3D
[2026-01-20 21:20:56,724] INFO: Worker 0 finished area Эрги-Барлык; total collected 119
[2026-01-20 21:20:56,724] INFO: Worker 0 scanning area Бея (6530)
[2026-01-20 21:20:56,745] ERROR: Unexpected status 403 for https://api.hh.ru/vacancies: {"errors":[{"value":"captcha_required","captcha_url":"https://hh.ru/account/captcha?state=pxvcxBozfu7ry7R4QCetFqDzUL2cbK2LGYV-JLOJ644HLrHr0DH6jezFpCb5WIoORh7fkpHCxj4F6mHfOvxRDLyx8ktXsH5TAhFajhtj4Zg%3D
[2026-01-20 21:20:56,745] INFO: Worker 2 finished area Суг-Аксы; total collected 119
[2026-01-20 21:20:56,745] INFO: Worker 2 scanning area Бирикчуль (7411)
[2026-01-20 21:20:56,756] ERROR: Unexpected status 403 for https://api.hh.ru/vacancies: {"errors":[{"value":"captcha_required","captcha_url":"https://hh.ru/account/captcha?state=pxvcxBozfu7ry7R4QCetFqDzUL2cbK2LGYV-JLOJ644HLrHr0DH6jezFpCb5WIoORh7fkpHCxj4F6mHfOvxRDCSJDd7XT2SKZk9ek5RZBuQ%3D
[2026-01-20 21:20:56,756] INFO: Worker 6 finished area Эрзин; total collected 119
[2026-01-20 21:20:56,756] INFO: Worker 6 scanning area Бискамжа (7323)
[2026-01-20 21:20:56,842] ERROR: Unexpected status 403 for https://api.hh.ru/vacancies: {"errors":[{"value":"captcha_required","captcha_url":"https://hh.ru/account/captcha?state=pxvcxBozfu7ry7R4QCetFqDzUL2cbK2LGYV-JLOJ644HLrHr0DH6jezFpCb5WIoORh7fkpHCxj4F6mHfOvxRDIzxNF5lh064swblyv3NkcY%3D
[2026-01-20 21:20:56,843] INFO: Worker 7 finished area Республика Хакасия; total collected 119
[2026-01-20 21:20:56,843] INFO: Worker 7 scanning area Боград (7317)
[2026-01-20 21:20:56,921] ERROR: Unexpected status 403 for https://api.hh.ru/vacancies: {"errors":[{"value":"captcha_required","captcha_url":"https://hh.ru/account/captcha?state=pxvcxBozfu7ry7R4QCetFqDzUL2cbK2LGYV-JLOJ644HLrHr0DH6jezFpCb5WIoORh7fkpHCxj4F6mHfOvxRDOfiG_Jm0tsyV7CEWr__L9U%3D
[2026-01-20 21:20:56,922] INFO: Worker 1 finished area Абакан; total collected 119
[2026-01-20 21:20:56,922] INFO: Worker 1 scanning area Вершиина Тёи (6241)
[2026-01-20 21:20:57,009] ERROR: Unexpected status 403 for https://api.hh.ru/vacancies: {"errors":[{"value":"captcha_required","captcha_url":"https://hh.ru/account/captcha?state=pxvcxBozfu7ry7R4QCetFqDzUL2cbK2LGYV-JLOJ644HLrHr0DH6jezFpCb5WIoORh7fkpHCxj4F6mHfOvxRDHaq6jB2POU_3BL7TkJ8A94%3D
[2026-01-20 21:20:57,010] INFO: Worker 3 finished area Бельтирское; total collected 119
[2026-01-20 21:20:57,010] INFO: Worker 3 scanning area Ивановка (Республика Хакасия) (7460)
[2026-01-20 21:20:57,042] ERROR: Unexpected status 403 for https://api.hh.ru/vacancies: {"errors":[{"value":"captcha_required","captcha_url":"https://hh.ru/account/captcha?state=pxvcxBozfu7ry7R4QCetFqDzUL2cbK2LGYV-JLOJ644HLrHr0DH6jezFpCb5WIoORh7fkpHCxj4F6mHfOvxRDMy4BRkayA5V53Kzz1nSUUk%3D
[2026-01-20 21:20:57,042] INFO: Worker 0 finished area Бея; total collected 119
[2026-01-20 21:20:57,042] INFO: Worker 0 scanning area Капчалы (11526)
[2026-01-20 21:20:57,077] ERROR: Unexpected status 403 for https://api.hh.ru/vacancies: {"errors":[{"value":"captcha_required","captcha_url":"https://hh.ru/account/captcha?state=pxvcxBozfu7ry7R4QCetFqDzUL2cbK2LGYV-JLOJ644HLrHr0DH6jezFpCb5WIoORh7fkpHCxj4F6mHfOvxRDI1iae29XO_c1RmUWXAe_4c%3D
[2026-01-20 21:20:57,077] INFO: Worker 6 finished area Бискамжа; total collected 119
[2026-01-20 21:20:57,079] INFO: Worker 6 scanning area Копьево (7316)
[2026-01-20 21:20:57,146] ERROR: Unexpected status 403 for https://api.hh.ru/vacancies: {"errors":[{"value":"captcha_required","captcha_url":"https://hh.ru/account/captcha?state=pxvcxBozfu7ry7R4QCetFqDzUL2cbK2LGYV-JLOJ644HLrHr0DH6jezFpCb5WIoORh7fkpHCxj4F6mHfOvxRDIY_f8IK6POGgDOfnYxpVO8%3D
[2026-01-20 21:20:57,146] INFO: Worker 7 finished area Боград; total collected 119
[2026-01-20 21:20:57,146] INFO: Worker 7 scanning area Майна (Республика Хакасия) (7375)
[2026-01-20 21:20:57,225] ERROR: Unexpected status 403 for https://api.hh.ru/vacancies: {"errors":[{"value":"captcha_required","captcha_url":"https://hh.ru/account/captcha?state=pxvcxBozfu7ry7R4QCetFqDzUL2cbK2LGYV-JLOJ644HLrHr0DH6jezFpCb5WIoORh7fkpHCxj4F6mHfOvxRDC5kDc7V_-u3rqgyfLjQQUc%3D
[2026-01-20 21:20:57,225] INFO: Worker 5 finished area Аскиз; total collected 119
[2026-01-20 21:20:57,225] INFO: Worker 5 scanning area Первомайское (Республика Хакасия) (7363)
[2026-01-20 21:20:57,258] ERROR: Unexpected status 403 for https://api.hh.ru/vacancies: {"errors":[{"value":"captcha_required","captcha_url":"https://hh.ru/account/captcha?state=pxvcxBozfu7ry7R4QCetFqDzUL2cbK2LGYV-JLOJ644HLrHr0DH6jezFpCb5WIoORh7fkpHCxj4F6mHfOvxRDBCrLkAP-sQN2ENLV1XZqAU%3D
[2026-01-20 21:20:57,258] INFO: Worker 2 finished area Бирикчуль; total collected 119
[2026-01-20 21:20:57,258] INFO: Worker 2 scanning area Пуланколь (11848)
[2026-01-20 21:20:57,302] ERROR: Unexpected status 403 for https://api.hh.ru/vacancies: {"errors":[{"value":"captcha_required","captcha_url":"https://hh.ru/account/captcha?state=pxvcxBozfu7ry7R4QCetFqDzUL2cbK2LGYV-JLOJ644HLrHr0DH6jezFpCb5WIoORh7fkpHCxj4F6mHfOvxRDD5JxNwAH_HshO_RUcMcDLE%3D
[2026-01-20 21:20:57,302] INFO: Worker 4 finished area Белый Яр (Республика Хакасия); total collected 119
[2026-01-20 21:20:57,302] INFO: Worker 4 scanning area Саяногорск (1189)
[2026-01-20 21:20:57,365] ERROR: Unexpected status 403 for https://api.hh.ru/vacancies: {"errors":[{"value":"captcha_required","captcha_url":"https://hh.ru/account/captcha?state=pxvcxBozfu7ry7R4QCetFqDzUL2cbK2LGYV-JLOJ644HLrHr0DH6jezFpCb5WIoORh7fkpHCxj4F6mHfOvxRDEytqpJVaLyL3tlEkqE5hSA%3D
[2026-01-20 21:20:57,365] INFO: Worker 3 finished area Ивановка (Республика Хакасия); total collected 119
[2026-01-20 21:20:57,365] INFO: Worker 3 scanning area Сорск (1190)
[2026-01-20 21:20:57,437] ERROR: Unexpected status 403 for https://api.hh.ru/vacancies: {"errors":[{"value":"captcha_required","captcha_url":"https://hh.ru/account/captcha?state=pxvcxBozfu7ry7R4QCetFqDzUL2cbK2LGYV-JLOJ644HLrHr0DH6jezFpCb5WIoORh7fkpHCxj4F6mHfOvxRDMC6zUslenWMfM4zN12X_5k%3D
[2026-01-20 21:20:57,438] INFO: Worker 6 finished area Копьево; total collected 119
[2026-01-20 21:20:57,438] INFO: Worker 6 scanning area Таштып (6764)
[2026-01-20 21:20:57,455] ERROR: Unexpected status 403 for https://api.hh.ru/vacancies: {"errors":[{"value":"captcha_required","captcha_url":"https://hh.ru/account/captcha?state=pxvcxBozfu7ry7R4QCetFqDzUL2cbK2LGYV-JLOJ644HLrHr0DH6jezFpCb5WIoORh7fkpHCxj4F6mHfOvxRDLcAuHF30cS-xOP7lw8Yn7o%3D
[2026-01-20 21:20:57,455] INFO: Worker 7 finished area Майна (Республика Хакасия); total collected 119
[2026-01-20 21:20:57,455] INFO: Worker 7 scanning area Устинкино (7347)
[2026-01-20 21:20:57,665] ERROR: Unexpected status 403 for https://api.hh.ru/vacancies: {"errors":[{"value":"captcha_required","captcha_url":"https://hh.ru/account/captcha?state=pxvcxBozfu7ry7R4QCetFqDzUL2cbK2LGYV-JLOJ644HLrHr0DH6jezFpCb5WIoORh7fkpHCxj4F6mHfOvxRDC1mmiqUYA25MMSBlbMXNbE%3D
[2026-01-20 21:20:57,665] INFO: Worker 3 finished area Сорск; total collected 119
[2026-01-20 21:20:57,665] INFO: Worker 3 scanning area Усть-Абакан (6759)
[2026-01-20 21:20:57,759] ERROR: Unexpected status 403 for https://api.hh.ru/vacancies: {"errors":[{"value":"captcha_required","captcha_url":"https://hh.ru/account/captcha?state=pxvcxBozfu7ry7R4QCetFqDzUL2cbK2LGYV-JLOJ644HLrHr0DH6jezFpCb5WIoORh7fkpHCxj4F6mHfOvxRDOBejNgkHKxQIiWjULjIQuo%3D
[2026-01-20 21:20:57,759] INFO: Worker 7 finished area Устинкино; total collected 119
[2026-01-20 21:20:57,759] INFO: Worker 7 scanning area Черногорск (1191)
[2026-01-20 21:20:57,763] ERROR: Unexpected status 403 for https://api.hh.ru/vacancies: {"errors":[{"value":"captcha_required","captcha_url":"https://hh.ru/account/captcha?state=pxvcxBozfu7ry7R4QCetFqDzUL2cbK2LGYV-JLOJ644HLrHr0DH6jezFpCb5WIoORh7fkpHCxj4F6mHfOvxRDEX4sXhyCTRAxVh3FxXRQjw%3D
[2026-01-20 21:20:57,763] INFO: Worker 2 finished area Пуланколь; total collected 119
[2026-01-20 21:20:57,763] INFO: Worker 2 scanning area Шира (6181)
[2026-01-20 21:20:57,817] ERROR: Unexpected status 403 for https://api.hh.ru/vacancies: {"errors":[{"value":"captcha_required","captcha_url":"https://hh.ru/account/captcha?state=pxvcxBozfu7ry7R4QCetFqDzUL2cbK2LGYV-JLOJ644HLrHr0DH6jezFpCb5WIoORh7fkpHCxj4F6mHfOvxRDLG_HKL4BpeveVO_CUsKi8w%3D
[2026-01-20 21:20:57,817] INFO: Worker 4 finished area Саяногорск; total collected 119
[2026-01-20 21:20:57,817] INFO: Worker 4 scanning area Туим (17475)
[2026-01-20 21:20:57,849] ERROR: Unexpected status 403 for https://api.hh.ru/vacancies: {"errors":[{"value":"captcha_required","captcha_url":"https://hh.ru/account/captcha?state=pxvcxBozfu7ry7R4QCetFqDzUL2cbK2LGYV-JLOJ644HLrHr0DH6jezFpCb5WIoORh7fkpHCxj4F6mHfOvxRDGykgUUKBMc-XKIEhE-i5mo%3D
[2026-01-20 21:20:57,849] INFO: Worker 0 finished area Капчалы; total collected 119
[2026-01-20 21:20:57,851] INFO: Worker 0 scanning area Кировская область (1661)
[2026-01-20 21:20:57,993] ERROR: Unexpected status 403 for https://api.hh.ru/vacancies: {"errors":[{"value":"captcha_required","captcha_url":"https://hh.ru/account/captcha?state=pxvcxBozfu7ry7R4QCetFqDzUL2cbK2LGYV-JLOJ644HLrHr0DH6jezFpCb5WIoORh7fkpHCxj4F6mHfOvxRDHp9hQ17zmzlsFJvSsamQno%3D
[2026-01-20 21:20:57,993] INFO: Worker 5 finished area Первомайское (Республика Хакасия); total collected 119
[2026-01-20 21:20:57,993] INFO: Worker 5 scanning area Арбаж (4438)
[2026-01-20 21:20:58,010] ERROR: Unexpected status 403 for https://api.hh.ru/vacancies: {"errors":[{"value":"captcha_required","captcha_url":"https://hh.ru/account/captcha?state=pxvcxBozfu7ry7R4QCetFqDzUL2cbK2LGYV-JLOJ644HLrHr0DH6jezFpCb5WIoORh7fkpHCxj4F6mHfOvxRDHpahVMj7XoQR65DzCPGcSM%3D
[2026-01-20 21:20:58,010] INFO: Worker 3 finished area Усть-Абакан; total collected 119
[2026-01-20 21:20:58,010] INFO: Worker 3 scanning area Аркуль (7639)
[2026-01-20 21:20:58,108] ERROR: Unexpected status 403 for https://api.hh.ru/vacancies: {"errors":[{"value":"captcha_required","captcha_url":"https://hh.ru/account/captcha?state=pxvcxBozfu7ry7R4QCetFqDzUL2cbK2LGYV-JLOJ644HLrHr0DH6jezFpCb5WIoORh7fkpHCxj4F6mHfOvxRDD7FIkHrXHw6jayAaEwIM-o%3D
[2026-01-20 21:20:58,108] INFO: Worker 1 finished area Вершиина Тёи; total collected 119
[2026-01-20 21:20:58,108] INFO: Worker 1 scanning area Архангельское (Кировская область) (7665)
[2026-01-20 21:20:58,118] ERROR: Unexpected status 403 for https://api.hh.ru/vacancies: {"errors":[{"value":"captcha_required","captcha_url":"https://hh.ru/account/captcha?state=pxvcxBozfu7ry7R4QCetFqDzUL2cbK2LGYV-JLOJ644HLrHr0DH6jezFpCb5WIoORh7fkpHCxj4F6mHfOvxRDPskp4vf3VfD9j5_7cjT0ec%3D
[2026-01-20 21:20:58,118] INFO: Worker 4 finished area Туим; total collected 119
[2026-01-20 21:20:58,119] INFO: Worker 4 scanning area Афанасьево (Кировская область) (4439)
[2026-01-20 21:20:58,206] ERROR: Unexpected status 403 for https://api.hh.ru/vacancies: {"errors":[{"value":"captcha_required","captcha_url":"https://hh.ru/account/captcha?state=pxvcxBozfu7ry7R4QCetFqDzUL2cbK2LGYV-JLOJ644HLrHr0DH6jezFpCb5WIoORh7fkpHCxj4F6mHfOvxRDKowVCyJNWncIzNnrZxMs5I%3D
[2026-01-20 21:20:58,206] INFO: Worker 2 finished area Шира; total collected 119
[2026-01-20 21:20:58,206] INFO: Worker 2 scanning area Безбожник (7698)
[2026-01-20 21:20:58,294] ERROR: Unexpected status 403 for https://api.hh.ru/vacancies: {"errors":[{"value":"captcha_required","captcha_url":"https://hh.ru/account/captcha?state=pxvcxBozfu7ry7R4QCetFqDzUL2cbK2LGYV-JLOJ644HLrHr0DH6jezFpCb5WIoORh7fkpHCxj4F6mHfOvxRDNwkcQJwrBj5hg48Hsp-ntU%3D
[2026-01-20 21:20:58,294] INFO: Worker 0 finished area Кировская область; total collected 119
[2026-01-20 21:20:58,294] INFO: Worker 0 scanning area Белая Холуница (1662)
[2026-01-20 21:20:58,362] ERROR: Unexpected status 403 for https://api.hh.ru/vacancies: {"errors":[{"value":"captcha_required","captcha_url":"https://hh.ru/account/captcha?state=pxvcxBozfu7ry7R4QCetFqDzUL2cbK2LGYV-JLOJ644HLrHr0DH6jezFpCb5WIoORh7fkpHCxj4F6mHfOvxRDB9rZYLtomVTphz9gJlePSU%3D
[2026-01-20 21:20:58,363] INFO: Worker 5 finished area Арбаж; total collected 119
[2026-01-20 21:20:58,363] INFO: Worker 5 scanning area Бисерово (7660)
[2026-01-20 21:20:58,447] ERROR: Unexpected status 403 for https://api.hh.ru/vacancies: {"errors":[{"value":"captcha_required","captcha_url":"https://hh.ru/account/captcha?state=pxvcxBozfu7ry7R4QCetFqDzUL2cbK2LGYV-JLOJ644HLrHr0DH6jezFpCb5WIoORh7fkpHCxj4F6mHfOvxRDD_95zU7g5alyz6jnRF9m0A%3D
[2026-01-20 21:20:58,447] INFO: Worker 3 finished area Аркуль; total collected 119
[2026-01-20 21:20:58,447] INFO: Worker 3 scanning area Богородское (4440)
[2026-01-20 21:20:58,488] ERROR: Unexpected status 403 for https://api.hh.ru/vacancies: {"errors":[{"value":"captcha_required","captcha_url":"https://hh.ru/account/captcha?state=pxvcxBozfu7ry7R4QCetFqDzUL2cbK2LGYV-JLOJ644HLrHr0DH6jezFpCb5WIoORh7fkpHCxj4F6mHfOvxRDKMuugx5dkTDdbJGdZv7r3A%3D
[2026-01-20 21:20:58,488] INFO: Worker 6 finished area Таштып; total collected 119
[2026-01-20 21:20:58,488] INFO: Worker 6 scanning area Большой Порек (11655)
[2026-01-20 21:20:58,525] ERROR: Unexpected status 403 for https://api.hh.ru/vacancies: {"errors":[{"value":"captcha_required","captcha_url":"https://hh.ru/account/captcha?state=pxvcxBozfu7ry7R4QCetFqDzUL2cbK2LGYV-JLOJ644HLrHr0DH6jezFpCb5WIoORh7fkpHCxj4F6mHfOvxRDJINLpvx7eKL3tniBPnJl9Y%3D
[2026-01-20 21:20:58,525] INFO: Worker 2 finished area Безбожник; total collected 119
[2026-01-20 21:20:58,525] INFO: Worker 2 scanning area Большой Рой (7604)
[2026-01-20 21:20:58,526] ERROR: Unexpected status 403 for https://api.hh.ru/vacancies: {"errors":[{"value":"captcha_required","captcha_url":"https://hh.ru/account/captcha?state=pxvcxBozfu7ry7R4QCetFqDzUL2cbK2LGYV-JLOJ644HLrHr0DH6jezFpCb5WIoORh7fkpHCxj4F6mHfOvxRDJD0sqRtIqWHBYxhocTUbz0%3D
[2026-01-20 21:20:58,526] INFO: Worker 4 finished area Афанасьево (Кировская область); total collected 119
[2026-01-20 21:20:58,526] INFO: Worker 4 scanning area Вахруши (4441)
[2026-01-20 21:20:58,551] ERROR: Unexpected status 403 for https://api.hh.ru/vacancies: {"errors":[{"value":"captcha_required","captcha_url":"https://hh.ru/account/captcha?state=pxvcxBozfu7ry7R4QCetFqDzUL2cbK2LGYV-JLOJ644HLrHr0DH6jezFpCb5WIoORh7fkpHCxj4F6mHfOvxRDFxhEhPgj5cJlXFdZFid9n0%3D
[2026-01-20 21:20:58,552] INFO: Worker 7 finished area Черногорск; total collected 119
[2026-01-20 21:20:58,552] INFO: Worker 7 scanning area Верхосунье (7701)
[2026-01-20 21:20:58,611] ERROR: Unexpected status 403 for https://api.hh.ru/vacancies: {"errors":[{"value":"captcha_required","captcha_url":"https://hh.ru/account/captcha?state=pxvcxBozfu7ry7R4QCetFqDzUL2cbK2LGYV-JLOJ644HLrHr0DH6jezFpCb5WIoORh7fkpHCxj4F6mHfOvxRDIiKsqKs2BHiCU9-DDBJqfA%3D
[2026-01-20 21:20:58,611] INFO: Worker 0 finished area Белая Холуница; total collected 119
[2026-01-20 21:20:58,611] INFO: Worker 0 scanning area Верхошижемье (4442)
[2026-01-20 21:20:58,683] ERROR: Unexpected status 403 for https://api.hh.ru/vacancies: {"errors":[{"value":"captcha_required","captcha_url":"https://hh.ru/account/captcha?state=pxvcxBozfu7ry7R4QCetFqDzUL2cbK2LGYV-JLOJ644HLrHr0DH6jezFpCb5WIoORh7fkpHCxj4F6mHfOvxRDKjb8Tk6JeorhK6l0wTXvgA%3D
[2026-01-20 21:20:58,683] INFO: Worker 5 finished area Бисерово; total collected 119
[2026-01-20 21:20:58,683] INFO: Worker 5 scanning area Вичевщина (7705)
[2026-01-20 21:20:58,711] ERROR: Unexpected status 403 for https://api.hh.ru/vacancies: {"errors":[{"value":"captcha_required","captcha_url":"https://hh.ru/account/captcha?state=pxvcxBozfu7ry7R4QCetFqDzUL2cbK2LGYV-JLOJ644HLrHr0DH6jezFpCb5WIoORh7fkpHCxj4F6mHfOvxRDCqhO58K2EIbsYCI8fG8lMQ%3D
[2026-01-20 21:20:58,711] INFO: Worker 1 finished area Архангельское (Кировская область); total collected 119
[2026-01-20 21:20:58,711] INFO: Worker 1 scanning area Восточный (Кировская область) (4443)
[2026-01-20 21:20:58,811] ERROR: Unexpected status 403 for https://api.hh.ru/vacancies: {"errors":[{"value":"captcha_required","captcha_url":"https://hh.ru/account/captcha?state=pxvcxBozfu7ry7R4QCetFqDzUL2cbK2LGYV-JLOJ644HLrHr0DH6jezFpCb5WIoORh7fkpHCxj4F6mHfOvxRDAc_FVv0Pvirw35gSSJOjE4%3D
[2026-01-20 21:20:58,811] INFO: Worker 6 finished area Большой Порек; total collected 119
[2026-01-20 21:20:58,811] INFO: Worker 6 scanning area Вятские Поляны (1663)
[2026-01-20 21:20:58,821] ERROR: Unexpected status 403 for https://api.hh.ru/vacancies: {"errors":[{"value":"captcha_required","captcha_url":"https://hh.ru/account/captcha?state=pxvcxBozfu7ry7R4QCetFqDzUL2cbK2LGYV-JLOJ644HLrHr0DH6jezFpCb5WIoORh7fkpHCxj4F6mHfOvxRDAJ6BbwzAsRKtN6o48GmpIU%3D
[2026-01-20 21:20:58,821] INFO: Worker 3 finished area Богородское; total collected 119
[2026-01-20 21:20:58,821] INFO: Worker 3 scanning area Гордино (7718)
[2026-01-20 21:20:58,825] ERROR: Unexpected status 403 for https://api.hh.ru/vacancies: {"errors":[{"value":"captcha_required","captcha_url":"https://hh.ru/account/captcha?state=pxvcxBozfu7ry7R4QCetFqDzUL2cbK2LGYV-JLOJ644HLrHr0DH6jezFpCb5WIoORh7fkpHCxj4F6mHfOvxRDBl5_m63f7MuutQ09eeLcDg%3D
[2026-01-20 21:20:58,825] INFO: Worker 7 finished area Верхосунье; total collected 119
[2026-01-20 21:20:58,825] INFO: Worker 7 scanning area Гостовский (7642)
[2026-01-20 21:20:58,997] ERROR: Unexpected status 403 for https://api.hh.ru/vacancies: {"errors":[{"value":"captcha_required","captcha_url":"https://hh.ru/account/captcha?state=pxvcxBozfu7ry7R4QCetFqDzUL2cbK2LGYV-JLOJ644HLrHr0DH6jezFpCb5WIoORh7fkpHCxj4F6mHfOvxRDLztJtFi2Et5NfH7GhTlCrs%3D
[2026-01-20 21:20:58,997] INFO: Worker 2 finished area Большой Рой; total collected 119
[2026-01-20 21:20:58,997] INFO: Worker 2 scanning area Даровской (4444)
[2026-01-20 21:20:59,004] ERROR: Unexpected status 403 for https://api.hh.ru/vacancies: {"errors":[{"value":"captcha_required","captcha_url":"https://hh.ru/account/captcha?state=pxvcxBozfu7ry7R4QCetFqDzUL2cbK2LGYV-JLOJ644HLrHr0DH6jezFpCb5WIoORh7fkpHCxj4F6mHfOvxRDJk9ZkcoM9GAsmR61o6AtH4%3D
[2026-01-20 21:20:59,004] INFO: Worker 5 finished area Вичевщина; total collected 119
[2026-01-20 21:20:59,004] INFO: Worker 5 scanning area Демьяново (4445)
[2026-01-20 21:20:59,033] ERROR: Unexpected status 403 for https://api.hh.ru/vacancies: {"errors":[{"value":"captcha_required","captcha_url":"https://hh.ru/account/captcha?state=pxvcxBozfu7ry7R4QCetFqDzUL2cbK2LGYV-JLOJ644HLrHr0DH6jezFpCb5WIoORh7fkpHCxj4F6mHfOvxRDCx16o8im8TgIbdrlPQCaTo%3D
[2026-01-20 21:20:59,033] INFO: Worker 1 finished area Восточный (Кировская область); total collected 119
[2026-01-20 21:20:59,033] INFO: Worker 1 scanning area Залазна (7618)
[2026-01-20 21:20:59,202] ERROR: Unexpected status 403 for https://api.hh.ru/vacancies: {"errors":[{"value":"captcha_required","captcha_url":"https://hh.ru/account/captcha?state=pxvcxBozfu7ry7R4QCetFqDzUL2cbK2LGYV-JLOJ644HLrHr0DH6jezFpCb5WIoORh7fkpHCxj4F6mHfOvxRDLyOwEQN-6vR_pYd04PHgvQ%3D
[2026-01-20 21:20:59,203] INFO: Worker 7 finished area Гостовский; total collected 119
[2026-01-20 21:20:59,203] INFO: Worker 7 scanning area Заря (Кировская область) (7616)
[2026-01-20 21:20:59,245] ERROR: Unexpected status 403 for https://api.hh.ru/vacancies: {"errors":[{"value":"captcha_required","captcha_url":"https://hh.ru/account/captcha?state=pxvcxBozfu7ry7R4QCetFqDzUL2cbK2LGYV-JLOJ644HLrHr0DH6jezFpCb5WIoORh7fkpHCxj4F6mHfOvxRDMopMlT66KjaZQoN3sXA4qE%3D
[2026-01-20 21:20:59,246] INFO: Worker 0 finished area Верхошижемье; total collected 119
[2026-01-20 21:20:59,246] INFO: Worker 0 scanning area Зуевка (1664)
[2026-01-20 21:20:59,290] ERROR: Unexpected status 403 for https://api.hh.ru/vacancies: {"errors":[{"value":"captcha_required","captcha_url":"https://hh.ru/account/captcha?state=pxvcxBozfu7ry7R4QCetFqDzUL2cbK2LGYV-JLOJ644HLrHr0DH6jezFpCb5WIoORh7fkpHCxj4F6mHfOvxRDDv02EEebPCPWYDrUJA00YA%3D
[2026-01-20 21:20:59,292] INFO: Worker 1 finished area Залазна; total collected 119
[2026-01-20 21:20:59,292] INFO: Worker 1 scanning area Карино (7714)
[2026-01-20 21:20:59,318] ERROR: Unexpected status 403 for https://api.hh.ru/vacancies: {"errors":[{"value":"captcha_required","captcha_url":"https://hh.ru/account/captcha?state=pxvcxBozfu7ry7R4QCetFqDzUL2cbK2LGYV-JLOJ644HLrHr0DH6jezFpCb5WIoORh7fkpHCxj4F6mHfOvxRDO8GUqM6So4j83WMLdHs9mI%3D
[2026-01-20 21:20:59,318] INFO: Worker 6 finished area Вятские Поляны; total collected 119
[2026-01-20 21:20:59,318] INFO: Worker 6 scanning area Кикнур (4446)
[2026-01-20 21:20:59,367] ERROR: Unexpected status 403 for https://api.hh.ru/vacancies: {"errors":[{"value":"captcha_required","captcha_url":"https://hh.ru/account/captcha?state=pxvcxBozfu7ry7R4QCetFqDzUL2cbK2LGYV-JLOJ644HLrHr0DH6jezFpCb5WIoORh7fkpHCxj4F6mHfOvxRDJemvzU-L_4yBQF_XTzlL4I%3D
[2026-01-20 21:20:59,367] INFO: Worker 3 finished area Гордино; total collected 119
[2026-01-20 21:20:59,367] INFO: Worker 3 scanning area Кильмезь (Кировская область) (4447)
[2026-01-20 21:20:59,386] ERROR: Unexpected status 403 for https://api.hh.ru/vacancies: {"errors":[{"value":"captcha_required","captcha_url":"https://hh.ru/account/captcha?state=pxvcxBozfu7ry7R4QCetFqDzUL2cbK2LGYV-JLOJ644HLrHr0DH6jezFpCb5WIoORh7fkpHCxj4F6mHfOvxRDEWQ0ZpZGJsGMb34GcM6QIY%3D
[2026-01-20 21:20:59,386] INFO: Worker 4 finished area Вахруши; total collected 119
[2026-01-20 21:20:59,386] INFO: Worker 4 scanning area Киров (Кировская область) (49)
[2026-01-20 21:20:59,412] ERROR: Unexpected status 403 for https://api.hh.ru/vacancies: {"errors":[{"value":"captcha_required","captcha_url":"https://hh.ru/account/captcha?state=pxvcxBozfu7ry7R4QCetFqDzUL2cbK2LGYV-JLOJ644HLrHr0DH6jezFpCb5WIoORh7fkpHCxj4F6mHfOvxRDCYlvkr-dCnuIL7Wa-PccTg%3D
[2026-01-20 21:20:59,412] INFO: Worker 5 finished area Демьяново; total collected 119
[2026-01-20 21:20:59,413] INFO: Worker 5 scanning area Кирово-Чепецк (1665)
[2026-01-20 21:20:59,442] ERROR: Unexpected status 403 for https://api.hh.ru/vacancies: {"errors":[{"value":"captcha_required","captcha_url":"https://hh.ru/account/captcha?state=pxvcxBozfu7ry7R4QCetFqDzUL2cbK2LGYV-JLOJ644HLrHr0DH6jezFpCb5WIoORh7fkpHCxj4F6mHfOvxRDFopI-g95byiqhcSueTyz4I%3D
[2026-01-20 21:20:59,442] INFO: Worker 2 finished area Даровской; total collected 119
[2026-01-20 21:20:59,442] INFO: Worker 2 scanning area Кирс (1666)
[2026-01-20 21:20:59,557] ERROR: Unexpected status 403 for https://api.hh.ru/vacancies: {"errors":[{"value":"captcha_required","captcha_url":"https://hh.ru/account/captcha?state=pxvcxBozfu7ry7R4QCetFqDzUL2cbK2LGYV-JLOJ644HLrHr0DH6jezFpCb5WIoORh7fkpHCxj4F6mHfOvxRDKVnyKaCi-D_SmbYQudfQ8c%3D
[2026-01-20 21:20:59,557] INFO: Worker 7 finished area Заря (Кировская область); total collected 119
[2026-01-20 21:20:59,557] INFO: Worker 7 scanning area Коршик (7603)
[2026-01-20 21:20:59,626] ERROR: Unexpected status 403 for https://api.hh.ru/vacancies: {"errors":[{"value":"captcha_required","captcha_url":"https://hh.ru/account/captcha?state=pxvcxBozfu7ry7R4QCetFqDzUL2cbK2LGYV-JLOJ644HLrHr0DH6jezFpCb5WIoORh7fkpHCxj4F6mHfOvxRDNiOx4-JQFtOQ55T1NeUyF0%3D
[2026-01-20 21:20:59,627] INFO: Worker 1 finished area Карино; total collected 119
[2026-01-20 21:20:59,627] INFO: Worker 1 scanning area Косино (7740)
[2026-01-20 21:20:59,651] ERROR: Unexpected status 403 for https://api.hh.ru/vacancies: {"errors":[{"value":"captcha_required","captcha_url":"https://hh.ru/account/captcha?state=pxvcxBozfu7ry7R4QCetFqDzUL2cbK2LGYV-JLOJ644HLrHr0DH6jezFpCb5WIoORh7fkpHCxj4F6mHfOvxRDNgsxtuZm5RNag0dYXD0IL4%3D
[2026-01-20 21:20:59,651] INFO: Worker 0 finished area Зуевка; total collected 119
[2026-01-20 21:20:59,651] INFO: Worker 0 scanning area Котельнич (1667)
[2026-01-20 21:20:59,679] ERROR: Unexpected status 403 for https://api.hh.ru/vacancies: {"errors":[{"value":"captcha_required","captcha_url":"https://hh.ru/account/captcha?state=pxvcxBozfu7ry7R4QCetFqDzUL2cbK2LGYV-JLOJ644HLrHr0DH6jezFpCb5WIoORh7fkpHCxj4F6mHfOvxRDNCd6p5SMhUAmOePgqas8KE%3D
[2026-01-20 21:20:59,679] INFO: Worker 6 finished area Кикнур; total collected 119
[2026-01-20 21:20:59,679] INFO: Worker 6 scanning area Котчиха (11684)
[2026-01-20 21:20:59,863] ERROR: Unexpected status 403 for https://api.hh.ru/vacancies: {"errors":[{"value":"captcha_required","captcha_url":"https://hh.ru/account/captcha?state=pxvcxBozfu7ry7R4QCetFqDzUL2cbK2LGYV-JLOJ644HLrHr0DH6jezFpCb5WIoORh7fkpHCxj4F6mHfOvxRDG_J3x5f0VQzB8nKqUN2HIk%3D
[2026-01-20 21:20:59,864] INFO: Worker 4 finished area Киров (Кировская область); total collected 119
[2026-01-20 21:20:59,864] INFO: Worker 4 scanning area Красная Поляна (Кировская область) (4448)
[2026-01-20 21:20:59,887] ERROR: Unexpected status 403 for https://api.hh.ru/vacancies: {"errors":[{"value":"captcha_required","captcha_url":"https://hh.ru/account/captcha?state=pxvcxBozfu7ry7R4QCetFqDzUL2cbK2LGYV-JLOJ644HLrHr0DH6jezFpCb5WIoORh7fkpHCxj4F6mHfOvxRDKuuEiH8Cp8xETKPK2U20a8%3D
[2026-01-20 21:20:59,887] INFO: Worker 7 finished area Коршик; total collected 119
[2026-01-20 21:20:59,887] INFO: Worker 7 scanning area Кстинино (7690)
[2026-01-20 21:20:59,992] ERROR: Unexpected status 403 for https://api.hh.ru/vacancies: {"errors":[{"value":"captcha_required","captcha_url":"https://hh.ru/account/captcha?state=pxvcxBozfu7ry7R4QCetFqDzUL2cbK2LGYV-JLOJ644HLrHr0DH6jezFpCb5WIoORh7fkpHCxj4F6mHfOvxRDOiSJJ-J6GAhtzNXj7YCYjo%3D
[2026-01-20 21:20:59,993] INFO: Worker 2 finished area Кирс; total collected 119
[2026-01-20 21:20:59,993] INFO: Worker 2 scanning area Кулыги (7610)
[2026-01-20 21:21:00,002] ERROR: Unexpected status 403 for https://api.hh.ru/vacancies: {"errors":[{"value":"captcha_required","captcha_url":"https://hh.ru/account/captcha?state=pxvcxBozfu7ry7R4QCetFqDzUL2cbK2LGYV-JLOJ644HLrHr0DH6jezFpCb5WIoORh7fkpHCxj4F6mHfOvxRDA2zrbKx6mS6K8NKUcFLIOo%3D
[2026-01-20 21:21:00,002] INFO: Worker 5 finished area Кирово-Чепецк; total collected 119
[2026-01-20 21:21:00,002] INFO: Worker 5 scanning area Кумены (4449)
[2026-01-20 21:21:00,064] ERROR: Unexpected status 403 for https://api.hh.ru/vacancies: {"errors":[{"value":"captcha_required","captcha_url":"https://hh.ru/account/captcha?state=pxvcxBozfu7ry7R4QCetFqDzUL2cbK2LGYV-JLOJ644HLrHr0DH6jezFpCb5WIoORh7fkpHCxj4F6mHfOvxRDHyE7Z6ZF7hOtw03iSe_nU0%3D
[2026-01-20 21:21:00,064] INFO: Worker 3 finished area Кильмезь (Кировская область); total collected 119
[2026-01-20 21:21:00,064] INFO: Worker 3 scanning area Лаж (7680)
[2026-01-20 21:21:00,072] ERROR: Unexpected status 403 for https://api.hh.ru/vacancies: {"errors":[{"value":"captcha_required","captcha_url":"https://hh.ru/account/captcha?state=pxvcxBozfu7ry7R4QCetFqDzUL2cbK2LGYV-JLOJ644HLrHr0DH6jezFpCb5WIoORh7fkpHCxj4F6mHfOvxRDCr-2pM8uX-LXUas5uMNICE%3D
[2026-01-20 21:21:00,072] INFO: Worker 0 finished area Котельнич; total collected 119
[2026-01-20 21:21:00,072] INFO: Worker 0 scanning area Лазарево (Кировская область) (7605)
[2026-01-20 21:21:00,089] ERROR: Unexpected status 403 for https://api.hh.ru/vacancies: {"errors":[{"value":"captcha_required","captcha_url":"https://hh.ru/account/captcha?state=pxvcxBozfu7ry7R4QCetFqDzUL2cbK2LGYV-JLOJ644HLrHr0DH6jezFpCb5WIoORh7fkpHCxj4F6mHfOvxRDDULa2m34NdfbfkmpwfgJoo%3D
[2026-01-20 21:21:00,089] INFO: Worker 1 finished area Косино; total collected 119
[2026-01-20 21:21:00,089] INFO: Worker 1 scanning area Лальск (4450)
[2026-01-20 21:21:00,182] ERROR: Unexpected status 403 for https://api.hh.ru/vacancies: {"errors":[{"value":"captcha_required","captcha_url":"https://hh.ru/account/captcha?state=pxvcxBozfu7ry7R4QCetFqDzUL2cbK2LGYV-JLOJ644HLrHr0DH6jezFpCb5WIoORh7fkpHCxj4F6mHfOvxRDJSjbcQZ2qAsOffDepjT1L8%3D
[2026-01-20 21:21:00,182] INFO: Worker 7 finished area Кстинино; total collected 119
[2026-01-20 21:21:00,182] INFO: Worker 7 scanning area Лебяжье (Кировская область) (4451)
[2026-01-20 21:21:00,185] ERROR: Unexpected status 403 for https://api.hh.ru/vacancies: {"errors":[{"value":"captcha_required","captcha_url":"https://hh.ru/account/captcha?state=pxvcxBozfu7ry7R4QCetFqDzUL2cbK2LGYV-JLOJ644HLrHr0DH6jezFpCb5WIoORh7fkpHCxj4F6mHfOvxRDOoTIK6SmyZso9jqSr9nCxI%3D
[2026-01-20 21:21:00,185] INFO: Worker 4 finished area Красная Поляна (Кировская область); total collected 119
[2026-01-20 21:21:00,185] INFO: Worker 4 scanning area Ленинская Искра (7725)
[2026-01-20 21:21:00,358] ERROR: Unexpected status 403 for https://api.hh.ru/vacancies: {"errors":[{"value":"captcha_required","captcha_url":"https://hh.ru/account/captcha?state=pxvcxBozfu7ry7R4QCetFqDzUL2cbK2LGYV-JLOJ644HLrHr0DH6jezFpCb5WIoORh7fkpHCxj4F6mHfOvxRDB5NgaoYjmNINpKk8yendO4%3D
[2026-01-20 21:21:00,358] INFO: Worker 6 finished area Котчиха; total collected 119
[2026-01-20 21:21:00,358] INFO: Worker 6 scanning area Ленинское (4452)
[2026-01-20 21:21:00,360] ERROR: Unexpected status 403 for https://api.hh.ru/vacancies: {"errors":[{"value":"captcha_required","captcha_url":"https://hh.ru/account/captcha?state=pxvcxBozfu7ry7R4QCetFqDzUL2cbK2LGYV-JLOJ644HLrHr0DH6jezFpCb5WIoORh7fkpHCxj4F6mHfOvxRDJpPOd3KQIKUYl8QodvlOxY%3D
[2026-01-20 21:21:00,360] INFO: Worker 5 finished area Кумены; total collected 119
[2026-01-20 21:21:00,360] INFO: Worker 5 scanning area Лесной (Кировская область) (4453)
[2026-01-20 21:21:00,363] ERROR: Unexpected status 403 for https://api.hh.ru/vacancies: {"errors":[{"value":"captcha_required","captcha_url":"https://hh.ru/account/captcha?state=pxvcxBozfu7ry7R4QCetFqDzUL2cbK2LGYV-JLOJ644HLrHr0DH6jezFpCb5WIoORh7fkpHCxj4F6mHfOvxRDN_g6FT3cKxaO1i-copzrns%3D
[2026-01-20 21:21:00,363] INFO: Worker 3 finished area Лаж; total collected 119
[2026-01-20 21:21:00,363] INFO: Worker 3 scanning area Лесные Поляны (Кировская область) (7674)
[2026-01-20 21:21:00,368] ERROR: Unexpected status 403 for https://api.hh.ru/vacancies: {"errors":[{"value":"captcha_required","captcha_url":"https://hh.ru/account/captcha?state=pxvcxBozfu7ry7R4QCetFqDzUL2cbK2LGYV-JLOJ644HLrHr0DH6jezFpCb5WIoORh7fkpHCxj4F6mHfOvxRDGEeb98_WmCY9E05BNTio3Q%3D
[2026-01-20 21:21:00,368] INFO: Worker 0 finished area Лазарево (Кировская область); total collected 119
[2026-01-20 21:21:00,368] INFO: Worker 0 scanning area Лойно (4454)
[2026-01-20 21:21:00,378] ERROR: Unexpected status 403 for https://api.hh.ru/vacancies: {"errors":[{"value":"captcha_required","captcha_url":"https://hh.ru/account/captcha?state=pxvcxBozfu7ry7R4QCetFqDzUL2cbK2LGYV-JLOJ644HLrHr0DH6jezFpCb5WIoORh7fkpHCxj4F6mHfOvxRDN6CKAvn0rIccxDDFXgEi-w%3D
[2026-01-20 21:21:00,378] INFO: Worker 1 finished area Лальск; total collected 119
[2026-01-20 21:21:00,378] INFO: Worker 1 scanning area Луза (1668)
[2026-01-20 21:21:00,379] ERROR: Unexpected status 403 for https://api.hh.ru/vacancies: {"errors":[{"value":"captcha_required","captcha_url":"https://hh.ru/account/captcha?state=pxvcxBozfu7ry7R4QCetFqDzUL2cbK2LGYV-JLOJ644HLrHr0DH6jezFpCb5WIoORh7fkpHCxj4F6mHfOvxRDNatQUScd_kMJ6Is9O3pjCk%3D
[2026-01-20 21:21:00,379] INFO: Worker 2 finished area Кулыги; total collected 119
[2026-01-20 21:21:00,379] INFO: Worker 2 scanning area Малмыж (1669)
[2026-01-20 21:21:00,494] ERROR: Unexpected status 403 for https://api.hh.ru/vacancies: {"errors":[{"value":"captcha_required","captcha_url":"https://hh.ru/account/captcha?state=pxvcxBozfu7ry7R4QCetFqDzUL2cbK2LGYV-JLOJ644HLrHr0DH6jezFpCb5WIoORh7fkpHCxj4F6mHfOvxRDH_vaCnEVWTd2aPQoxFlJQQ%3D
[2026-01-20 21:21:00,495] INFO: Worker 4 finished area Ленинская Искра; total collected 119
[2026-01-20 21:21:00,495] INFO: Worker 4 scanning area Маромица (7612)
[2026-01-20 21:21:00,536] ERROR: Unexpected status 403 for https://api.hh.ru/vacancies: {"errors":[{"value":"captcha_required","captcha_url":"https://hh.ru/account/captcha?state=pxvcxBozfu7ry7R4QCetFqDzUL2cbK2LGYV-JLOJ644HLrHr0DH6jezFpCb5WIoORh7fkpHCxj4F6mHfOvxRDPxP73gVgphJQt0LHblOn7c%3D
[2026-01-20 21:21:00,536] INFO: Worker 7 finished area Лебяжье (Кировская область); total collected 119
[2026-01-20 21:21:00,536] INFO: Worker 7 scanning area Медведок (7623)
[2026-01-20 21:21:00,633] ERROR: Unexpected status 403 for https://api.hh.ru/vacancies: {"errors":[{"value":"captcha_required","captcha_url":"https://hh.ru/account/captcha?state=pxvcxBozfu7ry7R4QCetFqDzUL2cbK2LGYV-JLOJ644HLrHr0DH6jezFpCb5WIoORh7fkpHCxj4F6mHfOvxRDGCX10z4CvwctT6ZSeUta70%3D
[2026-01-20 21:21:00,633] INFO: Worker 5 finished area Лесной (Кировская область); total collected 119
[2026-01-20 21:21:00,633] INFO: Worker 5 scanning area Мирный (Кировская область) (4455)
[2026-01-20 21:21:00,654] ERROR: Unexpected status 403 for https://api.hh.ru/vacancies: {"errors":[{"value":"captcha_required","captcha_url":"https://hh.ru/account/captcha?state=pxvcxBozfu7ry7R4QCetFqDzUL2cbK2LGYV-JLOJ644HLrHr0DH6jezFpCb5WIoORh7fkpHCxj4F6mHfOvxRDNTEwyfItqS2OISM1yw250M%3D
[2026-01-20 21:21:00,654] INFO: Worker 3 finished area Лесные Поляны (Кировская область); total collected 119
[2026-01-20 21:21:00,654] INFO: Worker 3 scanning area Мураши (1670)
[2026-01-20 21:21:00,783] ERROR: Unexpected status 403 for https://api.hh.ru/vacancies: {"errors":[{"value":"captcha_required","captcha_url":"https://hh.ru/account/captcha?state=pxvcxBozfu7ry7R4QCetFqDzUL2cbK2LGYV-JLOJ644HLrHr0DH6jezFpCb5WIoORh7fkpHCxj4F6mHfOvxRDIy3q2SPryY0s7ak-IGX2nc%3D
[2026-01-20 21:21:00,783] INFO: Worker 1 finished area Луза; total collected 119
[2026-01-20 21:21:00,783] INFO: Worker 1 scanning area Мурыгино (4456)
[2026-01-20 21:21:00,786] ERROR: Unexpected status 403 for https://api.hh.ru/vacancies: {"errors":[{"value":"captcha_required","captcha_url":"https://hh.ru/account/captcha?state=pxvcxBozfu7ry7R4QCetFqDzUL2cbK2LGYV-JLOJ644HLrHr0DH6jezFpCb5WIoORh7fkpHCxj4F6mHfOvxRDDrwm_4mTVza7H6EgixJJyY%3D
[2026-01-20 21:21:00,787] INFO: Worker 4 finished area Маромица; total collected 119
[2026-01-20 21:21:00,787] INFO: Worker 4 scanning area Мухино (7663)
[2026-01-20 21:21:00,850] INFO: Interrupted by user
